ФИО,Пол,Год поступления,Форма обучения,Специальность,Адрес регистрации,Телефон,Средний балл аттестата,Балл ЦТ: Математика,Балл ЦТ: Русский язык,Балл ЦТ: Физика,Балл ЦТ: Биология,Балл ЦТ: Химия,Балл ЦТ: История,Балл ЦТ: Информатика,CE_mean,Общий балл при поступлении
Иванов Дмитрий Михайлович,М,2021,очная,Прикладная математика,"Екатеринбург, ул. Ленина, д. 4, кв. 172",+375046790649,87.5,61.3,65.5,,,,,60.0,62.26666666666667,69.3
Павлова Ольга Алексеевна,Ж,2021,заочная,Медицинская биохимия,"Санкт-Петербург, ул. Советская, д. 147, кв. 172",+375026906400,80.3,,40.0,49.9,63.5,,,,51.13333333333333,59.8
Медведева Мария Петровна,Ж,2021,очная,Физика,"Краснодар, ул. Мира, д. 24, кв. 200",+375082498587,72.2,64.9,,71.0,,67.0,,,67.63333333333334,69.9
Егорова Виктория Ивановна,Ж,2021,очная,Информатика и вычислительная техника,"Пермь, ул. Советская, д. 186, кв. 186",+375708582258,76.4,73.4,65.5,,,,74.1,,71.0,71.2
Петров Александр Сергеевич,М,2021,очно-заочная,Биология,"Санкт-Петербург, ул. Центральная, д. 165, кв. 60",+375622182487,77.2,63.5,,74.0,94.3,,,,77.26666666666667,77.6
Козлов Сергей Иванович,М,2021,заочная,Информатика и вычислительная техника,"Краснодар, ул. Центральная, д. 68, кв. 119",+375121755873,74.0,,71.8,68.5,55.7,,,,65.33333333333333,67.2
Кузнецов Андрей Владимирович,М,2021,очно-заочная,Медицинская биохимия,"Москва, ул. Советская, д. 45, кв. 11",+375380115392,73.0,,,66.9,65.5,,,71.1,67.83333333333333,68.9
Фёдорова Ольга Михайловна,Ж,2021,заочная,Информатика и вычислительная техника,"Казань, ул. Школьная, д. 174, кв. 81",+375225763391,78.4,74.2,,,,,51.0,63.4,62.86666666666667,66.8
Васильева Анна Владимировна,Ж,2021,очная,Медицинская биохимия,"Воронеж, ул. Советская, д. 25, кв. 195",+375081783789,71.5,,88.1,,,63.4,,64.4,71.96666666666667,70.8
Кузьмина Александра Алексеевна,Ж,2021,заочная,Информатика и вычислительная техника,"Москва, ул. Ленина, д. 36, кв. 170",+375946930242,70.3,,66.7,,64.9,76.5,,,69.36666666666667,71.0
Попов Сергей Петрович,М,2021,очная,Прикладная математика,"Новосибирск, ул. Школьная, д. 92, кв. 113",+375685906249,67.2,,,,67.3,64.5,,78.9,70.23333333333333,69.7
Егорова Мария Петровна,Ж,2021,заочная,Химия,"Самара, ул. Центральная, д. 188, кв. 24",+375394459957,80.3,54.3,,71.7,,,,80.7,68.89999999999999,74.7
Соловьёва Александра Михайловна,Ж,2021,очная,Прикладная математика,"Нижний Новгород, ул. Школьная, д. 47, кв. 30",+375787190911,79.4,,,76.1,71.3,78.7,,,75.36666666666666,75.0
Лебедев Александр Петрович,М,2021,заочная,Прикладная математика,"Воронеж, ул. Новая, д. 117, кв. 70",+375296105825,75.5,76.2,,,62.1,,,75.1,71.13333333333334,73.8
Петров Никита Михайлович,М,2021,очная,Экономика,"Воронеж, ул. Зелёная, д. 108, кв. 167",+375204936596,83.4,65.5,60.2,,49.3,,,,58.333333333333336,67.9
Попов Роман Сергеевич,М,2021,очная,История,"Новосибирск, ул. Советская, д. 34, кв. 179",+375436657394,71.4,65.7,,71.3,,88.2,,,75.06666666666666,72.8
Иванов Дмитрий Сергеевич,М,2021,очная,История,"Москва, ул. Мира, д. 27, кв. 107",+375307045542,79.7,55.6,,,,73.2,60.6,,63.13333333333333,69.8
Морозова Ирина Сергеевна,Ж,2021,очно-заочная,Информатика и вычислительная техника,"Самара, ул. Зелёная, д. 146, кв. 174",+375471587776,77.7,,81.8,,,60.2,,70.7,70.89999999999999,74.1
Соколов Дмитрий Михайлович,М,2021,очная,Медицинская биохимия,"Краснодар, ул. Мира, д. 157, кв. 98",+375751170553,73.0,,,66.5,63.3,64.5,,,64.76666666666667,67.5
Попов Михаил Алексеевич,М,2021,очная,Экономика,"Нижний Новгород, ул. Пролетарская, д. 8, кв. 176",+375922023425,74.4,70.6,,,40.0,50.5,,,53.699999999999996,61.7
Соловьёва Александра Сергеевна,Ж,2021,очная,Прикладная математика,"Новосибирск, ул. Зелёная, д. 125, кв. 29",+375425571036,74.0,,45.5,78.1,,,,63.0,62.199999999999996,66.1
Петров Илья Алексеевич,М,2021,очная,Экономика,"Воронеж, ул. Зелёная, д. 12, кв. 17",+375922449283,78.9,,71.5,,,47.2,51.0,,56.56666666666666,63.7
Кузнецов Андрей Алексеевич,М,2021,заочная,Информатика и вычислительная техника,"Казань, ул. Школьная, д. 4, кв. 181",+375219832671,81.0,,,,69.8,65.7,,60.8,65.43333333333334,70.7
Соколов Михаил Михайлович,М,2021,очная,История,"Пермь, ул. Пролетарская, д. 186, кв. 145",+375644241350,74.8,58.0,,,68.6,,66.5,,64.36666666666666,69.6
Кузнецов Андрей Никитич,М,2021,заочная,Химия,"Екатеринбург, ул. Школьная, д. 133, кв. 134",+375935816517,73.1,,,,52.1,53.9,,63.4,56.46666666666667,61.8
Павлова Анна Ивановна,Ж,2021,очная,Биология,"Самара, ул. Советская, д. 111, кв. 170",+375644688859,78.2,,72.1,71.7,,,67.2,,70.33333333333333,72.7
Соколов Егор Михайлович,М,2021,очная,Информатика и вычислительная техника,"Екатеринбург, ул. Зелёная, д. 89, кв. 170",+375520630755,67.5,58.9,,,50.3,,,52.0,53.73333333333333,59.0
Кузнецов Дмитрий Никитич,М,2021,очно-заочная,Экономика,"Воронеж, ул. Мира, д. 143, кв. 157",+375101310675,77.6,,,57.4,,62.7,,61.0,60.36666666666667,67.4
Фёдорова Ольга Владимировна,Ж,2021,очно-заочная,Химия,"Москва, ул. Ленина, д. 165, кв. 41",+375352791405,86.8,,,,68.5,,57.7,77.1,67.76666666666667,75.4
Сидоров Михаил Михайлович,М,2021,очная,Биология,"Пермь, ул. Зелёная, д. 127, кв. 43",+375135977537,73.2,,61.0,52.2,,,57.1,,56.76666666666667,60.6
Павлова Екатерина Михайловна,Ж,2021,очная,Физика,"Санкт-Петербург, ул. Зелёная, д. 83, кв. 62",+375790336674,76.3,,,67.1,,51.7,,65.8,61.53333333333333,67.5
Соколов Роман Владимирович,М,2021,очно-заочная,Информатика и вычислительная техника,"Нижний Новгород, ул. Центральная, д. 13, кв. 130",+375678223490,83.5,72.7,52.1,,,68.7,,,64.5,71.0
Кузнецов Егор Алексеевич,М,2021,очная,Информатика и вычислительная техника,"Екатеринбург, ул. Строителей, д. 165, кв. 97",+375687436460,81.9,48.7,,49.2,,63.0,,,53.63333333333333,63.6
Фёдорова Светлана Петровна,Ж,2021,заочная,Физика,"Воронеж, ул. Победы, д. 21, кв. 118",+375092116913,77.8,66.6,,,46.7,,,62.2,58.5,65.5
Морозова Анна Алексеевна,Ж,2021,заочная,Физика,"Краснодар, ул. Пролетарская, д. 115, кв. 23",+375157934324,77.0,,58.3,,,45.0,,43.6,48.96666666666667,59.7
Егорова Екатерина Петровна,Ж,2021,очно-заочная,Информатика и вычислительная техника,"Краснодар, ул. Зелёная, д. 81, кв. 31",+375877776777,70.0,,69.3,59.5,59.1,,,,62.63333333333333,66.5
Соколов Никита Денисович,М,2021,очная,Физика,"Краснодар, ул. Ленина, д. 27, кв. 104",+375960334953,80.3,,,55.7,,60.0,,48.0,54.56666666666666,64.2
Смирнов Андрей Иванович,М,2021,очно-заочная,Прикладная математика,"Воронеж, ул. Ленина, д. 143, кв. 141",+375157765164,69.3,,,61.2,,,47.4,62.2,56.93333333333334,61.5
Медведева Мария Михайловна,Ж,2021,очная,Биология,"Москва, ул. Советская, д. 155, кв. 159",+375597726006,65.0,,,,43.8,,62.6,70.7,59.03333333333334,60.6
Петров Егор Михайлович,М,2021,очная,Биология,"Казань, ул. Строителей, д. 144, кв. 53",+375986947185,83.4,,64.4,64.9,,,,52.5,60.6,67.1
Сидоров Никита Денисович,М,2021,очная,Биология,"Краснодар, ул. Школьная, д. 94, кв. 14",+375812709660,79.7,,65.0,50.0,66.6,,,,60.53333333333333,69.1
Смирнов Александр Алексеевич,М,2021,очная,Прикладная математика,"Екатеринбург, ул. Зелёная, д. 85, кв. 144",+375873941852,82.7,52.6,,80.8,,76.0,,,69.8,74.2
Петров Андрей Михайлович,М,2021,заочная,Медицинская биохимия,"Самара, ул. Пролетарская, д. 122, кв. 184",+375682166387,73.0,69.2,68.1,,,,56.2,,64.5,67.7
Баранова Светлана Сергеевна,Ж,2021,очно-заочная,Физика,"Нижний Новгород, ул. Зелёная, д. 30, кв. 25",+375004528953,80.2,78.8,,,67.0,78.4,,,74.73333333333333,77.7
Попов Максим Алексеевич,М,2021,очно-заочная,Химия,"Екатеринбург, ул. Ленина, д. 88, кв. 91",+375678557422,74.8,64.5,84.6,,,,62.3,,70.46666666666665,70.3
Медведева Светлана Ивановна,Ж,2021,очная,Физика,"Казань, ул. Строителей, д. 134, кв. 96",+375515576785,75.4,,,,62.3,63.7,,53.3,59.76666666666667,66.7
Попов Роман Денисович,М,2021,очная,Информатика и вычислительная техника,"Санкт-Петербург, ул. Ленина, д. 43, кв. 127",+375292043884,83.2,,,,71.6,61.0,,67.2,66.60000000000001,73.6
Морозова Анна Никитична,Ж,2021,очная,История,"Новосибирск, ул. Новая, д. 28, кв. 66",+375936539103,76.5,63.6,,,,,67.3,69.6,66.83333333333333,71.3
Павлова Ирина Ивановна,Ж,2021,заочная,Экономика,"Самара, ул. Победы, д. 49, кв. 31",+375305300079,73.2,55.7,,,54.2,64.7,,,58.20000000000001,61.5
Новиков Сергей Петрович,М,2021,очная,Экономика,"Воронеж, ул. Победы, д. 118, кв. 49",+375716779640,69.2,53.6,,57.7,,,55.3,,55.53333333333334,60.4
Фёдорова Мария Петровна,Ж,2021,заочная,Биология,"Нижний Новгород, ул. Советская, д. 194, кв. 107",+375861510611,79.6,,,,75.7,65.8,,48.6,63.36666666666667,67.3
Васильева Светлана Алексеевна,Ж,2021,очная,Физика,"Москва, ул. Пролетарская, д. 32, кв. 198",+375446072383,83.8,,75.4,62.7,79.8,,,,72.63333333333334,76.7
Медведева Наталья Алексеевна,Ж,2021,очная,Химия,"Краснодар, ул. Зелёная, д. 169, кв. 151",+375946308385,72.7,77.5,,,,,71.8,59.1,69.46666666666667,71.5
Медведева Ирина Владимировна,Ж,2021,очно-заочная,Информатика и вычислительная техника,"Пермь, ул. Мира, д. 128, кв. 2",+375021808877,81.5,55.1,,64.1,71.9,,,,63.699999999999996,68.4
Медведева Ольга Сергеевна,Ж,2021,очная,Прикладная математика,"Пермь, ул. Ленина, д. 142, кв. 111",+375079260094,71.7,56.2,78.2,,56.2,,,,63.53333333333334,67.2
Егорова Ирина Никитична,Ж,2021,заочная,Медицинская биохимия,"Самара, ул. Зелёная, д. 131, кв. 200",+375476755154,81.9,48.6,55.1,,,,56.8,,53.5,63.2
Козлов Михаил Денисович,М,2021,заочная,Прикладная математика,"Новосибирск, ул. Пролетарская, д. 45, кв. 188",+375257802270,77.6,,,54.8,,,85.6,40.0,60.133333333333326,67.5
Кузнецов Дмитрий Сергеевич,М,2021,очная,Химия,"Новосибирск, ул. Советская, д. 100, кв. 169",+375421726052,79.0,78.7,65.5,,,60.3,,,68.16666666666667,72.1
Попов Дмитрий Иванович,М,2021,очная,Информатика и вычислительная техника,"Самара, ул. Пролетарская, д. 83, кв. 130",+375751564233,73.2,,68.3,82.5,,,55.6,,68.8,69.7
Козлов Роман Сергеевич,М,2021,очная,Биология,"Воронеж, ул. Новая, д. 156, кв. 178",+375590393908,79.5,,51.4,78.3,70.2,,,,66.63333333333333,70.5
Кузнецов Роман Иванович,М,2021,заочная,Физика,"Екатеринбург, ул. Центральная, д. 102, кв. 88",+375362927709,73.8,47.0,,71.1,49.7,,,,55.93333333333334,63.8
Иванов Дмитрий Сергеевич,М,2021,очная,Информатика и вычислительная техника,"Казань, ул. Зелёная, д. 35, кв. 36",+375170771358,74.9,,,,,66.2,76.3,69.2,70.56666666666666,71.9
Соколова Мария Никитична,Ж,2021,очная,Экономика,"Воронеж, ул. Пролетарская, д. 180, кв. 192",+375776812975,68.3,50.8,57.1,,,,,55.5,54.46666666666667,58.9
Козлов Дмитрий Сергеевич,М,2021,очная,Медицинская биохимия,"Пермь, ул. Центральная, д. 180, кв. 141",+375989379227,72.8,,,,61.9,,80.3,68.6,70.26666666666667,69.3
Лебедев Илья Сергеевич,М,2021,очно-заочная,Прикладная математика,"Нижний Новгород, ул. Строителей, д. 162, кв. 56",+375429028491,74.2,59.9,,70.0,,76.0,,,68.63333333333334,70.0
Васильева Светлана Денисовна,Ж,2021,очная,Медицинская биохимия,"Екатеринбург, ул. Победы, д. 160, кв. 183",+375613636605,79.3,,70.7,,66.5,63.7,,,66.96666666666665,72.7
Лебедев Сергей Владимирович,М,2021,очно-заочная,Медицинская биохимия,"Казань, ул. Школьная, д. 173, кв. 34",+375812948303,81.0,,67.3,,,66.7,,79.2,71.06666666666666,75.6
Морозова Ольга Петровна,Ж,2021,заочная,Химия,"Новосибирск, ул. Строителей, д. 139, кв. 178",+375540359938,73.8,,,,,54.7,40.7,64.9,53.43333333333334,59.4
Попов Никита Владимирович,М,2021,очная,Химия,"Нижний Новгород, ул. Советская, д. 195, кв. 91",+375478945063,76.4,73.1,66.6,,,74.4,,,71.36666666666666,72.8
Фёдорова Елена Ивановна,Ж,2021,очная,Физика,"Пермь, ул. Зелёная, д. 150, кв. 147",+375142576271,87.5,60.0,52.6,,,81.3,,,64.63333333333333,71.4
Соколова Мария Владимировна,Ж,2021,заочная,Химия,"Воронеж, ул. Строителей, д. 74, кв. 109",+375983076494,78.2,,81.0,53.5,,55.3,,,63.26666666666667,70.3
Петров Егор Сергеевич,М,2021,очная,Химия,"Москва, ул. Строителей, д. 28, кв. 7",+375647548107,74.2,,73.6,,,58.2,,48.2,60.0,65.4
Кузнецов Сергей Денисович,М,2021,заочная,Информатика и вычислительная техника,"Воронеж, ул. Мира, д. 14, кв. 172",+375269759869,67.3,,51.2,71.2,,,63.0,,61.800000000000004,64.7
Егорова Екатерина Алексеевна,Ж,2021,очная,Экономика,"Москва, ул. Победы, д. 69, кв. 193",+375471638065,72.3,64.9,,,,,59.7,48.2,57.6,63.6
Фёдорова Ирина Сергеевна,Ж,2021,очная,Биология,"Новосибирск, ул. Центральная, д. 175, кв. 65",+375740089594,72.0,,,,,62.7,62.3,62.0,62.333333333333336,67.2
Фёдорова Мария Петровна,Ж,2021,заочная,Физика,"Новосибирск, ул. Ленина, д. 177, кв. 76",+375055270059,89.3,,,64.9,,55.2,,56.1,58.73333333333334,71.2
Медведева Анна Ивановна,Ж,2021,очная,Информатика и вычислительная техника,"Екатеринбург, ул. Строителей, д. 9, кв. 92",+375050527504,72.3,58.5,,,60.5,,,68.1,62.36666666666667,64.0
Кузнецов Дмитрий Алексеевич,М,2021,очная,Биология,"Краснодар, ул. Советская, д. 158, кв. 173",+375725459068,77.7,77.4,,,,,73.2,76.7,75.76666666666667,78.3
Лебедев Никита Денисович,М,2021,очная,Медицинская биохимия,"Пермь, ул. Победы, д. 191, кв. 166",+375194935511,79.6,,,62.3,55.7,,,64.6,60.86666666666667,68.9
Соколов Сергей Иванович,М,2021,очная,Информатика и вычислительная техника,"Пермь, ул. Новая, д. 61, кв. 131",+375308662202,84.0,,,53.2,62.5,,,65.4,60.366666666666674,68.2
Егорова Екатерина Ивановна,Ж,2021,очная,История,"Казань, ул. Ленина, д. 98, кв. 100",+375233297706,77.4,57.0,,,,54.5,44.0,,51.833333333333336,62.1
Кузьмина Елена Денисовна,Ж,2021,очная,Информатика и вычислительная техника,"Воронеж, ул. Школьная, д. 142, кв. 14",+375102359437,74.3,,,72.0,60.0,,,61.9,64.63333333333334,69.0
Соколов Илья Денисович,М,2021,заочная,Химия,"Москва, ул. Центральная, д. 52, кв. 159",+375391257786,73.9,66.7,80.6,,,59.7,,,69.0,71.9
Кузнецов Максим Михайлович,М,2021,очная,Биология,"Краснодар, ул. Победы, д. 163, кв. 181",+375176726982,79.5,59.1,,57.6,55.1,,,,57.26666666666667,63.9
Иванов Сергей Иванович,М,2021,очно-заочная,Физика,"Нижний Новгород, ул. Пролетарская, д. 140, кв. 190",+375951144616,73.3,,,59.0,48.1,72.6,,,59.9,65.2
Иванов Егор Иванович,М,2021,очная,Физика,"Самара, ул. Победы, д. 199, кв. 186",+375457936591,70.8,71.3,53.6,,43.4,,,,56.1,59.3
Фёдорова Виктория Алексеевна,Ж,2021,очно-заочная,Биология,"Екатеринбург, ул. Центральная, д. 115, кв. 46",+375798493572,74.3,62.6,,64.5,,58.5,,,61.86666666666667,67.6
Медведева Анна Петровна,Ж,2021,очная,Химия,"Санкт-Петербург, ул. Мира, д. 45, кв. 189",+375903308245,69.5,72.0,78.6,,,,,61.9,70.83333333333333,72.2
Морозова Екатерина Петровна,Ж,2021,заочная,Прикладная математика,"Пермь, ул. Советская, д. 97, кв. 11",+375752503569,88.5,69.6,,,40.2,,67.6,,59.133333333333326,70.1
Соколов Сергей Петрович,М,2021,очная,Информатика и вычислительная техника,"Воронеж, ул. Центральная, д. 143, кв. 68",+375286010886,81.0,,57.3,,,,55.8,51.5,54.86666666666667,64.1
Кузнецов Роман Иванович,М,2021,очная,Химия,"Новосибирск, ул. Мира, д. 150, кв. 66",+375924368178,87.1,60.6,,59.2,,,,53.7,57.833333333333336,69.0
Морозова Виктория Владимировна,Ж,2021,очная,История,"Москва, ул. Школьная, д. 120, кв. 182",+375998968823,80.3,84.8,,,,,86.6,48.3,73.23333333333333,75.0
Баранова Виктория Никитична,Ж,2021,очная,Экономика,"Новосибирск, ул. Ленина, д. 40, кв. 83",+375192445660,86.5,63.0,,,64.2,,59.6,,62.26666666666667,71.3
Павлова Ирина Никитична,Ж,2021,очная,Медицинская биохимия,"Самара, ул. Ленина, д. 199, кв. 161",+375189150212,79.6,62.1,,,,69.0,,57.8,62.96666666666666,69.7
Кузьмина Ольга Владимировна,Ж,2021,очная,Биология,"Самара, ул. Центральная, д. 126, кв. 147",+375495893651,81.8,,,42.1,,,88.2,40.0,56.76666666666667,64.1
Смирнов Максим Денисович,М,2021,заочная,Экономика,"Пермь, ул. Школьная, д. 19, кв. 182",+375976670073,64.6,,57.5,40.0,,,,60.8,52.76666666666667,55.5
Морозова Александра Ивановна,Ж,2021,очная,Информатика и вычислительная техника,"Нижний Новгород, ул. Строителей, д. 57, кв. 48",+375474935469,71.9,55.6,71.1,,60.0,,,,62.23333333333333,66.5
Новиков Михаил Петрович,М,2021,очная,Физика,"Пермь, ул. Советская, д. 130, кв. 41",+375634233294,77.6,67.8,,60.1,,,,55.8,61.23333333333333,66.7
Козлов Дмитрий Сергеевич,М,2021,очная,Медицинская биохимия,"Воронеж, ул. Строителей, д. 138, кв. 104",+375463385315,77.8,55.4,53.6,,,62.2,,,57.06666666666666,65.9
Смирнов Андрей Алексеевич,М,2021,очно-заочная,Экономика,"Санкт-Петербург, ул. Школьная, д. 57, кв. 55",+375145326153,76.9,,,,,61.5,66.0,65.8,64.43333333333334,68.0
Петров Егор Сергеевич,М,2021,очная,Прикладная математика,"Нижний Новгород, ул. Школьная, д. 93, кв. 76",+375533386225,80.1,70.4,,,52.8,,,74.3,65.83333333333333,69.0
Кузьмина Александра Алексеевна,Ж,2021,очная,Экономика,"Екатеринбург, ул. Пролетарская, д. 136, кв. 122",+375538383114,80.4,59.1,,,,68.7,58.5,,62.1,69.1
Козлов Михаил Михайлович,М,2021,очная,История,"Пермь, ул. Ленина, д. 30, кв. 172",+375364593198,82.6,70.3,,,72.7,,,70.0,71.0,75.8
Козлов Роман Иванович,М,2021,очно-заочная,Физика,"Нижний Новгород, ул. Зелёная, д. 62, кв. 165",+375963292842,81.4,79.8,,58.7,,,69.9,,69.46666666666667,73.9
Кузьмина Светлана Петровна,Ж,2021,очно-заочная,Биология,"Самара, ул. Пролетарская, д. 63, кв. 11",+375413911706,84.6,65.7,50.4,,,,,59.7,58.6,68.4
Смирнов Максим Петрович,М,2021,очная,Информатика и вычислительная техника,"Нижний Новгород, ул. Новая, д. 30, кв. 99",+375470643691,84.7,71.5,,,47.4,,,53.2,57.366666666666674,67.0
Козлов Дмитрий Алексеевич,М,2021,заочная,Биология,"Казань, ул. Строителей, д. 186, кв. 73",+375000496197,78.4,,,81.9,51.7,49.3,,,60.966666666666676,67.8
Кузьмина Ирина Сергеевна,Ж,2021,заочная,Медицинская биохимия,"Москва, ул. Строителей, д. 198, кв. 96",+375329712290,89.9,60.6,,,,,63.5,80.5,68.2,74.0
Кузнецов Егор Михайлович,М,2021,очная,Информатика и вычислительная техника,"Пермь, ул. Строителей, д. 115, кв. 125",+375510153589,85.6,65.3,,64.4,,64.4,,,64.7,71.5
Лебедев Андрей Михайлович,М,2021,заочная,Химия,"Москва, ул. Центральная, д. 167, кв. 50",+375970785945,72.6,,,,60.5,,60.4,79.5,66.8,67.7
Петров Александр Владимирович,М,2021,очная,Прикладная математика,"Нижний Новгород, ул. Строителей, д. 22, кв. 25",+375583181981,79.8,70.3,,,52.2,61.7,,,61.4,66.2
Иванов Илья Иванович,М,2021,очная,Химия,"Новосибирск, ул. Строителей, д. 137, кв. 2",+375789898136,66.3,,45.3,,,47.5,70.4,,54.4,57.5
Васильева Александра Михайловна,Ж,2021,очная,Химия,"Санкт-Петербург, ул. Победы, д. 172, кв. 162",+375102375181,67.4,60.3,,,68.6,,60.7,,63.19999999999999,63.4
Фёдорова Екатерина Владимировна,Ж,2021,очная,Биология,"Екатеринбург, ул. Новая, д. 27, кв. 53",+375436749417,74.4,,,,58.4,65.6,,57.9,60.63333333333333,67.3
Соколова Светлана Петровна,Ж,2021,очная,Медицинская биохимия,"Пермь, ул. Новая, д. 166, кв. 19",+375195753353,72.1,69.4,,55.7,,62.8,,,62.63333333333333,65.1
Васильева Мария Ивановна,Ж,2021,заочная,Прикладная математика,"Новосибирск, ул. Ленина, д. 118, кв. 184",+375780331526,74.4,73.6,,,,,57.8,68.0,66.46666666666665,68.2
Баранова Александра Алексеевна,Ж,2021,очная,Экономика,"Нижний Новгород, ул. Ленина, д. 23, кв. 19",+375434726506,79.4,,,72.5,42.6,55.4,,,56.833333333333336,66.1
Сидоров Никита Иванович,М,2021,очная,Информатика и вычислительная техника,"Москва, ул. Мира, д. 65, кв. 143",+375608514367,84.8,63.1,65.3,,,70.7,,,66.36666666666667,72.5
Соловьёва Ирина Ивановна,Ж,2021,очная,Информатика и вычислительная техника,"Санкт-Петербург, ул. Пролетарская, д. 59, кв. 67",+375042025673,84.4,45.6,,,,72.8,,81.6,66.66666666666667,72.6
Павлова Александра Сергеевна,Ж,2021,заочная,История,"Воронеж, ул. Новая, д. 116, кв. 162",+375248585148,79.9,51.2,,,,62.6,68.4,,60.73333333333334,67.2
Соловьёва Мария Владимировна,Ж,2021,очная,Физика,"Воронеж, ул. Новая, д. 81, кв. 5",+375760366575,70.9,,56.7,,,62.7,,65.1,61.5,64.5
Васильева Виктория Сергеевна,Ж,2021,очная,История,"Воронеж, ул. Советская, д. 137, кв. 2",+375923209400,74.1,,79.5,,,51.1,70.5,,67.03333333333333,68.8
Сидоров Максим Владимирович,М,2021,очная,Экономика,"Самара, ул. Советская, д. 194, кв. 191",+375135720224,81.2,,,66.4,68.6,,,59.1,64.7,69.6
Сидоров Александр Никитич,М,2021,очная,История,"Самара, ул. Ленина, д. 180, кв. 19",+375338632525,72.4,,,,58.7,72.7,96.3,,75.89999999999999,76.2
Кузнецов Никита Михайлович,М,2021,заочная,Информатика и вычислительная техника,"Нижний Новгород, ул. Строителей, д. 28, кв. 75",+375853452737,69.8,,85.0,,66.8,,64.4,,72.06666666666668,69.9
Петров Максим Владимирович,М,2021,заочная,Биология,"Казань, ул. Пролетарская, д. 23, кв. 73",+375992968372,80.4,60.4,52.1,,,,72.7,,61.73333333333333,67.0
Фёдорова Анна Сергеевна,Ж,2021,очная,Химия,"Краснодар, ул. Новая, д. 102, кв. 170",+375626995125,77.1,,66.0,69.3,,67.8,,,67.7,71.3
Фёдорова Ольга Никитична,Ж,2021,заочная,Медицинская биохимия,"Москва, ул. Зелёная, д. 41, кв. 137",+375350902773,76.1,,,82.1,66.0,53.6,,,67.23333333333333,69.7
Кузнецов Илья Сергеевич,М,2021,очная,Химия,"Екатеринбург, ул. Мира, д. 192, кв. 101",+375576638952,84.1,,,65.2,,56.7,93.4,,71.76666666666667,75.8
Кузнецов Александр Владимирович,М,2021,заочная,Химия,"Пермь, ул. Центральная, д. 163, кв. 37",+375444788558,83.9,,64.0,,,,49.5,81.3,64.93333333333334,72.8
Смирнов Егор Петрович,М,2021,очная,Прикладная математика,"Казань, ул. Школьная, д. 3, кв. 142",+375353069586,88.1,,,84.7,54.7,66.1,,,68.5,77.0
Попов Илья Владимирович,М,2021,очная,Информатика и вычислительная техника,"Пермь, ул. Мира, д. 32, кв. 11",+375618985203,73.5,,,49.7,,,64.6,74.0,62.76666666666667,67.7
Попов Андрей Иванович,М,2021,очная,Экономика,"Москва, ул. Пролетарская, д. 153, кв. 101",+375202378259,80.0,55.1,,,,62.9,76.7,,64.89999999999999,69.1
Смирнов Дмитрий Алексеевич,М,2021,очно-заочная,Экономика,"Пермь, ул. Строителей, д. 22, кв. 79",+375453956896,77.5,,71.7,,,,74.4,46.5,64.2,70.8
Кузьмина Виктория Ивановна,Ж,2021,очная,Медицинская биохимия,"Екатеринбург, ул. Школьная, д. 55, кв. 106",+375501089986,79.4,62.9,61.6,,,58.1,,,60.86666666666667,66.8
Новиков Дмитрий Владимирович,М,2021,очная,Биология,"Пермь, ул. Мира, д. 42, кв. 48",+375153004130,70.6,64.9,,,,60.1,,60.3,61.76666666666667,63.5
Попов Егор Владимирович,М,2021,очная,Прикладная математика,"Екатеринбург, ул. Пролетарская, д. 65, кв. 50",+375359306182,69.0,,53.9,64.8,61.9,,,,60.199999999999996,63.3
Медведева Виктория Петровна,Ж,2021,очно-заочная,Физика,"Санкт-Петербург, ул. Мира, д. 172, кв. 146",+375772313812,77.2,,68.8,,,,74.6,65.5,69.63333333333333,73.2
Новиков Никита Сергеевич,М,2021,очная,Биология,"Москва, ул. Строителей, д. 119, кв. 166",+375340696835,72.3,64.7,,57.0,,,,71.9,64.53333333333335,65.6
Соколова Ирина Владимировна,Ж,2021,очно-заочная,История,"Пермь, ул. Советская, д. 75, кв. 172",+375131946099,83.0,,71.2,,40.8,,44.7,,52.23333333333333,63.5
Медведева Анна Сергеевна,Ж,2021,заочная,Биология,"Санкт-Петербург, ул. Центральная, д. 26, кв. 51",+375695577524,68.4,,,,58.2,,60.1,65.5,61.26666666666667,65.2
Соколов Егор Петрович,М,2021,очная,Биология,"Самара, ул. Зелёная, д. 85, кв. 92",+375148909456,68.9,,,74.2,,66.8,50.6,,63.86666666666667,64.7
Новиков Егор Никитич,М,2021,очно-заочная,Химия,"Новосибирск, ул. Победы, д. 26, кв. 73",+375854604136,74.9,,,,,56.1,72.5,80.9,69.83333333333333,72.4
Смирнов Дмитрий Михайлович,М,2021,очная,Биология,"Самара, ул. Советская, д. 50, кв. 82",+375451261549,68.2,,,60.0,,72.4,,80.8,71.06666666666666,69.7
Попов Никита Владимирович,М,2021,заочная,Экономика,"Краснодар, ул. Зелёная, д. 85, кв. 158",+375093130175,87.5,,48.9,71.0,71.8,,,,63.9,71.8
Козлов Илья Алексеевич,М,2021,очная,История,"Казань, ул. Пролетарская, д. 40, кв. 145",+375159868466,76.3,74.2,,,77.7,,,54.7,68.86666666666667,70.6
Егорова Ольга Владимировна,Ж,2021,очно-заочная,История,"Самара, ул. Школьная, д. 81, кв. 110",+375260895464,73.8,72.2,67.6,,58.0,,,,65.93333333333334,69.2
Новиков Максим Михайлович,М,2021,заочная,Информатика и вычислительная техника,"Новосибирск, ул. Ленина, д. 81, кв. 64",+375949696229,80.2,,63.0,,,,52.0,62.2,59.06666666666666,65.9
Козлов Никита Иванович,М,2021,заочная,Биология,"Екатеринбург, ул. Новая, д. 71, кв. 93",+375255227769,82.7,,63.5,,51.2,77.6,,,64.10000000000001,71.9
Смирнов Илья Сергеевич,М,2021,очно-заочная,Химия,"Новосибирск, ул. Школьная, д. 123, кв. 119",+375332427628,78.6,,72.0,67.2,52.8,,,,64.0,71.0
Баранова Елена Никитична,Ж,2021,очная,Биология,"Краснодар, ул. Школьная, д. 199, кв. 79",+375486651857,77.0,,,,63.8,,66.5,79.1,69.8,74.1
Лебедев Михаил Денисович,М,2021,очная,Физика,"Краснодар, ул. Строителей, д. 28, кв. 45",+375040977081,71.5,,46.1,,58.8,,,63.0,55.96666666666667,60.1
Козлов Сергей Денисович,М,2021,заочная,Физика,"Самара, ул. Советская, д. 72, кв. 36",+375809838654,81.2,51.8,,62.9,,,,54.6,56.43333333333333,63.2
Петров Максим Михайлович,М,2021,очная,Химия,"Пермь, ул. Победы, д. 68, кв. 188",+375811827873,85.9,62.9,,52.5,,,,75.0,63.46666666666667,71.1
Баранова Светлана Никитична,Ж,2021,очная,Информатика и вычислительная техника,"Санкт-Петербург, ул. Советская, д. 5, кв. 130",+375038129757,76.1,60.0,,,,56.9,,59.8,58.9,65.8
Кузнецов Дмитрий Михайлович,М,2021,заочная,Информатика и вычислительная техника,"Москва, ул. Пролетарская, д. 149, кв. 104",+375648351119,72.3,,64.1,63.8,62.2,,,,63.36666666666667,68.4
Павлова Ольга Алексеевна,Ж,2021,очно-заочная,История,"Самара, ул. Победы, д. 10, кв. 142",+375611862264,78.5,,60.0,,,42.2,74.1,,58.76666666666667,66.8
Соколова Анна Сергеевна,Ж,2021,очно-заочная,История,"Казань, ул. Строителей, д. 139, кв. 121",+375957802656,77.4,66.9,,58.9,,,,75.6,67.13333333333334,71.0
Новиков Михаил Петрович,М,2021,очная,Прикладная математика,"Новосибирск, ул. Школьная, д. 101, кв. 58",+375752160230,70.1,67.9,69.8,,,,59.6,,65.76666666666667,65.4
Егорова Наталья Сергеевна,Ж,2021,очно-заочная,Химия,"Самара, ул. Центральная, д. 35, кв. 119",+375492127565,74.4,,64.3,55.4,,,45.7,,55.133333333333326,63.2
Лебедев Никита Владимирович,М,2021,очная,Биология,"Пермь, ул. Строителей, д. 24, кв. 102",+375527665497,88.1,,54.8,61.6,,,52.5,,56.300000000000004,66.1
Васильева Ольга Ивановна,Ж,2021,очно-заочная,Медицинская биохимия,"Нижний Новгород, ул. Строителей, д. 3, кв. 170",+375488056266,69.3,,63.7,43.7,,68.8,,,58.73333333333333,60.7
Егорова Мария Сергеевна,Ж,2021,очная,Химия,"Екатеринбург, ул. Пролетарская, д. 176, кв. 43",+375160486617,73.3,55.9,59.4,,,,,64.8,60.03333333333333,66.1
Медведева Екатерина Денисовна,Ж,2021,очно-заочная,Прикладная математика,"Пермь, ул. Мира, д. 115, кв. 41",+375272961358,71.7,63.4,60.8,66.4,,,,,63.53333333333333,66.7
Козлов Александр Сергеевич,М,2021,заочная,История,"Новосибирск, ул. Пролетарская, д. 145, кв. 169",+375484970634,72.2,68.7,64.5,,,,47.5,,60.23333333333333,62.9
Фёдорова Мария Алексеевна,Ж,2021,очная,Химия,"Новосибирск, ул. Зелёная, д. 92, кв. 11",+375540818918,74.7,66.4,,,49.4,,69.8,,61.866666666666674,65.9
Козлов Михаил Никитич,М,2021,заочная,Химия,"Екатеринбург, ул. Зелёная, д. 60, кв. 17",+375585517264,80.1,,62.2,79.5,,,,72.5,71.39999999999999,72.8
Новиков Михаил Владимирович,М,2021,очная,История,"Казань, ул. Школьная, д. 60, кв. 11",+375207210372,85.3,,66.4,46.0,57.3,,,,56.56666666666666,67.2
Лебедев Андрей Алексеевич,М,2021,заочная,Экономика,"Екатеринбург, ул. Строителей, д. 93, кв. 100",+375038018126,78.6,,60.8,77.5,,,,73.2,70.5,72.5
Фёдорова Наталья Михайловна,Ж,2021,очно-заочная,Прикладная математика,"Краснодар, ул. Зелёная, д. 12, кв. 11",+375285280920,73.3,,,,50.1,68.2,,69.5,62.6,67.8
Кузьмина Ольга Денисовна,Ж,2021,очная,История,"Нижний Новгород, ул. Советская, д. 181, кв. 134",+375176118549,86.6,54.1,,,,,56.7,85.0,65.26666666666667,72.2
Смирнов Сергей Денисович,М,2021,очно-заочная,Информатика и вычислительная техника,"Казань, ул. Центральная, д. 149, кв. 140",+375586998317,65.0,,75.2,,,,70.1,65.9,70.4,68.5
Смирнов Дмитрий Сергеевич,М,2021,заочная,Биология,"Самара, ул. Мира, д. 97, кв. 168",+375383788930,81.4,,69.1,,50.8,74.7,,,64.86666666666666,68.9
Попов Илья Никитич,М,2021,очная,История,"Воронеж, ул. Школьная, д. 151, кв. 168",+375283464311,71.2,,,61.0,,,75.9,58.8,65.23333333333333,66.4
Морозова Светлана Алексеевна,Ж,2021,очная,Прикладная математика,"Санкт-Петербург, ул. Строителей, д. 65, кв. 97",+375399872842,77.1,,63.3,,72.0,69.4,,,68.23333333333333,72.0
Кузнецов Максим Владимирович,М,2021,очно-заочная,Физика,"Екатеринбург, ул. Строителей, д. 104, кв. 91",+375493749783,80.8,68.2,,,,53.0,78.2,,66.46666666666667,72.4
Павлова Екатерина Петровна,Ж,2021,заочная,Информатика и вычислительная техника,"Нижний Новгород, ул. Зелёная, д. 124, кв. 155",+375615766764,67.8,,57.6,79.9,,63.0,,,66.83333333333333,66.1
Соколов Никита Никитич,М,2021,очно-заочная,Физика,"Москва, ул. Строителей, д. 36, кв. 113",+375692468136,78.2,,71.5,65.1,,,,59.8,65.46666666666665,69.9
Фёдорова Светлана Владимировна,Ж,2021,очно-заочная,Медицинская биохимия,"Новосибирск, ул. Победы, д. 20, кв. 132",+375018969652,78.7,64.4,60.4,67.1,,,,,63.96666666666667,70.4
Кузнецов Александр Владимирович,М,2021,очная,История,"Казань, ул. Победы, д. 39, кв. 48",+375921534252,86.2,,68.0,,,49.7,,78.2,65.3,72.1
Новиков Никита Иванович,М,2021,заочная,Информатика и вычислительная техника,"Новосибирск, ул. Школьная, д. 155, кв. 184",+375783862602,93.7,,51.4,,65.5,71.4,,,62.76666666666667,72.1
Соколов Роман Денисович,М,2021,очная,Биология,"Санкт-Петербург, ул. Победы, д. 107, кв. 85",+375536208572,68.1,74.4,,,64.1,,63.6,,67.36666666666666,67.4
Соловьёва Анна Михайловна,Ж,2021,очная,История,"Санкт-Петербург, ул. Зелёная, д. 173, кв. 123",+375713290691,85.9,,,,,72.6,68.6,69.7,70.3,76.2
Егорова Елена Сергеевна,Ж,2021,очная,Биология,"Краснодар, ул. Победы, д. 152, кв. 42",+375385716586,77.2,57.9,69.0,,,72.7,,,66.53333333333335,68.3
Кузнецов Михаил Михайлович,М,2021,очная,Экономика,"Воронеж, ул. Ленина, д. 63, кв. 12",+375079212529,72.5,,,,68.6,76.5,60.0,,68.36666666666666,69.2
Фёдорова Елена Ивановна,Ж,2021,очная,Химия,"Новосибирск, ул. Пролетарская, д. 152, кв. 42",+375457672356,79.6,,,70.0,54.0,56.2,,,60.06666666666666,67.3
Соловьёва Елена Владимировна,Ж,2021,очная,Физика,"Новосибирск, ул. Строителей, д. 11, кв. 147",+375807753225,69.6,,47.5,69.3,62.4,,,,59.73333333333333,65.0
Фёдорова Екатерина Алексеевна,Ж,2021,очно-заочная,Информатика и вычислительная техника,"Новосибирск, ул. Ленина, д. 43, кв. 67",+375760566894,69.9,,,71.8,,65.8,91.7,,76.43333333333334,73.8
Медведева Виктория Ивановна,Ж,2021,очная,Биология,"Новосибирск, ул. Строителей, д. 104, кв. 154",+375013480242,67.0,,,,53.6,,59.1,64.7,59.13333333333333,60.5
Новиков Никита Иванович,М,2021,очная,Прикладная математика,"Самара, ул. Ленина, д. 185, кв. 187",+375323073611,80.7,,,59.2,70.0,87.1,,,72.1,75.2
Соколов Дмитрий Алексеевич,М,2021,очная,Биология,"Казань, ул. Советская, д. 56, кв. 115",+375515136728,79.4,,,,48.1,68.0,64.6,,60.23333333333333,66.1
Васильева Наталья Ивановна,Ж,2021,очная,Прикладная математика,"Самара, ул. Зелёная, д. 124, кв. 44",+375177300181,72.5,59.4,60.9,,,,62.4,,60.9,63.8
Егорова Ирина Никитична,Ж,2021,очная,История,"Екатеринбург, ул. Новая, д. 154, кв. 37",+375156685751,86.5,,61.7,,84.4,,,72.6,72.9,78.0
Фёдорова Ольга Никитична,Ж,2021,очная,Информатика и вычислительная техника,"Самара, ул. Мира, д. 160, кв. 169",+375048734452,73.4,,51.7,,68.5,,,64.6,61.6,67.4
Соколов Егор Михайлович,М,2021,очная,Биология,"Пермь, ул. Центральная, д. 43, кв. 186",+375419009613,85.1,,69.2,64.4,71.9,,,,68.50000000000001,75.7
Смирнов Никита Петрович,М,2021,очно-заочная,Медицинская биохимия,"Нижний Новгород, ул. Зелёная, д. 153, кв. 152",+375461506844,78.1,,71.6,,79.8,74.7,,,75.36666666666666,75.1
Соколова Наталья Ивановна,Ж,2021,очная,Биология,"Санкт-Петербург, ул. Победы, д. 97, кв. 99",+375328478498,73.3,,,69.7,,,54.6,72.4,65.56666666666668,69.3
Павлова Александра Петровна,Ж,2021,очная,Экономика,"Новосибирск, ул. Советская, д. 5, кв. 52",+375183555165,76.7,60.1,55.5,,,75.0,,,63.53333333333333,67.1
Соколова Анна Сергеевна,Ж,2021,очная,Медицинская биохимия,"Пермь, ул. Строителей, д. 176, кв. 108",+375016000733,69.9,54.4,,49.9,,,,54.5,52.93333333333334,58.0
Соколова Ольга Алексеевна,Ж,2021,заочная,Информатика и вычислительная техника,"Новосибирск, ул. Пролетарская, д. 25, кв. 46",+375109863516,78.7,,,69.6,67.5,64.5,,,67.2,72.9
Васильева Ольга Денисовна,Ж,2021,очная,Экономика,"Краснодар, ул. Пролетарская, д. 154, кв. 10",+375197707150,77.6,70.3,78.4,,,70.4,,,73.03333333333333,76.3
Новиков Дмитрий Сергеевич,М,2021,очная,Биология,"Пермь, ул. Строителей, д. 193, кв. 31",+375469016529,80.6,,,,62.4,62.3,63.0,,62.56666666666666,67.6
Смирнов Михаил Никитич,М,2021,очная,Прикладная математика,"Санкт-Петербург, ул. Зелёная, д. 169, кв. 34",+375193267196,82.7,,,69.9,58.7,,61.3,,63.30000000000001,68.3
Баранова Екатерина Петровна,Ж,2021,очная,Биология,"Самара, ул. Строителей, д. 1, кв. 199",+375755903031,78.1,,,,55.4,,75.7,78.3,69.8,71.9
Кузьмина Екатерина Петровна,Ж,2021,очная,Физика,"Воронеж, ул. Строителей, д. 108, кв. 95",+375498927253,68.5,,,80.8,60.9,,,61.3,67.66666666666667,68.3
Иванов Роман Михайлович,М,2021,очная,История,"Москва, ул. Строителей, д. 110, кв. 59",+375757050076,83.0,67.2,,66.9,56.1,,,,63.400000000000006,71.8
Соколов Роман Владимирович,М,2021,очная,Химия,"Краснодар, ул. Новая, д. 90, кв. 151",+375258625328,77.5,,67.3,,57.3,,,73.3,65.96666666666665,68.5
Морозова Ольга Сергеевна,Ж,2021,очная,Прикладная математика,"Самара, ул. Советская, д. 109, кв. 35",+375910169056,66.0,58.4,,42.2,,,67.3,,55.96666666666666,59.1
Смирнов Дмитрий Петрович,М,2021,очная,Физика,"Казань, ул. Зелёная, д. 197, кв. 60",+375875276281,79.3,71.3,,69.4,,,,45.6,62.099999999999994,67.2
Иванов Роман Никитич,М,2021,очно-заочная,Медицинская биохимия,"Санкт-Петербург, ул. Центральная, д. 154, кв. 140",+375210345402,79.7,,,,,65.6,40.0,59.5,55.03333333333333,61.7
Егорова Светлана Никитична,Ж,2021,заочная,История,"Воронеж, ул. Центральная, д. 49, кв. 2",+375044579039,75.2,47.9,,,,63.6,56.5,,56.0,63.9
Медведева Мария Никитична,Ж,2021,очно-заочная,Информатика и вычислительная техника,"Москва, ул. Пролетарская, д. 134, кв. 31",+375086646136,76.2,,55.0,55.9,,,,58.0,56.300000000000004,64.5
Егорова Анна Денисовна,Ж,2021,заочная,Прикладная математика,"Пермь, ул. Ленина, д. 97, кв. 168",+375219104558,73.8,66.8,,,,,67.1,69.2,67.69999999999999,68.7
Соколов Дмитрий Никитич,М,2021,очная,Химия,"Екатеринбург, ул. Школьная, д. 105, кв. 93",+375305495215,79.9,50.5,,75.4,,65.4,,,63.76666666666667,68.0
Васильева Наталья Владимировна,Ж,2021,очная,История,"Санкт-Петербург, ул. Мира, д. 110, кв. 167",+375066969036,78.2,,88.3,46.8,,,,45.5,60.199999999999996,65.1
Козлов Максим Михайлович,М,2021,очная,Медицинская биохимия,"Самара, ул. Центральная, д. 67, кв. 138",+375841690656,72.0,,,65.5,,,81.3,57.4,68.06666666666668,69.3
Козлов Роман Денисович,М,2021,очная,Экономика,"Воронеж, ул. Пролетарская, д. 94, кв. 157",+375922610886,87.1,,,49.0,,,63.2,69.5,60.56666666666666,68.8
Егорова Наталья Михайловна,Ж,2021,заочная,Экономика,"Казань, ул. Новая, д. 194, кв. 53",+375629168035,73.4,,67.5,,,56.8,56.8,,60.36666666666667,65.0
Павлова Александра Петровна,Ж,2021,очная,Химия,"Воронеж, ул. Строителей, д. 143, кв. 124",+375696913400,61.2,,62.2,,,49.1,70.4,,60.56666666666667,60.3
Фёдорова Ирина Сергеевна,Ж,2021,заочная,Информатика и вычислительная техника,"Новосибирск, ул. Школьная, д. 144, кв. 143",+375929278019,74.6,88.1,,61.1,,,,54.2,67.8,69.0
Баранова Наталья Владимировна,Ж,2022,очная,Информатика и вычислительная техника,"Краснодар, ул. Центральная, д. 79, кв. 148",+375131686590,83.9,,,61.7,40.0,,,66.6,56.1,66.8
Соколова Александра Денисовна,Ж,2022,заочная,Медицинская биохимия,"Нижний Новгород, ул. Новая, д. 189, кв. 36",+375984458777,76.5,59.3,,,47.5,63.4,,,56.73333333333333,62.3
Сидоров Егор Денисович,М,2022,очная,Прикладная математика,"Санкт-Петербург, ул. Победы, д. 115, кв. 180",+375007481878,67.9,,,,73.4,63.6,61.7,,66.23333333333333,68.0
Попов Сергей Михайлович,М,2022,очная,Медицинская биохимия,"Новосибирск, ул. Советская, д. 55, кв. 131",+375300417944,71.5,,56.8,,54.3,,,59.2,56.76666666666667,62.2
Смирнов Егор Михайлович,М,2022,очная,Биология,"Воронеж, ул. Школьная, д. 141, кв. 158",+375167901934,71.2,,66.9,,,,48.4,50.2,55.166666666666664,62.1
Иванов Андрей Сергеевич,М,2022,очная,Информатика и вычислительная техника,"Москва, ул. Мира, д. 100, кв. 163",+375108031377,74.2,,69.2,,60.2,62.8,,,64.06666666666666,65.6
Павлова Мария Владимировна,Ж,2022,очная,История,"Москва, ул. Советская, д. 38, кв. 121",+375846293989,76.1,,,,65.6,71.8,,58.6,65.33333333333333,70.1
Козлов Михаил Сергеевич,М,2022,очная,Биология,"Самара, ул. Новая, д. 23, кв. 17",+375901421092,80.7,,,49.2,79.7,,86.0,,71.63333333333334,73.0
Фёдорова Наталья Денисовна,Ж,2022,заочная,Экономика,"Казань, ул. Победы, д. 95, кв. 21",+375000720692,78.5,85.2,,66.2,,,,55.3,68.89999999999999,74.1
Морозова Анна Михайловна,Ж,2022,очная,Экономика,"Самара, ул. Ленина, д. 186, кв. 99",+375733456375,78.8,,61.2,,66.6,,,59.5,62.43333333333334,69.0
Егорова Ольга Сергеевна,Ж,2022,очная,Физика,"Воронеж, ул. Пролетарская, д. 168, кв. 134",+375008959765,88.4,,,,59.2,,59.1,63.8,60.70000000000001,69.7
Новиков Илья Никитич,М,2022,очная,Химия,"Казань, ул. Пролетарская, д. 15, кв. 199",+375368996098,82.9,,60.2,,62.1,,57.3,,59.866666666666674,67.2
Медведева Наталья Никитична,Ж,2022,очно-заочная,Биология,"Новосибирск, ул. Зелёная, д. 113, кв. 3",+375323391090,82.3,63.1,,,,76.4,,54.1,64.53333333333333,72.2
Козлов Никита Никитич,М,2022,очная,Химия,"Екатеринбург, ул. Строителей, д. 74, кв. 50",+375719437198,66.8,,46.3,81.4,,52.1,,,59.93333333333334,63.9
Лебедев Егор Михайлович,М,2022,очная,Медицинская биохимия,"Москва, ул. Пролетарская, д. 131, кв. 133",+375660133267,73.2,,65.7,54.1,,,,64.6,61.46666666666667,67.1
Кузьмина Ирина Сергеевна,Ж,2022,очная,Биология,"Екатеринбург, ул. Пролетарская, д. 44, кв. 173",+375132153513,68.1,53.1,,,75.0,,77.2,,68.43333333333334,69.6
Кузнецов Дмитрий Никитич,М,2022,очная,Медицинская биохимия,"Москва, ул. Школьная, д. 62, кв. 168",+375542762534,73.1,,,61.6,,,58.3,64.1,61.333333333333336,66.7
Козлов Дмитрий Алексеевич,М,2022,очно-заочная,Физика,"Москва, ул. Мира, д. 23, кв. 71",+375464294644,82.5,,65.3,81.6,75.9,,,,74.26666666666667,77.4
Павлова Ольга Денисовна,Ж,2022,очная,Информатика и вычислительная техника,"Воронеж, ул. Школьная, д. 172, кв. 102",+375825094748,75.3,,,,78.4,,65.0,63.2,68.86666666666667,69.2
Новиков Илья Михайлович,М,2022,очная,Экономика,"Воронеж, ул. Пролетарская, д. 52, кв. 133",+375579726695,84.1,,,,,76.7,66.0,60.9,67.86666666666666,71.9
Павлова Мария Михайловна,Ж,2022,очно-заочная,Физика,"Москва, ул. Советская, д. 24, кв. 141",+375618990022,81.9,,,56.9,,68.9,,70.7,65.5,71.8
Соловьёва Ольга Алексеевна,Ж,2022,очная,Экономика,"Казань, ул. Строителей, д. 150, кв. 90",+375063919458,78.0,45.7,,,,55.1,,55.1,51.96666666666667,60.7
Соколова Ирина Алексеевна,Ж,2022,очная,Информатика и вычислительная техника,"Нижний Новгород, ул. Центральная, д. 58, кв. 156",+375314210915,84.3,,71.4,50.3,,,,70.7,64.13333333333334,71.5
Иванов Илья Иванович,М,2022,очная,Медицинская биохимия,"Екатеринбург, ул. Зелёная, д. 104, кв. 148",+375728817943,85.9,,,,,72.5,68.1,69.3,69.96666666666665,74.5
Смирнов Андрей Алексеевич,М,2022,заочная,Информатика и вычислительная техника,"Москва, ул. Центральная, д. 45, кв. 105",+375943739514,80.4,,,,79.6,62.3,,77.8,73.23333333333333,76.3
Морозова Наталья Ивановна,Ж,2022,очная,Экономика,"Пермь, ул. Советская, д. 144, кв. 19",+375541637668,79.1,,65.0,,51.8,,,63.8,60.199999999999996,65.8
Смирнов Роман Денисович,М,2022,заочная,Экономика,"Пермь, ул. Центральная, д. 88, кв. 30",+375095555969,81.5,54.1,,,63.5,57.6,,,58.4,66.3
Фёдорова Наталья Никитична,Ж,2022,очная,Химия,"Пермь, ул. Центральная, д. 138, кв. 148",+375502157297,69.3,61.4,55.0,,70.3,,,,62.23333333333333,64.6
Соколова Екатерина Михайловна,Ж,2022,очная,История,"Казань, ул. Зелёная, д. 97, кв. 145",+375747548670,77.0,,,71.5,56.9,60.1,,,62.833333333333336,66.5
Морозова Наталья Петровна,Ж,2022,очная,Физика,"Краснодар, ул. Победы, д. 194, кв. 87",+375178399839,77.6,54.1,,57.6,,,58.1,,56.6,65.5
Лебедев Никита Петрович,М,2022,заочная,Биология,"Краснодар, ул. Зелёная, д. 151, кв. 8",+375998618376,75.5,74.8,64.4,,,65.6,,,68.26666666666667,70.9
Иванов Роман Алексеевич,М,2022,очная,Экономика,"Краснодар, ул. Советская, д. 67, кв. 18",+375670411041,73.0,64.8,65.1,,,63.6,,,64.49999999999999,68.9
Баранова Екатерина Михайловна,Ж,2022,заочная,Физика,"Воронеж, ул. Победы, д. 174, кв. 180",+375322151774,83.7,65.2,73.2,,62.0,,,,66.8,71.8
Кузнецов Дмитрий Петрович,М,2022,заочная,Химия,"Екатеринбург, ул. Школьная, д. 106, кв. 91",+375963019930,78.7,40.0,41.6,,79.5,,,,53.699999999999996,61.1
Соколов Андрей Сергеевич,М,2022,очная,Информатика и вычислительная техника,"Пермь, ул. Строителей, д. 3, кв. 180",+375783921429,79.3,,70.0,63.6,,,58.8,,64.13333333333333,67.5
Егорова Светлана Денисовна,Ж,2022,очная,Химия,"Казань, ул. Победы, д. 74, кв. 24",+375650714871,86.2,,,85.7,,67.8,58.3,,70.60000000000001,74.4
Кузьмина Наталья Владимировна,Ж,2022,очная,Прикладная математика,"Воронеж, ул. Школьная, д. 20, кв. 142",+375849522979,76.5,62.8,,,53.9,,,45.6,54.099999999999994,60.5
Баранова Ирина Ивановна,Ж,2022,очная,Прикладная математика,"Новосибирск, ул. Зелёная, д. 81, кв. 91",+375911451469,75.4,60.9,,75.0,,64.1,,,66.66666666666667,68.0
Морозова Виктория Сергеевна,Ж,2022,заочная,Биология,"Екатеринбург, ул. Пролетарская, д. 69, кв. 47",+375976784493,85.9,,50.2,79.0,70.4,,,,66.53333333333333,74.9
Смирнов Сергей Петрович,М,2022,заочная,Химия,"Екатеринбург, ул. Зелёная, д. 189, кв. 52",+375841976723,68.8,55.8,63.4,,74.9,,,,64.7,67.8
Павлова Екатерина Алексеевна,Ж,2022,очная,Медицинская биохимия,"Екатеринбург, ул. Победы, д. 68, кв. 53",+375450394640,78.0,,72.3,,61.4,65.6,,,66.43333333333332,72.2
Морозова Светлана Алексеевна,Ж,2022,очная,Биология,"Екатеринбург, ул. Победы, д. 64, кв. 159",+375676374989,73.3,68.6,,,68.0,,73.2,,69.93333333333334,73.0
Соколов Александр Денисович,М,2022,очно-заочная,Медицинская биохимия,"Нижний Новгород, ул. Мира, д. 200, кв. 28",+375408453572,79.5,,53.1,,42.5,,74.4,,56.666666666666664,64.6
Лебедев Роман Михайлович,М,2022,очная,Биология,"Санкт-Петербург, ул. Советская, д. 174, кв. 170",+375411699953,81.1,,54.0,71.1,,,,57.8,60.96666666666666,68.1
Павлова Анна Михайловна,Ж,2022,заочная,Прикладная математика,"Краснодар, ул. Пролетарская, д. 2, кв. 196",+375406787429,81.5,,,,49.1,,57.5,68.3,58.29999999999999,64.9
Фёдорова Ирина Петровна,Ж,2022,очная,Биология,"Пермь, ул. Ленина, д. 124, кв. 96",+375854252953,83.9,,50.7,,,52.7,43.7,,49.03333333333334,59.8
Кузьмина Ольга Сергеевна,Ж,2022,очно-заочная,Прикладная математика,"Самара, ул. Школьная, д. 127, кв. 148",+375173861342,76.2,,57.1,58.4,,68.5,,,61.333333333333336,67.6
Морозова Елена Сергеевна,Ж,2022,очная,Экономика,"Казань, ул. Зелёная, д. 47, кв. 196",+375841286183,76.6,,,,68.1,78.5,72.2,,72.93333333333334,75.6
Смирнов Максим Алексеевич,М,2022,очная,Информатика и вычислительная техника,"Пермь, ул. Центральная, д. 102, кв. 57",+375819341906,80.9,73.2,47.0,80.8,,,,,67.0,73.0
Иванов Дмитрий Алексеевич,М,2022,очная,Медицинская биохимия,"Самара, ул. Мира, д. 14, кв. 135",+375907295690,83.0,65.8,64.2,,62.3,,,,64.10000000000001,72.1
Баранова Ирина Михайловна,Ж,2022,очная,Химия,"Воронеж, ул. Зелёная, д. 139, кв. 9",+375565308366,69.9,,,,66.7,67.7,,62.8,65.73333333333333,66.3
Морозова Наталья Денисовна,Ж,2022,очная,Экономика,"Пермь, ул. Школьная, д. 101, кв. 176",+375107767216,79.6,,60.3,,,72.7,,63.5,65.5,70.3
Егорова Ирина Михайловна,Ж,2022,очно-заочная,Экономика,"Новосибирск, ул. Зелёная, д. 31, кв. 179",+375709833250,75.3,,,47.4,48.4,74.5,,,56.76666666666667,63.1
Медведева Светлана Денисовна,Ж,2022,заочная,Биология,"Пермь, ул. Зелёная, д. 81, кв. 177",+375518160647,78.2,,,,56.2,42.4,,72.2,56.93333333333334,66.4
Петров Михаил Иванович,М,2022,очная,Прикладная математика,"Москва, ул. Ленина, д. 173, кв. 54",+375396543644,75.6,65.8,,,,,46.8,59.5,57.36666666666667,65.5
Попов Никита Михайлович,М,2022,очная,Физика,"Воронеж, ул. Пролетарская, д. 26, кв. 84",+375014213333,73.4,,,55.1,46.5,,49.8,,50.46666666666666,58.9
Морозова Анна Сергеевна,Ж,2022,очная,Медицинская биохимия,"Нижний Новгород, ул. Пролетарская, д. 67, кв. 48",+375268431146,71.6,,,82.4,,,61.7,49.9,64.66666666666667,65.6
Баранова Виктория Ивановна,Ж,2022,очная,Экономика,"Пермь, ул. Центральная, д. 61, кв. 69",+375998649995,76.8,,60.8,,56.7,66.9,,,61.46666666666667,65.9
Баранова Ирина Ивановна,Ж,2022,очная,Биология,"Краснодар, ул. Пролетарская, д. 88, кв. 94",+375247006440,79.9,,60.4,,50.7,,78.6,,63.23333333333333,68.5
Фёдорова Екатерина Денисовна,Ж,2022,очная,История,"Новосибирск, ул. Зелёная, д. 109, кв. 54",+375804983752,74.1,,,,62.8,55.0,47.2,,55.0,63.2
Васильева Ирина Владимировна,Ж,2022,очная,Информатика и вычислительная техника,"Воронеж, ул. Школьная, д. 94, кв. 103",+375310700399,84.8,,47.2,,44.7,,,56.2,49.366666666666674,60.5
Петров Михаил Денисович,М,2022,очная,Информатика и вычислительная техника,"Казань, ул. Зелёная, д. 47, кв. 147",+375580694763,92.5,66.8,,,,64.7,54.8,,62.1,71.6
Соколов Егор Никитич,М,2022,очная,Физика,"Новосибирск, ул. Пролетарская, д. 176, кв. 59",+375355847415,80.2,52.4,,,52.5,,61.7,,55.53333333333334,63.6
Петров Егор Алексеевич,М,2022,очная,Прикладная математика,"Санкт-Петербург, ул. Центральная, д. 61, кв. 143",+375820029428,77.5,,69.8,66.8,,,,45.6,60.73333333333333,68.3
Егорова Александра Денисовна,Ж,2022,заочная,Биология,"Воронеж, ул. Новая, д. 51, кв. 38",+375728563314,72.2,,,47.9,,92.3,64.0,,68.06666666666666,69.5
Соколов Илья Иванович,М,2022,очная,Медицинская биохимия,"Новосибирск, ул. Зелёная, д. 3, кв. 46",+375766524068,79.9,71.1,86.2,,,,86.9,,81.4,81.5
Петров Михаил Никитич,М,2022,очно-заочная,Прикладная математика,"Воронеж, ул. Зелёная, д. 35, кв. 162",+375012276599,86.6,,,,73.8,73.7,,58.5,68.66666666666667,74.5
Соловьёва Ирина Петровна,Ж,2022,очная,Информатика и вычислительная техника,"Пермь, ул. Строителей, д. 185, кв. 81",+375380132046,89.4,53.4,,63.6,,,,51.9,56.300000000000004,66.6
Козлов Никита Иванович,М,2022,очная,Прикладная математика,"Краснодар, ул. Центральная, д. 65, кв. 144",+375145606373,86.1,76.8,,,,64.2,,60.1,67.03333333333333,72.6
Фёдорова Светлана Владимировна,Ж,2022,очно-заочная,Информатика и вычислительная техника,"Самара, ул. Ленина, д. 102, кв. 26",+375584378327,82.8,,,51.5,49.5,,,76.6,59.199999999999996,68.7
Кузнецов Александр Никитич,М,2022,очно-заочная,Прикладная математика,"Новосибирск, ул. Ленина, д. 56, кв. 66",+375419821072,80.2,,71.9,67.2,73.2,,,,70.76666666666667,75.6
Лебедев Роман Денисович,М,2022,заочная,Физика,"Краснодар, ул. Советская, д. 116, кв. 191",+375600872523,71.4,70.9,68.6,,,73.1,,,70.86666666666666,71.0
Павлова Анна Михайловна,Ж,2022,очная,Химия,"Нижний Новгород, ул. Центральная, д. 93, кв. 93",+375040096511,77.1,72.3,,,67.2,,63.4,,67.63333333333334,70.4
Сидоров Андрей Михайлович,М,2022,очная,Физика,"Пермь, ул. Строителей, д. 66, кв. 89",+375601751631,76.4,,,,89.5,,61.6,70.7,73.93333333333334,76.0
Лебедев Михаил Петрович,М,2022,очно-заочная,Физика,"Москва, ул. Новая, д. 32, кв. 90",+375588722143,77.1,,,59.4,60.2,,,42.7,54.1,62.8
Баранова Анна Сергеевна,Ж,2022,очная,Химия,"Самара, ул. Победы, д. 148, кв. 148",+375638156356,73.4,,54.3,,50.7,,,65.1,56.699999999999996,60.7
Кузьмина Екатерина Ивановна,Ж,2022,очная,Химия,"Пермь, ул. Мира, д. 200, кв. 73",+375378068941,82.2,60.1,,64.7,,,,76.4,67.06666666666668,71.8
Соколов Андрей Петрович,М,2022,очная,Экономика,"Нижний Новгород, ул. Школьная, д. 173, кв. 131",+375956119903,76.1,58.0,64.4,,,,82.9,,68.43333333333334,71.8
Морозова Ольга Денисовна,Ж,2022,очная,Экономика,"Краснодар, ул. Зелёная, д. 21, кв. 98",+375682666151,75.6,,,53.7,72.1,,71.6,,65.8,69.5
Сидоров Дмитрий Денисович,М,2022,заочная,Биология,"Самара, ул. Центральная, д. 119, кв. 162",+375592151412,73.4,46.5,,,66.2,,,65.0,59.23333333333333,66.1
Козлов Илья Михайлович,М,2022,очная,Медицинская биохимия,"Новосибирск, ул. Мира, д. 164, кв. 87",+375255922067,79.1,52.0,67.5,,,66.1,,,61.86666666666667,69.4
Фёдорова Елена Денисовна,Ж,2022,очная,Медицинская биохимия,"Воронеж, ул. Пролетарская, д. 147, кв. 104",+375139670352,86.7,,61.5,,58.5,,62.1,,60.699999999999996,68.0
Фёдорова Ольга Алексеевна,Ж,2022,очная,Биология,"Санкт-Петербург, ул. Советская, д. 42, кв. 88",+375498247537,77.6,,72.7,62.5,58.4,,,,64.53333333333333,70.0
Павлова Елена Алексеевна,Ж,2022,очная,Физика,"Екатеринбург, ул. Школьная, д. 82, кв. 168",+375223847527,79.4,57.3,56.4,,,88.4,,,67.36666666666666,70.9
Кузьмина Мария Владимировна,Ж,2022,очная,Физика,"Казань, ул. Центральная, д. 155, кв. 166",+375873503702,89.3,71.3,55.5,72.0,,,,,66.26666666666667,75.1
Медведева Александра Михайловна,Ж,2022,очная,Информатика и вычислительная техника,"Воронеж, ул. Центральная, д. 114, кв. 200",+375081831395,84.9,66.8,,,62.3,55.9,,,61.666666666666664,70.3
Смирнов Александр Михайлович,М,2022,очная,Информатика и вычислительная техника,"Нижний Новгород, ул. Пролетарская, д. 134, кв. 116",+375622974366,81.2,79.4,64.1,,,,75.6,,73.03333333333333,75.9
Новиков Роман Денисович,М,2022,заочная,Медицинская биохимия,"Воронеж, ул. Мира, д. 48, кв. 6",+375884790875,81.0,,61.4,85.7,,,40.0,,62.36666666666667,70.3
Фёдорова Екатерина Денисовна,Ж,2022,очная,Биология,"Новосибирск, ул. Победы, д. 170, кв. 65",+375227496479,74.1,,66.7,68.5,79.9,,,,71.7,73.4
Попов Егор Владимирович,М,2022,очная,История,"Санкт-Петербург, ул. Победы, д. 43, кв. 102",+375931276158,73.5,63.8,68.5,,,,87.1,,73.13333333333334,74.8
Попов Михаил Сергеевич,М,2022,заочная,Экономика,"Санкт-Петербург, ул. Советская, д. 17, кв. 122",+375381186605,78.5,,64.1,,,54.6,54.8,,57.833333333333336,64.2
Новиков Сергей Владимирович,М,2022,очно-заочная,История,"Пермь, ул. Ленина, д. 7, кв. 198",+375655153807,78.7,73.0,,,60.4,,75.8,,69.73333333333333,72.3
Соколов Сергей Иванович,М,2022,очная,Биология,"Воронеж, ул. Строителей, д. 196, кв. 22",+375403051461,72.6,,,,,75.1,63.6,67.8,68.83333333333333,70.6
Фёдорова Александра Владимировна,Ж,2022,очная,Информатика и вычислительная техника,"Санкт-Петербург, ул. Центральная, д. 159, кв. 40",+375554429916,81.9,64.2,,,,,70.8,58.8,64.60000000000001,72.5
Васильева Елена Денисовна,Ж,2022,очная,Медицинская биохимия,"Санкт-Петербург, ул. Новая, д. 80, кв. 59",+375055211846,76.0,,,66.8,70.1,,70.7,,69.19999999999999,71.1
Васильева Анна Никитична,Ж,2022,очно-заочная,Медицинская биохимия,"Екатеринбург, ул. Центральная, д. 114, кв. 161",+375463799694,84.5,65.4,,,80.9,61.1,,,69.13333333333334,72.6
Лебедев Дмитрий Петрович,М,2022,заочная,Информатика и вычислительная техника,"Новосибирск, ул. Мира, д. 135, кв. 44",+375546149285,77.4,55.4,,,62.6,,,66.2,61.4,66.8
Лебедев Андрей Иванович,М,2022,очно-заочная,История,"Москва, ул. Ленина, д. 170, кв. 92",+375926327305,76.8,,81.2,,,,50.2,69.6,67.0,70.6
Соколов Максим Алексеевич,М,2022,очная,Прикладная математика,"Нижний Новгород, ул. Зелёная, д. 120, кв. 139",+375904651310,72.1,,61.0,52.8,,,57.1,,56.96666666666667,63.5
Лебедев Дмитрий Михайлович,М,2022,очно-заочная,Прикладная математика,"Казань, ул. Строителей, д. 114, кв. 35",+375226085322,72.7,58.5,,,55.9,,,59.4,57.93333333333334,64.0
Баранова Александра Владимировна,Ж,2022,очная,Информатика и вычислительная техника,"Пермь, ул. Мира, д. 152, кв. 153",+375119481159,85.6,71.6,,86.3,,,,66.0,74.63333333333333,80.3
Соловьёва Мария Владимировна,Ж,2022,очная,Прикладная математика,"Краснодар, ул. Пролетарская, д. 112, кв. 135",+375135405029,79.3,59.6,82.1,,,,,69.1,70.26666666666667,74.6
Фёдорова Александра Ивановна,Ж,2022,очная,Химия,"Пермь, ул. Центральная, д. 89, кв. 124",+375494959740,80.0,90.8,58.2,,,,,55.5,68.16666666666667,71.5
Петров Роман Сергеевич,М,2022,заочная,Биология,"Пермь, ул. Победы, д. 23, кв. 114",+375423764155,87.3,80.8,50.1,,,,50.0,,60.300000000000004,70.3
Павлова Ирина Петровна,Ж,2022,очная,Биология,"Казань, ул. Школьная, д. 106, кв. 67",+375995877046,69.8,62.4,,,66.0,69.7,,,66.03333333333335,68.0
Морозова Елена Петровна,Ж,2022,очно-заочная,Информатика и вычислительная техника,"Новосибирск, ул. Центральная, д. 3, кв. 1",+375547254737,81.7,,,56.5,,,68.7,57.0,60.73333333333333,70.1
Васильева Наталья Михайловна,Ж,2022,очная,Физика,"Пермь, ул. Мира, д. 89, кв. 74",+375918899533,68.2,,81.9,,,56.9,67.6,,68.8,67.1
Соколова Анна Никитична,Ж,2022,очная,Экономика,"Краснодар, ул. Строителей, д. 3, кв. 177",+375545668755,75.1,,77.6,,,66.7,,48.8,64.36666666666667,66.9
Смирнов Александр Никитич,М,2022,очная,История,"Краснодар, ул. Зелёная, д. 77, кв. 3",+375408887920,70.8,57.6,,,48.8,,,64.3,56.9,60.4
Соколов Егор Алексеевич,М,2022,очная,Информатика и вычислительная техника,"Воронеж, ул. Центральная, д. 153, кв. 60",+375764969389,82.9,64.5,76.0,,,,,63.5,68.0,73.6
Козлов Сергей Владимирович,М,2022,очно-заочная,Прикладная математика,"Москва, ул. Строителей, д. 96, кв. 49",+375188406993,66.4,,54.9,68.7,,,,63.8,62.46666666666666,62.4
Васильева Виктория Алексеевна,Ж,2022,очная,История,"Воронеж, ул. Строителей, д. 112, кв. 102",+375852595419,76.3,51.9,,75.7,59.4,,,,62.333333333333336,67.8
Петров Максим Владимирович,М,2022,очно-заочная,Физика,"Екатеринбург, ул. Мира, д. 184, кв. 189",+375916154367,70.7,59.7,62.5,,56.1,,,,59.43333333333334,64.6
Кузнецов Роман Денисович,М,2022,очно-заочная,Прикладная математика,"Воронеж, ул. Новая, д. 57, кв. 68",+375300004382,72.6,55.6,74.0,,52.1,,,,60.56666666666666,64.5
Сидоров Роман Сергеевич,М,2022,заочная,Медицинская биохимия,"Санкт-Петербург, ул. Новая, д. 161, кв. 62",+375675907927,73.5,,,86.1,,57.1,59.1,,67.43333333333332,69.8
Смирнов Михаил Денисович,М,2022,очная,Экономика,"Пермь, ул. Пролетарская, д. 178, кв. 176",+375370258109,85.6,62.5,,80.7,,,70.8,,71.33333333333333,78.0
Соколова Ирина Денисовна,Ж,2022,очная,Химия,"Казань, ул. Центральная, д. 167, кв. 191",+375234291168,75.7,,60.0,59.3,75.2,,,,64.83333333333333,68.9
Медведева Ирина Алексеевна,Ж,2022,очная,Прикладная математика,"Пермь, ул. Центральная, д. 106, кв. 49",+375916662609,88.1,,,,64.4,80.2,,52.3,65.63333333333334,72.3
Лебедев Дмитрий Никитич,М,2022,заочная,Химия,"Санкт-Петербург, ул. Мира, д. 35, кв. 75",+375041863314,89.3,50.1,,,,71.3,58.7,,60.03333333333334,69.6
Смирнов Роман Владимирович,М,2022,заочная,История,"Санкт-Петербург, ул. Зелёная, д. 159, кв. 116",+375307253868,90.4,,51.7,,,63.0,,75.3,63.333333333333336,72.9
Лебедев Илья Михайлович,М,2022,очная,Химия,"Казань, ул. Пролетарская, д. 126, кв. 49",+375920425734,77.3,61.2,,49.4,,66.9,,,59.166666666666664,64.1
Соколов Сергей Денисович,М,2022,заочная,История,"Нижний Новгород, ул. Ленина, д. 39, кв. 13",+375433333411,79.0,,,69.9,66.9,,67.1,,67.96666666666667,72.3
Кузнецов Дмитрий Владимирович,М,2022,очная,История,"Пермь, ул. Ленина, д. 48, кв. 27",+375815143665,80.0,,60.9,,,,61.7,61.2,61.26666666666667,69.8
Попов Роман Михайлович,М,2022,очная,История,"Казань, ул. Центральная, д. 33, кв. 184",+375940280413,75.5,,69.0,75.4,,,,64.6,69.66666666666667,72.3
Иванов Илья Владимирович,М,2022,очная,История,"Краснодар, ул. Ленина, д. 60, кв. 24",+375029692312,80.2,,,,62.2,,57.1,69.0,62.76666666666667,68.4
Соколова Ирина Ивановна,Ж,2022,очно-заочная,История,"Новосибирск, ул. Ленина, д. 127, кв. 56",+375824136624,72.1,53.6,,68.7,,,,57.7,60.0,63.6
Фёдорова Виктория Михайловна,Ж,2022,очная,Прикладная математика,"Нижний Новгород, ул. Новая, д. 80, кв. 128",+375099904980,66.4,,,,40.0,83.3,,51.6,58.300000000000004,62.9
Новиков Сергей Никитич,М,2022,заочная,История,"Нижний Новгород, ул. Зелёная, д. 179, кв. 9",+375033188185,82.0,,68.6,,66.7,54.8,,,63.366666666666674,71.4
Кузнецов Сергей Михайлович,М,2022,очно-заочная,Прикладная математика,"Нижний Новгород, ул. Советская, д. 193, кв. 38",+375793118062,75.6,56.7,,,,53.6,,84.0,64.76666666666667,68.4
Морозова Екатерина Ивановна,Ж,2022,очно-заочная,История,"Москва, ул. Центральная, д. 199, кв. 101",+375219591939,71.8,84.5,56.1,,,75.0,,,71.86666666666666,71.3
Лебедев Илья Иванович,М,2022,очная,Химия,"Санкт-Петербург, ул. Строителей, д. 121, кв. 47",+375885360347,72.6,59.5,,68.5,,,,80.5,69.5,71.4
Соловьёва Виктория Алексеевна,Ж,2022,очная,Медицинская биохимия,"Екатеринбург, ул. Центральная, д. 98, кв. 4",+375145489021,86.8,,54.4,,64.7,,60.7,,59.93333333333334,68.6
Кузьмина Мария Никитична,Ж,2022,очная,История,"Санкт-Петербург, ул. Победы, д. 99, кв. 198",+375298891238,80.5,,88.8,,,71.1,,60.2,73.36666666666666,74.3
Сидоров Никита Сергеевич,М,2022,очная,Физика,"Краснодар, ул. Победы, д. 189, кв. 9",+375262668158,68.6,86.9,87.0,,,,,40.0,71.3,69.6
Козлов Максим Никитич,М,2022,очная,История,"Екатеринбург, ул. Зелёная, д. 189, кв. 198",+375114999781,70.6,,,42.2,54.3,,,45.3,47.26666666666667,55.2
Медведева Светлана Михайловна,Ж,2022,заочная,История,"Санкт-Петербург, ул. Строителей, д. 171, кв. 54",+375465562298,75.9,,68.7,,76.4,,,68.3,71.13333333333334,71.8
Смирнов Максим Денисович,М,2022,очная,Химия,"Краснодар, ул. Новая, д. 175, кв. 80",+375745909031,80.6,57.4,60.3,,,,81.6,,66.43333333333332,70.3
Соловьёва Ирина Петровна,Ж,2022,очная,Экономика,"Нижний Новгород, ул. Мира, д. 162, кв. 187",+375619143735,72.9,,75.6,,,89.7,59.3,,74.86666666666667,72.2
Морозова Наталья Алексеевна,Ж,2022,очная,Биология,"Москва, ул. Строителей, д. 134, кв. 32",+375417188237,76.7,,,59.8,72.4,,63.1,,65.1,69.7
Егорова Ольга Никитична,Ж,2022,очная,Химия,"Казань, ул. Зелёная, д. 164, кв. 77",+375824726792,78.4,,51.3,70.7,,,57.9,,59.96666666666667,66.9
Соколов Дмитрий Иванович,М,2022,очная,Физика,"Екатеринбург, ул. Школьная, д. 14, кв. 171",+375196802420,78.5,47.8,,,,56.6,69.4,,57.93333333333334,63.9
Медведева Ирина Петровна,Ж,2022,очная,Биология,"Екатеринбург, ул. Советская, д. 61, кв. 163",+375669749440,63.3,,,69.7,55.4,,,54.0,59.699999999999996,62.7
Попов Михаил Михайлович,М,2022,заочная,Информатика и вычислительная техника,"Воронеж, ул. Школьная, д. 4, кв. 43",+375945060114,79.0,44.6,87.5,,,,,77.1,69.73333333333333,72.6
Егорова Виктория Никитична,Ж,2022,очная,Информатика и вычислительная техника,"Казань, ул. Пролетарская, д. 31, кв. 102",+375960900510,67.3,,,68.9,,,51.6,76.7,65.73333333333333,64.4
Павлова Мария Денисовна,Ж,2022,заочная,Экономика,"Екатеринбург, ул. Ленина, д. 11, кв. 149",+375515971879,76.0,,66.9,59.6,,,66.4,,64.3,67.3
Новиков Александр Никитич,М,2022,заочная,Физика,"Краснодар, ул. Пролетарская, д. 40, кв. 96",+375069555596,74.7,54.7,62.9,,,73.6,,,63.73333333333333,68.3
Павлова Виктория Петровна,Ж,2022,очная,Химия,"Санкт-Петербург, ул. Победы, д. 41, кв. 128",+375252667184,71.2,,44.1,,,,71.8,56.1,57.333333333333336,61.0
Кузьмина Наталья Владимировна,Ж,2022,заочная,Прикладная математика,"Санкт-Петербург, ул. Пролетарская, д. 87, кв. 195",+375894683181,82.8,,,,75.4,64.1,,68.2,69.23333333333333,72.2
Сидоров Дмитрий Иванович,М,2022,очная,Физика,"Москва, ул. Ленина, д. 92, кв. 166",+375291252975,71.0,,64.4,70.1,52.5,,,,62.333333333333336,65.8
Смирнов Александр Денисович,М,2022,заочная,Медицинская биохимия,"Новосибирск, ул. Строителей, д. 28, кв. 33",+375602216834,74.6,62.0,,,,,68.8,84.9,71.9,72.9
Петров Дмитрий Сергеевич,М,2022,очная,Биология,"Краснодар, ул. Победы, д. 82, кв. 143",+375283401814,83.0,85.2,,,75.3,,,64.7,75.06666666666666,78.9
Сидоров Андрей Владимирович,М,2022,заочная,Биология,"Нижний Новгород, ул. Зелёная, д. 188, кв. 50",+375725369259,74.4,44.1,56.0,,,,,67.5,55.86666666666667,63.4
Попов Михаил Владимирович,М,2022,заочная,История,"Москва, ул. Новая, д. 92, кв. 186",+375890217615,73.1,50.7,70.1,,,,,58.2,59.666666666666664,66.2
Васильева Виктория Владимировна,Ж,2022,заочная,Информатика и вычислительная техника,"Новосибирск, ул. Центральная, д. 11, кв. 125",+375279298042,76.1,,68.2,,,63.4,71.1,,67.56666666666666,68.8
Лебедев Дмитрий Владимирович,М,2022,очно-заочная,Экономика,"Краснодар, ул. Строителей, д. 76, кв. 139",+375591856480,80.9,,64.7,,,,77.5,50.9,64.36666666666666,68.3
Иванов Илья Никитич,М,2022,очная,Биология,"Краснодар, ул. Победы, д. 146, кв. 48",+375495630793,86.4,78.5,,,63.0,47.0,,,62.833333333333336,73.0
Фёдорова Ольга Денисовна,Ж,2022,очная,Физика,"Пермь, ул. Школьная, д. 83, кв. 188",+375261756484,72.1,,,74.0,50.3,,71.6,,65.3,68.3
Попов Сергей Петрович,М,2022,очная,Биология,"Краснодар, ул. Центральная, д. 154, кв. 142",+375420170642,72.6,,48.3,,,,58.3,69.0,58.53333333333333,64.3
Медведева Александра Никитична,Ж,2022,очная,Экономика,"Новосибирск, ул. Советская, д. 136, кв. 40",+375681782164,76.0,,58.4,,69.3,,,84.6,70.76666666666667,71.0
Соколов Александр Михайлович,М,2022,очно-заочная,Экономика,"Краснодар, ул. Центральная, д. 68, кв. 139",+375494343531,79.1,,72.3,68.8,,61.2,,,67.43333333333334,69.8
Петров Сергей Денисович,М,2022,очная,Экономика,"Нижний Новгород, ул. Зелёная, д. 1, кв. 199",+375818958820,73.1,,,62.9,70.0,56.2,,,63.03333333333334,65.2
Павлова Мария Ивановна,Ж,2022,заочная,Физика,"Пермь, ул. Новая, д. 188, кв. 48",+375024288224,81.8,,63.8,66.5,,,87.7,,72.66666666666667,75.6
Соловьёва Анна Сергеевна,Ж,2022,очная,Прикладная математика,"Москва, ул. Пролетарская, д. 94, кв. 199",+375156852434,72.2,66.6,,,77.2,,,76.4,73.4,71.4
Баранова Екатерина Сергеевна,Ж,2022,заочная,История,"Самара, ул. Победы, д. 83, кв. 185",+375775077131,66.3,,,61.5,73.1,,62.9,,65.83333333333333,65.8
Медведева Мария Сергеевна,Ж,2022,очная,Информатика и вычислительная техника,"Санкт-Петербург, ул. Строителей, д. 100, кв. 49",+375396878716,80.9,,71.2,,60.5,,58.8,,63.5,69.8
Павлова Виктория Сергеевна,Ж,2022,заочная,Биология,"Пермь, ул. Зелёная, д. 197, кв. 142",+375113045897,81.6,,,,66.8,51.9,60.5,,59.73333333333333,65.4
Сидоров Егор Иванович,М,2022,заочная,Физика,"Новосибирск, ул. Пролетарская, д. 73, кв. 83",+375101639462,84.0,,90.4,,49.7,,49.9,,63.33333333333334,69.0
Сидоров Илья Алексеевич,М,2022,очная,Химия,"Воронеж, ул. Школьная, д. 29, кв. 25",+375916400840,65.7,61.3,,,57.5,,,62.4,60.4,61.8
Кузьмина Светлана Алексеевна,Ж,2022,очная,Информатика и вычислительная техника,"Пермь, ул. Советская, д. 12, кв. 34",+375680932467,73.7,,,,63.5,,79.4,52.5,65.13333333333334,66.3
Соколова Мария Алексеевна,Ж,2022,очно-заочная,Прикладная математика,"Новосибирск, ул. Ленина, д. 52, кв. 28",+375160671805,76.2,72.7,,84.3,,,,67.8,74.93333333333334,73.9
Соловьёва Анна Сергеевна,Ж,2022,очная,Физика,"Краснодар, ул. Победы, д. 26, кв. 9",+375025274138,88.2,,46.8,,,63.5,,60.9,57.06666666666666,66.9
Попов Роман Иванович,М,2022,очная,Медицинская биохимия,"Самара, ул. Новая, д. 169, кв. 126",+375399749062,76.7,,55.8,,,61.1,65.4,,60.76666666666667,66.1
Смирнов Максим Иванович,М,2022,очная,Медицинская биохимия,"Пермь, ул. Пролетарская, д. 180, кв. 152",+375972041308,69.6,,,81.1,76.5,,76.3,,77.96666666666665,75.9
Егорова Екатерина Петровна,Ж,2022,очная,История,"Казань, ул. Ленина, д. 94, кв. 57",+375573818452,79.5,,,65.6,53.9,,,75.2,64.89999999999999,68.5
Лебедев Дмитрий Денисович,М,2022,очная,История,"Самара, ул. Советская, д. 4, кв. 54",+375356060451,85.6,,,,70.1,73.2,70.5,,71.26666666666667,77.2
Медведева Александра Петровна,Ж,2022,очная,Прикладная математика,"Краснодар, ул. Советская, д. 120, кв. 164",+375989569790,84.3,79.9,,62.2,66.6,,,,69.56666666666668,76.1
Медведева Наталья Сергеевна,Ж,2022,очная,Прикладная математика,"Москва, ул. Школьная, д. 143, кв. 191",+375739758311,81.1,,58.8,,69.6,,85.3,,71.23333333333333,75.3
Иванов Роман Михайлович,М,2022,очная,История,"Воронеж, ул. Школьная, д. 182, кв. 15",+375498273595,79.3,,59.3,,,,69.0,61.2,63.166666666666664,67.0
Соколова Наталья Ивановна,Ж,2022,заочная,Биология,"Самара, ул. Центральная, д. 136, кв. 11",+375242063624,64.1,63.0,,,,67.8,,62.0,64.26666666666667,64.0
Егорова Наталья Владимировна,Ж,2022,очная,Биология,"Санкт-Петербург, ул. Центральная, д. 20, кв. 56",+375419133351,77.9,,,65.8,,,62.1,52.4,60.1,67.0
Лебедев Дмитрий Денисович,М,2022,заочная,Физика,"Пермь, ул. Советская, д. 26, кв. 186",+375569271741,78.8,,,,80.4,,84.2,72.4,79.00000000000001,80.8
Морозова Мария Никитична,Ж,2022,очная,Химия,"Екатеринбург, ул. Строителей, д. 99, кв. 49",+375615928224,76.7,,,59.6,57.9,,71.6,,63.03333333333333,69.6
Сидоров Роман Петрович,М,2022,очная,Физика,"Екатеринбург, ул. Строителей, д. 169, кв. 64",+375676849254,81.9,,,61.7,55.1,,,52.0,56.26666666666667,64.8
Кузьмина Екатерина Никитична,Ж,2022,очная,Химия,"Самара, ул. Мира, д. 143, кв. 192",+375316437882,76.6,61.4,,,,64.0,77.7,,67.7,71.3
Новиков Никита Михайлович,М,2022,очная,Прикладная математика,"Пермь, ул. Новая, д. 192, кв. 28",+375244910720,75.5,71.2,,,53.1,,75.7,,66.66666666666667,71.3
Медведева Наталья Владимировна,Ж,2022,очная,Информатика и вычислительная техника,"Самара, ул. Школьная, д. 173, кв. 118",+375015523116,83.9,,70.7,,64.5,50.7,,,61.96666666666666,71.0
Петров Дмитрий Сергеевич,М,2022,очная,Физика,"Воронеж, ул. Советская, д. 43, кв. 47",+375060527517,75.2,,73.6,59.5,83.4,,,,72.16666666666667,73.1
Лебедев Никита Сергеевич,М,2022,очная,Физика,"Пермь, ул. Новая, д. 130, кв. 87",+375477517557,78.1,,,55.8,,,55.7,71.1,60.86666666666667,65.9
Соловьёва Елена Денисовна,Ж,2022,очная,Химия,"Новосибирск, ул. Строителей, д. 154, кв. 114",+375018766415,83.1,,,,74.0,83.1,65.2,,74.10000000000001,75.8
Соколов Никита Петрович,М,2022,очно-заочная,Экономика,"Нижний Новгород, ул. Школьная, д. 141, кв. 84",+375923911779,71.6,,,68.5,,,48.3,67.9,61.56666666666666,65.0
Соколов Егор Никитич,М,2022,очная,Прикладная математика,"Нижний Новгород, ул. Новая, д. 196, кв. 163",+375547334001,71.0,79.1,,,60.8,,53.3,,64.39999999999999,67.6
Соловьёва Ирина Алексеевна,Ж,2022,очная,Прикладная математика,"Воронеж, ул. Школьная, д. 156, кв. 62",+375769841676,85.8,,56.7,,68.7,,56.4,,60.6,71.3
Морозова Наталья Петровна,Ж,2022,очно-заочная,Медицинская биохимия,"Самара, ул. Строителей, д. 55, кв. 97",+375641539186,74.1,71.2,72.5,,66.5,,,,70.06666666666666,72.9
Морозова Мария Владимировна,Ж,2022,очная,Экономика,"Пермь, ул. Центральная, д. 93, кв. 116",+375542993272,81.9,75.0,,66.3,,,,60.7,67.33333333333333,71.2
Соловьёва Мария Алексеевна,Ж,2022,очная,Химия,"Краснодар, ул. Новая, д. 1, кв. 186",+375666619298,67.0,,67.5,,,,59.4,73.8,66.89999999999999,67.8
Иванов Андрей Никитич,М,2022,заочная,Прикладная математика,"Москва, ул. Центральная, д. 153, кв. 5",+375218983826,62.7,,,63.0,66.1,46.5,,,58.53333333333333,59.1
Соколов Дмитрий Никитич,М,2022,очная,Экономика,"Пермь, ул. Мира, д. 78, кв. 2",+375679322409,79.9,,63.0,54.0,,,75.9,,64.3,70.5
Иванов Никита Михайлович,М,2022,очно-заочная,История,"Казань, ул. Победы, д. 55, кв. 81",+375252481155,76.9,,73.8,,,78.3,62.0,,71.36666666666666,74.0
Кузьмина Виктория Никитична,Ж,2022,заочная,Экономика,"Москва, ул. Центральная, д. 142, кв. 131",+375718109167,79.9,52.8,51.2,,,,87.6,,63.86666666666667,68.6
Баранова Мария Сергеевна,Ж,2022,очная,Биология,"Пермь, ул. Пролетарская, д. 147, кв. 40",+375450572030,88.9,53.3,,,44.0,,,62.7,53.333333333333336,64.7
Фёдорова Екатерина Сергеевна,Ж,2022,очная,Медицинская биохимия,"Санкт-Петербург, ул. Ленина, д. 118, кв. 92",+375740789187,70.3,,,,61.4,47.5,89.3,,66.06666666666666,66.0
Соловьёва Мария Никитична,Ж,2022,очная,История,"Новосибирск, ул. Мира, д. 68, кв. 94",+375621645318,77.9,55.0,58.5,,,53.0,,,55.5,61.5
Смирнов Дмитрий Сергеевич,М,2022,очная,Информатика и вычислительная техника,"Самара, ул. Победы, д. 60, кв. 66",+375267157620,86.6,,55.9,,57.5,,,64.7,59.366666666666674,70.3
Козлов Никита Иванович,М,2022,очная,Физика,"Казань, ул. Советская, д. 147, кв. 103",+375575471003,71.1,,,70.6,,,76.0,66.2,70.93333333333334,69.2
Смирнов Роман Иванович,М,2022,очно-заочная,Медицинская биохимия,"Самара, ул. Победы, д. 188, кв. 20",+375580049449,74.2,,,,52.3,61.4,,68.1,60.599999999999994,63.7
Кузьмина Екатерина Михайловна,Ж,2022,очная,Информатика и вычислительная техника,"Нижний Новгород, ул. Зелёная, д. 45, кв. 125",+375572803879,67.1,,,62.5,72.5,59.0,,,64.66666666666667,64.5
Попов Егор Иванович,М,2022,очная,Физика,"Самара, ул. Советская, д. 153, кв. 165",+375808298008,91.1,76.3,,,,,58.3,84.3,72.96666666666665,80.9
Васильева Екатерина Владимировна,Ж,2022,заочная,Биология,"Казань, ул. Ленина, д. 188, кв. 148",+375536496770,64.5,53.0,,,,63.4,63.1,,59.833333333333336,60.8
Сидоров Дмитрий Иванович,М,2022,заочная,Экономика,"Воронеж, ул. Советская, д. 200, кв. 15",+375753723563,82.5,,50.4,58.1,,,,49.7,52.73333333333333,61.9
Козлов Дмитрий Сергеевич,М,2022,очная,Прикладная математика,"Нижний Новгород, ул. Школьная, д. 112, кв. 107",+375365709666,69.8,,61.7,52.9,,,40.0,,51.53333333333333,58.8
Соколов Никита Денисович,М,2022,очная,История,"Санкт-Петербург, ул. Победы, д. 192, кв. 168",+375699788166,71.4,,,74.6,62.8,,59.2,,65.53333333333332,66.9
Васильева Александра Никитична,Ж,2022,очная,Химия,"Самара, ул. Ленина, д. 163, кв. 200",+375387011703,84.1,41.3,63.8,,94.2,,,,66.43333333333334,72.0
Соловьёва Ирина Петровна,Ж,2022,очная,История,"Воронеж, ул. Ленина, д. 79, кв. 135",+375948678644,73.2,73.4,,,,,56.5,76.2,68.7,71.2
Сидоров Александр Алексеевич,М,2022,очная,Биология,"Москва, ул. Школьная, д. 139, кв. 145",+375954822665,81.6,,,,66.5,,46.2,66.0,59.56666666666666,66.3
Иванов Роман Петрович,М,2022,очная,Информатика и вычислительная техника,"Новосибирск, ул. Школьная, д. 129, кв. 179",+375264615703,86.0,,,55.5,49.2,75.3,,,60.0,70.7
Фёдорова Ирина Владимировна,Ж,2022,заочная,Химия,"Екатеринбург, ул. Мира, д. 13, кв. 173",+375009769013,78.9,,54.2,,61.8,,67.9,,61.300000000000004,67.7
Новиков Михаил Денисович,М,2022,очная,Прикладная математика,"Воронеж, ул. Зелёная, д. 193, кв. 153",+375027775548,83.0,,60.8,58.5,,,,61.6,60.300000000000004,68.4
Кузьмина Елена Сергеевна,Ж,2022,очная,Биология,"Самара, ул. Строителей, д. 24, кв. 57",+375396086986,78.2,,65.2,,,,70.5,66.8,67.5,70.3
Морозова Светлана Никитична,Ж,2022,очная,Химия,"Воронеж, ул. Центральная, д. 101, кв. 38",+375159321575,78.5,,72.8,,46.3,59.4,,,59.5,67.5
Петров Никита Михайлович,М,2022,очная,Биология,"Новосибирск, ул. Школьная, д. 22, кв. 122",+375841789359,73.9,63.8,,,66.7,51.6,,,60.699999999999996,65.6
Лебедев Роман Михайлович,М,2022,заочная,Экономика,"Самара, ул. Ленина, д. 141, кв. 103",+375784534689,89.3,,64.3,,,,57.0,61.3,60.86666666666667,69.4
Павлова Анна Владимировна,Ж,2022,очно-заочная,Биология,"Казань, ул. Советская, д. 103, кв. 129",+375557326411,82.2,49.1,49.8,,,,,64.2,54.366666666666674,62.9
Иванов Роман Иванович,М,2022,очно-заочная,Прикладная математика,"Воронеж, ул. Мира, д. 196, кв. 35",+375570511690,80.8,,61.8,52.1,,,,61.9,58.6,66.2
Смирнов Сергей Сергеевич,М,2022,очная,Медицинская биохимия,"Краснодар, ул. Строителей, д. 51, кв. 125",+375567658253,82.3,,,,58.5,,53.9,63.8,58.73333333333333,68.1
Кузьмина Екатерина Михайловна,Ж,2022,очная,Физика,"Воронеж, ул. Пролетарская, д. 51, кв. 144",+375100923103,73.6,82.3,,,,69.8,59.9,,70.66666666666667,73.5
Морозова Александра Ивановна,Ж,2022,очная,Химия,"Самара, ул. Строителей, д. 64, кв. 63",+375695581340,83.3,,75.9,,,,69.8,69.1,71.6,76.3
Егорова Наталья Алексеевна,Ж,2022,очная,Экономика,"Санкт-Петербург, ул. Центральная, д. 199, кв. 111",+375775472214,87.0,53.1,,57.7,,,,55.4,55.400000000000006,66.5
Егорова Екатерина Сергеевна,Ж,2022,очная,Прикладная математика,"Нижний Новгород, ул. Пролетарская, д. 23, кв. 29",+375225713600,69.4,58.7,,57.0,61.6,,,,59.1,61.7
Козлов Андрей Никитич,М,2022,очно-заочная,Биология,"Воронеж, ул. Новая, д. 94, кв. 90",+375966003443,80.9,67.9,,73.0,,,,55.5,65.46666666666667,71.6
Соколов Дмитрий Иванович,М,2022,очная,Экономика,"Екатеринбург, ул. Школьная, д. 89, кв. 153",+375768690606,78.1,,64.7,,50.5,65.7,,,60.300000000000004,68.5
Соколова Елена Денисовна,Ж,2022,очная,Прикладная математика,"Москва, ул. Центральная, д. 44, кв. 90",+375978233862,74.6,68.5,,,52.2,,71.5,,64.06666666666666,67.7
Соловьёва Мария Владимировна,Ж,2022,очная,Медицинская биохимия,"Самара, ул. Зелёная, д. 160, кв. 38",+375946701616,71.1,49.3,,52.9,,,,71.5,57.9,61.2
Соколов Роман Владимирович,М,2022,очная,Экономика,"Краснодар, ул. Ленина, д. 60, кв. 52",+375816316404,84.0,63.7,,,,74.3,,56.5,64.83333333333333,70.0
Морозова Ирина Владимировна,Ж,2022,очная,Экономика,"Нижний Новгород, ул. Мира, д. 194, кв. 187",+375265741875,78.9,55.7,,,,,50.7,61.1,55.833333333333336,63.0
Попов Александр Алексеевич,М,2022,заочная,Физика,"Санкт-Петербург, ул. Советская, д. 190, кв. 14",+375968625612,76.5,62.9,65.2,,,55.0,,,61.03333333333333,66.7
Лебедев Роман Никитич,М,2022,заочная,История,"Екатеринбург, ул. Пролетарская, д. 38, кв. 74",+375395084688,81.0,,,,76.4,71.3,76.2,,74.63333333333333,78.6
Соколов Дмитрий Петрович,М,2022,заочная,Химия,"Москва, ул. Школьная, д. 178, кв. 29",+375002519004,76.9,,,62.1,69.3,,,58.4,63.26666666666667,67.2
Соколов Сергей Владимирович,М,2022,очная,Физика,"Казань, ул. Зелёная, д. 121, кв. 6",+375303218063,73.5,,,61.5,83.4,66.0,,,70.3,70.6
Петров Андрей Владимирович,М,2022,очная,Информатика и вычислительная техника,"Нижний Новгород, ул. Победы, д. 190, кв. 138",+375494058165,78.5,,,67.9,78.1,,76.6,,74.2,75.6
Попов Илья Сергеевич,М,2022,очная,Химия,"Екатеринбург, ул. Победы, д. 140, кв. 134",+375433534546,77.5,,,68.2,,,79.6,66.2,71.33333333333333,75.2
Сидоров Егор Петрович,М,2023,очная,Физика,"Казань, ул. Строителей, д. 124, кв. 160",+375896630730,67.4,,53.7,52.1,,,,76.8,60.866666666666674,62.8
Морозова Светлана Сергеевна,Ж,2023,заочная,Биология,"Новосибирск, ул. Ленина, д. 97, кв. 150",+375473772820,74.2,,,,58.8,,63.4,71.0,64.39999999999999,66.7
Соловьёва Александра Алексеевна,Ж,2023,очная,Химия,"Пермь, ул. Ленина, д. 66, кв. 44",+375159150049,70.4,72.2,,50.8,,67.1,,,63.36666666666667,64.5
Морозова Ольга Алексеевна,Ж,2023,очная,Химия,"Москва, ул. Центральная, д. 52, кв. 179",+375872202070,68.1,56.6,,40.0,,,,70.1,55.56666666666666,59.8
Павлова Ирина Алексеевна,Ж,2023,очная,Прикладная математика,"Самара, ул. Центральная, д. 14, кв. 120",+375486388199,80.8,72.9,,,57.7,,60.6,,63.73333333333334,70.9
Сидоров Роман Петрович,М,2023,очная,Биология,"Москва, ул. Советская, д. 100, кв. 170",+375537669845,74.0,41.8,80.6,,,,69.0,,63.79999999999999,66.5
Лебедев Максим Денисович,М,2023,очно-заочная,Информатика и вычислительная техника,"Казань, ул. Школьная, д. 28, кв. 5",+375051587897,84.2,80.2,,,,74.7,,57.2,70.7,75.5
Баранова Виктория Денисовна,Ж,2023,очная,История,"Казань, ул. Новая, д. 60, кв. 98",+375275552903,67.0,,58.9,59.2,,,66.1,,61.4,63.8
Новиков Роман Никитич,М,2023,очная,Экономика,"Пермь, ул. Советская, д. 81, кв. 125",+375959166330,76.2,,,68.1,69.0,50.4,,,62.5,67.1
Васильева Александра Денисовна,Ж,2023,очная,Медицинская биохимия,"Самара, ул. Строителей, д. 23, кв. 48",+375189778689,74.3,,,,67.7,,56.2,52.9,58.93333333333334,63.1
Лебедев Дмитрий Денисович,М,2023,очная,Физика,"Екатеринбург, ул. Строителей, д. 118, кв. 144",+375152527395,68.5,,76.9,,52.5,72.2,,,67.2,69.3
Кузьмина Ирина Ивановна,Ж,2023,очно-заочная,Прикладная математика,"Москва, ул. Ленина, д. 64, кв. 136",+375811611387,78.0,52.3,,62.2,,,75.7,,63.4,68.8
Козлов Егор Петрович,М,2023,заочная,Физика,"Казань, ул. Школьная, д. 126, кв. 101",+375173196594,69.1,60.9,,81.8,,,73.1,,71.93333333333332,71.9
Фёдорова Ирина Денисовна,Ж,2023,заочная,Информатика и вычислительная техника,"Новосибирск, ул. Ленина, д. 89, кв. 176",+375017021436,79.3,72.6,,67.5,,,,44.6,61.56666666666666,68.3
Соколова Анна Никитична,Ж,2023,очно-заочная,Экономика,"Нижний Новгород, ул. Школьная, д. 161, кв. 78",+375473531007,82.3,,59.0,,50.5,,67.4,,58.96666666666667,69.1
Морозова Ирина Петровна,Ж,2023,очная,Информатика и вычислительная техника,"Екатеринбург, ул. Строителей, д. 71, кв. 16",+375347677591,79.6,,,,69.6,54.1,58.0,,60.56666666666666,67.1
Новиков Роман Владимирович,М,2023,очно-заочная,Химия,"Казань, ул. Новая, д. 8, кв. 143",+375500224095,80.4,85.0,,,,75.8,59.8,,73.53333333333335,75.6
Баранова Наталья Ивановна,Ж,2023,очная,Медицинская биохимия,"Казань, ул. Победы, д. 39, кв. 88",+375692399999,84.2,,,72.3,70.2,,64.0,,68.83333333333333,73.7
Баранова Наталья Сергеевна,Ж,2023,очная,Информатика и вычислительная техника,"Воронеж, ул. Мира, д. 23, кв. 187",+375207991076,77.8,63.6,,,,,57.3,62.4,61.1,66.4
Баранова Александра Денисовна,Ж,2023,заочная,Физика,"Воронеж, ул. Строителей, д. 174, кв. 157",+375638510083,73.0,,,78.0,75.7,,56.0,,69.89999999999999,70.1
Васильева Светлана Ивановна,Ж,2023,очная,Биология,"Екатеринбург, ул. Новая, д. 62, кв. 147",+375423738851,74.3,,80.7,,,68.7,75.8,,75.06666666666666,76.7
Морозова Наталья Никитична,Ж,2023,заочная,Биология,"Новосибирск, ул. Новая, д. 80, кв. 155",+375968526402,74.5,,,,,46.4,64.5,55.0,55.300000000000004,63.5
Козлов Дмитрий Алексеевич,М,2023,очная,Химия,"Нижний Новгород, ул. Зелёная, д. 139, кв. 34",+375462540957,71.7,,,,,76.3,52.0,62.2,63.5,65.6
Павлова Анна Денисовна,Ж,2023,очная,История,"Екатеринбург, ул. Мира, д. 149, кв. 139",+375013189773,82.7,80.6,64.7,,58.8,,,,68.03333333333335,72.4
Медведева Наталья Алексеевна,Ж,2023,очно-заочная,Физика,"Екатеринбург, ул. Мира, д. 80, кв. 177",+375438171092,81.2,60.0,,81.2,,,,72.5,71.23333333333333,73.1
Соловьёва Александра Михайловна,Ж,2023,заочная,Физика,"Пермь, ул. Мира, д. 111, кв. 198",+375828690948,68.0,,,,,71.2,70.8,63.2,68.39999999999999,69.8
Соколов Никита Никитич,М,2023,очная,Информатика и вычислительная техника,"Новосибирск, ул. Пролетарская, д. 41, кв. 82",+375284895866,73.0,,69.5,,80.6,,,74.4,74.83333333333333,73.7
Иванов Роман Никитич,М,2023,очная,Медицинская биохимия,"Санкт-Петербург, ул. Строителей, д. 137, кв. 185",+375768856180,71.4,45.6,,,61.3,,,44.0,50.300000000000004,58.0
Соловьёва Мария Петровна,Ж,2023,очная,Физика,"Санкт-Петербург, ул. Мира, д. 82, кв. 38",+375025418933,79.9,,56.9,,,64.5,72.9,,64.76666666666667,71.7
Егорова Светлана Михайловна,Ж,2023,очная,Прикладная математика,"Москва, ул. Школьная, д. 106, кв. 106",+375479343527,84.5,,54.2,,,,54.2,69.7,59.366666666666674,67.8
Новиков Илья Алексеевич,М,2023,очная,История,"Казань, ул. Зелёная, д. 191, кв. 164",+375594199610,80.7,60.2,,,,,86.4,83.9,76.83333333333334,79.4
Морозова Александра Алексеевна,Ж,2023,очно-заочная,Информатика и вычислительная техника,"Казань, ул. Мира, д. 200, кв. 49",+375640339681,73.8,68.3,,,73.1,,,54.1,65.16666666666666,67.9
Смирнов Егор Владимирович,М,2023,очная,Прикладная математика,"Санкт-Петербург, ул. Мира, д. 48, кв. 7",+375016953004,76.1,,50.2,67.1,56.2,,,,57.833333333333336,65.0
Новиков Максим Петрович,М,2023,очно-заочная,Химия,"Самара, ул. Пролетарская, д. 69, кв. 156",+375060019208,69.6,,49.8,64.4,,,,77.5,63.9,65.6
Козлов Илья Владимирович,М,2023,очная,Биология,"Самара, ул. Пролетарская, д. 60, кв. 153",+375974145038,70.1,,,68.8,56.9,,64.9,,63.53333333333333,65.4
Сидоров Егор Петрович,М,2023,очная,Химия,"Екатеринбург, ул. Победы, д. 176, кв. 7",+375140335982,83.1,61.6,50.1,,,,42.0,,51.23333333333333,64.3
Медведева Елена Никитична,Ж,2023,очно-заочная,Биология,"Нижний Новгород, ул. Советская, д. 177, кв. 200",+375856919551,86.7,,,,54.9,58.2,69.7,,60.93333333333334,70.4
Попов Александр Михайлович,М,2023,очная,Химия,"Краснодар, ул. Мира, д. 129, кв. 155",+375119047147,73.7,64.3,,56.7,,,78.6,,66.53333333333333,68.5
Павлова Екатерина Никитична,Ж,2023,очная,Физика,"Краснодар, ул. Школьная, д. 48, кв. 100",+375941254334,78.3,,69.1,,,56.9,,86.3,70.76666666666667,72.4
Павлова Наталья Сергеевна,Ж,2023,очная,Прикладная математика,"Краснодар, ул. Зелёная, д. 36, кв. 42",+375181919829,82.3,66.6,,,,56.9,,62.1,61.86666666666667,67.2
Васильева Екатерина Петровна,Ж,2023,заочная,Биология,"Екатеринбург, ул. Победы, д. 9, кв. 105",+375635396022,68.0,,,64.3,45.3,,79.3,,62.96666666666666,65.6
Морозова Ирина Ивановна,Ж,2023,очно-заочная,Информатика и вычислительная техника,"Москва, ул. Центральная, д. 106, кв. 57",+375058769758,71.7,,,,62.0,,68.7,53.3,61.333333333333336,64.5
Новиков Егор Алексеевич,М,2023,очная,Прикладная математика,"Екатеринбург, ул. Победы, д. 17, кв. 46",+375299836811,90.0,,,,,69.8,67.7,79.6,72.36666666666666,79.8
Егорова Виктория Алексеевна,Ж,2023,очная,Информатика и вычислительная техника,"Краснодар, ул. Пролетарская, д. 126, кв. 177",+375828451781,72.3,,48.8,,65.6,,,69.0,61.133333333333326,64.5
Васильева Екатерина Алексеевна,Ж,2023,очная,Прикладная математика,"Нижний Новгород, ул. Зелёная, д. 64, кв. 110",+375557948089,75.8,54.4,64.8,67.8,,,,,62.333333333333336,66.5
Иванов Михаил Владимирович,М,2023,очно-заочная,Прикладная математика,"Воронеж, ул. Ленина, д. 156, кв. 189",+375632950218,74.4,75.7,,62.1,,,62.9,,66.9,70.6
Павлова Александра Денисовна,Ж,2023,очно-заочная,Химия,"Воронеж, ул. Школьная, д. 101, кв. 157",+375213105979,66.0,61.7,,61.5,,68.4,,,63.866666666666674,64.6
Кузьмина Виктория Денисовна,Ж,2023,очная,Биология,"Самара, ул. Пролетарская, д. 138, кв. 135",+375918277225,78.5,83.2,67.5,,,,68.6,,73.1,76.5
Медведева Ольга Сергеевна,Ж,2023,очная,Биология,"Москва, ул. Строителей, д. 28, кв. 116",+375030284432,77.8,,79.3,59.2,,64.3,,,67.60000000000001,71.5
Фёдорова Ирина Сергеевна,Ж,2023,очная,Медицинская биохимия,"Краснодар, ул. Ленина, д. 63, кв. 133",+375437375433,79.1,,,61.3,57.1,,,64.8,61.06666666666666,66.3
Баранова Александра Денисовна,Ж,2023,очно-заочная,Прикладная математика,"Пермь, ул. Новая, д. 189, кв. 11",+375383895969,77.5,49.4,,,,54.7,69.1,,57.73333333333333,64.9
Смирнов Михаил Владимирович,М,2023,очно-заочная,Физика,"Пермь, ул. Новая, д. 133, кв. 196",+375272094195,75.2,59.5,,72.0,,49.9,,,60.46666666666667,63.6
Медведева Светлана Владимировна,Ж,2023,очная,Физика,"Москва, ул. Победы, д. 75, кв. 113",+375980300710,74.9,,92.1,,73.2,78.8,,,81.36666666666667,78.4
Павлова Екатерина Алексеевна,Ж,2023,очная,Информатика и вычислительная техника,"Воронеж, ул. Центральная, д. 199, кв. 74",+375732340025,75.0,,,57.6,62.5,,68.7,,62.93333333333334,66.0
Иванов Илья Денисович,М,2023,очная,Информатика и вычислительная техника,"Краснодар, ул. Мира, д. 109, кв. 76",+375016063957,72.1,,73.3,,,,67.2,76.3,72.26666666666667,72.8
Козлов Егор Петрович,М,2023,заочная,Химия,"Самара, ул. Ленина, д. 177, кв. 133",+375858357821,73.0,,,,,83.4,48.0,71.1,67.5,68.0
Петров Андрей Михайлович,М,2023,очная,Прикладная математика,"Новосибирск, ул. Зелёная, д. 166, кв. 116",+375530788186,72.2,67.6,59.1,,,49.2,,,58.633333333333326,62.5
Васильева Мария Михайловна,Ж,2023,очно-заочная,Информатика и вычислительная техника,"Санкт-Петербург, ул. Строителей, д. 29, кв. 47",+375468753052,81.4,53.2,,,63.5,76.8,,,64.5,69.7
Медведева Наталья Алексеевна,Ж,2023,очная,Информатика и вычислительная техника,"Самара, ул. Строителей, д. 35, кв. 101",+375553181290,79.8,,,66.2,76.4,,,59.0,67.2,69.6
Петров Никита Сергеевич,М,2023,очная,История,"Воронеж, ул. Школьная, д. 116, кв. 7",+375608046287,78.2,,60.1,76.3,,,,69.0,68.46666666666667,70.1
Соловьёва Наталья Ивановна,Ж,2023,очная,Прикладная математика,"Новосибирск, ул. Зелёная, д. 152, кв. 183",+375246342898,89.7,,,,69.7,,62.5,52.6,61.599999999999994,70.7
Иванов Никита Владимирович,М,2023,очная,Экономика,"Екатеринбург, ул. Зелёная, д. 24, кв. 65",+375691664823,72.4,,62.4,70.9,,57.0,,,63.43333333333334,65.5
Соловьёва Светлана Сергеевна,Ж,2023,очная,Химия,"Нижний Новгород, ул. Мира, д. 184, кв. 188",+375053012876,84.7,78.6,48.3,,,,77.4,,68.10000000000001,72.4
Морозова Елена Никитична,Ж,2023,очно-заочная,Информатика и вычислительная техника,"Санкт-Петербург, ул. Советская, д. 30, кв. 181",+375307328933,76.4,,,78.6,,60.5,57.0,,65.36666666666666,67.8
Соколова Ольга Никитична,Ж,2023,очная,Химия,"Краснодар, ул. Школьная, д. 22, кв. 135",+375814384881,78.9,73.8,,,,78.8,59.4,,70.66666666666667,74.9
Попов Дмитрий Алексеевич,М,2023,очная,Биология,"Воронеж, ул. Строителей, д. 157, кв. 41",+375823000874,82.0,,,52.5,,77.4,74.1,,68.0,73.6
Иванов Максим Михайлович,М,2023,очная,Химия,"Воронеж, ул. Строителей, д. 98, кв. 12",+375482268510,75.1,,70.5,,47.9,,80.3,,66.23333333333333,69.3
Сидоров Михаил Денисович,М,2023,заочная,Экономика,"Новосибирск, ул. Школьная, д. 145, кв. 169",+375109989762,71.7,,,60.3,41.4,,,70.6,57.43333333333333,64.1
Новиков Михаил Иванович,М,2023,очно-заочная,Физика,"Новосибирск, ул. Мира, д. 38, кв. 46",+375711926076,72.6,76.0,76.4,66.8,,,,,73.06666666666666,71.0
Соколова Мария Михайловна,Ж,2023,очная,Экономика,"Москва, ул. Новая, д. 79, кв. 80",+375349030090,65.4,,57.2,,,,67.6,54.3,59.699999999999996,61.1
Васильева Ольга Владимировна,Ж,2023,заочная,Физика,"Краснодар, ул. Центральная, д. 161, кв. 47",+375663127759,81.6,,74.5,,,,77.1,64.4,72.0,76.7
Кузьмина Мария Сергеевна,Ж,2023,очная,Химия,"Санкт-Петербург, ул. Мира, д. 52, кв. 1",+375883009415,81.5,72.2,,,,,63.8,77.9,71.3,75.4
Морозова Ирина Ивановна,Ж,2023,очная,Физика,"Самара, ул. Центральная, д. 4, кв. 118",+375605746953,87.5,,80.3,,69.1,,,84.0,77.8,83.1
Егорова Ольга Денисовна,Ж,2023,очно-заочная,Биология,"Краснодар, ул. Зелёная, д. 140, кв. 2",+375698996462,80.5,,,63.0,70.9,,71.6,,68.5,74.5
Морозова Мария Денисовна,Ж,2023,заочная,Прикладная математика,"Самара, ул. Зелёная, д. 61, кв. 56",+375143473869,81.9,,66.6,,,,67.7,70.2,68.16666666666667,71.7
Медведева Виктория Ивановна,Ж,2023,очно-заочная,Физика,"Самара, ул. Зелёная, д. 117, кв. 105",+375675729905,77.5,63.1,,,61.1,66.2,,,63.46666666666667,70.3
Баранова Светлана Сергеевна,Ж,2023,очная,Физика,"Краснодар, ул. Советская, д. 154, кв. 154",+375081161975,80.8,,,77.3,80.8,,81.1,,79.73333333333333,81.9
Смирнов Максим Владимирович,М,2023,очная,Химия,"Москва, ул. Победы, д. 141, кв. 72",+375665988689,84.5,,,55.9,62.3,,62.4,,60.199999999999996,68.2
Новиков Александр Никитич,М,2023,заочная,Биология,"Самара, ул. Строителей, д. 54, кв. 13",+375220431827,79.1,59.2,,73.3,,82.4,,,71.63333333333334,76.2
Новиков Сергей Владимирович,М,2023,очная,Медицинская биохимия,"Новосибирск, ул. Мира, д. 15, кв. 168",+375540320451,74.9,,73.4,69.8,,,64.0,,69.06666666666666,69.3
Морозова Екатерина Никитична,Ж,2023,очная,Медицинская биохимия,"Нижний Новгород, ул. Ленина, д. 38, кв. 9",+375253843159,76.7,,,,64.4,64.6,86.8,,71.93333333333334,74.2
Медведева Мария Ивановна,Ж,2023,очная,Медицинская биохимия,"Самара, ул. Пролетарская, д. 77, кв. 85",+375162847597,82.5,59.7,59.0,62.0,,,,,60.23333333333333,67.1
Лебедев Никита Иванович,М,2023,очная,Медицинская биохимия,"Санкт-Петербург, ул. Ленина, д. 28, кв. 107",+375224927971,75.1,67.1,,,,57.2,,55.4,59.9,63.7
Соловьёва Елена Михайловна,Ж,2023,очная,Прикладная математика,"Новосибирск, ул. Мира, д. 173, кв. 73",+375390339821,83.3,,,79.6,,,59.2,62.0,66.93333333333334,73.0
Соловьёва Анна Петровна,Ж,2023,заочная,Экономика,"Самара, ул. Пролетарская, д. 147, кв. 144",+375880597281,89.5,,67.8,,69.8,,73.8,,70.46666666666665,76.4
Кузнецов Егор Петрович,М,2023,очная,Химия,"Новосибирск, ул. Зелёная, д. 192, кв. 149",+375506263842,83.4,,70.4,,59.3,68.5,,,66.06666666666666,72.8
Попов Роман Алексеевич,М,2023,очная,Химия,"Нижний Новгород, ул. Ленина, д. 24, кв. 197",+375751279695,82.5,,,57.2,64.1,,75.5,,65.60000000000001,71.7
Соловьёва Анна Никитична,Ж,2023,очная,История,"Казань, ул. Школьная, д. 95, кв. 98",+375082466239,80.1,,73.3,,,,86.7,52.9,70.96666666666667,73.7
Фёдорова Екатерина Денисовна,Ж,2023,заочная,Биология,"Санкт-Петербург, ул. Новая, д. 141, кв. 17",+375671867558,73.3,,87.5,,,,60.5,81.5,76.5,74.1
Васильева Екатерина Петровна,Ж,2023,очная,Медицинская биохимия,"Казань, ул. Зелёная, д. 35, кв. 32",+375348036895,72.8,61.0,,,,,59.6,75.3,65.3,68.3
Соколова Наталья Михайловна,Ж,2023,очная,Прикладная математика,"Казань, ул. Школьная, д. 135, кв. 106",+375789307106,72.7,,,49.9,,63.5,58.2,,57.20000000000001,63.9
Соколова Ольга Сергеевна,Ж,2023,заочная,Биология,"Пермь, ул. Победы, д. 179, кв. 54",+375988256981,81.3,70.2,59.1,,,,63.2,,64.16666666666667,70.6
Соловьёва Анна Михайловна,Ж,2023,заочная,Медицинская биохимия,"Самара, ул. Ленина, д. 28, кв. 147",+375763174569,75.7,,61.4,,74.8,,,73.5,69.89999999999999,72.4
Егорова Светлана Денисовна,Ж,2023,заочная,Прикладная математика,"Пермь, ул. Советская, д. 124, кв. 186",+375073801590,77.8,64.1,,66.7,,,,71.2,67.33333333333333,71.0
Соколова Ирина Сергеевна,Ж,2023,заочная,Биология,"Самара, ул. Центральная, д. 110, кв. 156",+375379485055,80.5,72.9,58.8,,50.8,,,,60.833333333333336,67.3
Попов Илья Иванович,М,2023,очная,Химия,"Нижний Новгород, ул. Центральная, д. 135, кв. 148",+375575413949,73.0,65.8,,56.5,,64.1,,,62.133333333333326,65.8
Смирнов Егор Петрович,М,2023,очно-заочная,Химия,"Самара, ул. Школьная, д. 34, кв. 158",+375316991040,75.0,,52.0,,65.3,59.9,,,59.06666666666666,66.6
Соколов Егор Владимирович,М,2023,очная,Экономика,"Самара, ул. Зелёная, д. 134, кв. 187",+375005890488,79.9,,,,63.5,,60.5,56.7,60.23333333333333,68.1
Егорова Наталья Никитична,Ж,2023,заочная,Информатика и вычислительная техника,"Краснодар, ул. Зелёная, д. 47, кв. 157",+375070704758,76.3,70.5,78.2,,,,44.7,,64.46666666666665,68.3
Фёдорова Екатерина Денисовна,Ж,2023,очно-заочная,Экономика,"Екатеринбург, ул. Центральная, д. 50, кв. 1",+375080992021,76.8,,71.2,,73.8,,50.9,,65.3,69.2
Медведева Александра Михайловна,Ж,2023,очно-заочная,Физика,"Санкт-Петербург, ул. Ленина, д. 120, кв. 161",+375187030031,71.8,,,54.0,,60.1,67.3,,60.46666666666666,64.4
Соколов Дмитрий Петрович,М,2023,очно-заочная,Экономика,"Санкт-Петербург, ул. Победы, д. 158, кв. 107",+375281301490,76.9,,78.0,,71.3,,64.2,,71.16666666666667,73.8
Новиков Никита Алексеевич,М,2023,очная,Медицинская биохимия,"Воронеж, ул. Ленина, д. 86, кв. 90",+375635751077,87.9,76.5,,,,,55.6,75.4,69.16666666666667,75.6
Смирнов Андрей Никитич,М,2023,очная,История,"Пермь, ул. Победы, д. 3, кв. 164",+375850825998,75.3,,,,42.3,,71.2,63.2,58.9,65.4
Петров Дмитрий Никитич,М,2023,заочная,Биология,"Екатеринбург, ул. Центральная, д. 66, кв. 18",+375244963368,71.1,,,71.9,63.0,,50.9,,61.93333333333334,64.5
Кузьмина Ирина Денисовна,Ж,2023,заочная,История,"Казань, ул. Центральная, д. 130, кв. 141",+375335560285,83.7,70.6,,63.7,,,48.6,,60.96666666666667,68.6
Соколов Роман Алексеевич,М,2023,очная,Информатика и вычислительная техника,"Нижний Новгород, ул. Ленина, д. 30, кв. 176",+375542402349,81.1,63.8,,,,,67.1,42.9,57.93333333333333,67.5
Попов Михаил Денисович,М,2023,очная,Физика,"Нижний Новгород, ул. Школьная, д. 102, кв. 186",+375832909569,79.3,,,,66.1,80.7,57.7,,68.16666666666667,71.4
Соловьёва Анна Владимировна,Ж,2023,очная,Биология,"Самара, ул. Пролетарская, д. 8, кв. 45",+375703410754,70.1,65.1,40.0,,,75.4,,,60.166666666666664,65.5
Иванов Илья Петрович,М,2023,очно-заочная,Прикладная математика,"Екатеринбург, ул. Школьная, д. 87, кв. 173",+375819798067,70.9,,,,61.8,68.1,,78.7,69.53333333333332,68.7
Попов Никита Алексеевич,М,2023,заочная,Медицинская биохимия,"Краснодар, ул. Зелёная, д. 10, кв. 166",+375232682575,68.8,70.8,,59.4,,,79.9,,70.03333333333333,68.6
Васильева Анна Денисовна,Ж,2023,очная,Физика,"Новосибирск, ул. Зелёная, д. 40, кв. 161",+375161110064,80.6,,67.1,,,70.0,,84.1,73.73333333333333,76.0
Сидоров Александр Петрович,М,2023,очная,Химия,"Краснодар, ул. Строителей, д. 86, кв. 119",+375209508106,84.1,,,,60.3,,78.4,59.7,66.13333333333333,73.6
Соловьёва Ольга Никитична,Ж,2023,заочная,Информатика и вычислительная техника,"Воронеж, ул. Ленина, д. 134, кв. 77",+375554332976,80.8,,64.9,66.7,,52.9,,,61.50000000000001,69.2
Баранова Елена Ивановна,Ж,2023,очно-заочная,Физика,"Самара, ул. Школьная, д. 143, кв. 138",+375806936042,89.7,62.5,,59.4,,,,63.6,61.833333333333336,70.3
Васильева Виктория Денисовна,Ж,2023,очная,Медицинская биохимия,"Москва, ул. Победы, д. 148, кв. 176",+375431320974,75.3,,74.0,,,56.9,51.9,,60.93333333333334,64.9
Попов Егор Денисович,М,2023,очная,Экономика,"Нижний Новгород, ул. Школьная, д. 17, кв. 39",+375394324302,76.1,60.0,,,63.6,,87.7,,70.43333333333334,72.7
Баранова Мария Алексеевна,Ж,2023,очная,Физика,"Казань, ул. Ленина, д. 87, кв. 97",+375997610249,78.6,,,,69.6,69.1,75.8,,71.5,73.2
Попов Андрей Владимирович,М,2023,очная,Экономика,"Пермь, ул. Мира, д. 147, кв. 156",+375022428039,76.6,,,,67.3,63.0,,56.0,62.1,66.9
Смирнов Егор Сергеевич,М,2023,очная,Медицинская биохимия,"Воронеж, ул. Мира, д. 153, кв. 30",+375930105264,81.0,56.9,,,,46.2,74.8,,59.29999999999999,66.8
Иванов Дмитрий Алексеевич,М,2023,очно-заочная,Химия,"Казань, ул. Школьная, д. 182, кв. 9",+375863444989,74.2,65.4,,,,70.5,62.5,,66.13333333333334,69.3
Медведева Наталья Владимировна,Ж,2023,заочная,Биология,"Казань, ул. Новая, д. 23, кв. 128",+375257862035,69.6,67.0,78.2,,,,,75.2,73.46666666666665,71.1
Петров Андрей Михайлович,М,2023,очная,Прикладная математика,"Екатеринбург, ул. Школьная, д. 116, кв. 78",+375205080506,67.3,,58.3,,,81.9,,63.2,67.8,66.3
Лебедев Илья Сергеевич,М,2023,очно-заочная,Химия,"Екатеринбург, ул. Строителей, д. 78, кв. 45",+375256004580,80.9,61.2,,,79.9,72.0,,,71.03333333333335,74.1
Кузьмина Виктория Денисовна,Ж,2023,очная,Экономика,"Санкт-Петербург, ул. Школьная, д. 10, кв. 200",+375397982131,74.8,65.2,,72.9,,,,63.3,67.13333333333334,68.1
Петров Сергей Алексеевич,М,2023,очная,Экономика,"Екатеринбург, ул. Советская, д. 114, кв. 130",+375026010747,71.0,74.4,53.7,,,73.8,,,67.30000000000001,68.7
Лебедев Дмитрий Алексеевич,М,2023,очная,Прикладная математика,"Москва, ул. Зелёная, д. 129, кв. 40",+375267561746,74.3,,58.9,,,,72.2,45.2,58.76666666666667,65.6
Петров Михаил Никитич,М,2023,очная,Биология,"Екатеринбург, ул. Школьная, д. 124, кв. 188",+375040733140,89.7,69.6,,57.3,,62.4,,,63.099999999999994,70.9
Петров Егор Михайлович,М,2023,очно-заочная,Физика,"Пермь, ул. Центральная, д. 199, кв. 84",+375845199036,71.3,64.0,,,,,70.2,65.4,66.53333333333333,66.7
Сидоров Илья Алексеевич,М,2023,заочная,Прикладная математика,"Новосибирск, ул. Советская, д. 133, кв. 174",+375590073467,82.4,63.7,,73.6,,81.5,,,72.93333333333334,74.6
Козлов Егор Сергеевич,М,2023,очная,Информатика и вычислительная техника,"Новосибирск, ул. Победы, д. 186, кв. 10",+375961390982,80.5,,63.5,66.3,,49.3,,,59.70000000000001,68.4
Павлова Мария Алексеевна,Ж,2023,очная,Информатика и вычислительная техника,"Краснодар, ул. Новая, д. 183, кв. 134",+375298927121,86.0,77.8,,,40.0,,62.4,,60.06666666666666,67.5
Лебедев Сергей Иванович,М,2023,заочная,Медицинская биохимия,"Санкт-Петербург, ул. Ленина, д. 80, кв. 12",+375017816428,77.3,60.7,73.5,68.2,,,,,67.46666666666665,72.8
Козлов Егор Никитич,М,2023,очная,Химия,"Самара, ул. Советская, д. 86, кв. 120",+375504637948,68.6,,,85.7,,67.4,,77.6,76.9,73.4
Медведева Наталья Алексеевна,Ж,2023,очная,Экономика,"Москва, ул. Советская, д. 134, кв. 197",+375880123989,84.0,,46.8,,59.2,89.3,,,65.10000000000001,71.0
Петров Роман Петрович,М,2023,очно-заочная,Биология,"Казань, ул. Ленина, д. 148, кв. 195",+375508533262,76.5,,,53.9,62.1,,71.2,,62.4,65.7
Егорова Ирина Денисовна,Ж,2023,очная,Медицинская биохимия,"Казань, ул. Победы, д. 83, кв. 52",+375197370480,85.6,,,52.2,,66.2,,52.3,56.9,67.3
Соколов Андрей Владимирович,М,2023,очная,Химия,"Екатеринбург, ул. Центральная, д. 71, кв. 137",+375359724606,82.9,,61.5,,,60.4,,71.8,64.56666666666666,71.3
Петров Роман Алексеевич,М,2023,очная,Химия,"Нижний Новгород, ул. Зелёная, д. 172, кв. 31",+375778551233,84.0,77.2,,,,,97.0,72.1,82.1,82.7
Петров Егор Денисович,М,2023,очно-заочная,Медицинская биохимия,"Казань, ул. Мира, д. 41, кв. 71",+375709330245,92.2,66.2,65.6,,,,,77.3,69.7,76.8
Козлов Михаил Никитич,М,2023,очная,История,"Санкт-Петербург, ул. Ленина, д. 160, кв. 144",+375888087100,79.7,,40.6,56.6,,,,51.1,49.43333333333334,59.5
Козлов Максим Алексеевич,М,2023,очная,Химия,"Пермь, ул. Советская, д. 53, кв. 139",+375586410102,86.7,,50.0,,,53.1,58.3,,53.79999999999999,64.6
Соколов Максим Иванович,М,2023,очно-заочная,История,"Нижний Новгород, ул. Строителей, д. 82, кв. 70",+375572989467,75.6,,79.3,48.6,,69.2,,,65.7,68.9
Козлов Дмитрий Алексеевич,М,2023,очная,Информатика и вычислительная техника,"Новосибирск, ул. Центральная, д. 147, кв. 63",+375211401865,81.2,,55.6,69.0,,66.2,,,63.6,69.1
Сидоров Илья Алексеевич,М,2023,очно-заочная,Информатика и вычислительная техника,"Новосибирск, ул. Советская, д. 80, кв. 157",+375864855304,75.0,55.8,,,68.3,67.6,,,63.9,68.5
Кузнецов Егор Никитич,М,2023,очная,Химия,"Нижний Новгород, ул. Строителей, д. 114, кв. 13",+375877482208,80.9,,,70.6,61.0,,,63.9,65.16666666666667,69.9
Смирнов Андрей Петрович,М,2023,заочная,Информатика и вычислительная техника,"Новосибирск, ул. Ленина, д. 121, кв. 173",+375517881163,80.2,,60.0,,70.9,,66.9,,65.93333333333334,70.3
Кузнецов Илья Михайлович,М,2023,очная,Биология,"Москва, ул. Советская, д. 99, кв. 14",+375071242661,65.6,55.1,,65.7,66.1,,,,62.300000000000004,63.2
Смирнов Максим Петрович,М,2023,очная,История,"Санкт-Петербург, ул. Новая, д. 101, кв. 46",+375659881645,74.3,,66.6,,65.5,,72.8,,68.3,68.4
Васильева Светлана Алексеевна,Ж,2023,очная,История,"Самара, ул. Пролетарская, д. 162, кв. 177",+375065308317,79.4,58.9,56.8,,,62.6,,,59.43333333333333,66.4
Новиков Максим Никитич,М,2023,очная,Химия,"Краснодар, ул. Пролетарская, д. 92, кв. 80",+375145700348,64.5,,,62.9,,,73.0,54.1,63.333333333333336,62.8
Соколова Виктория Ивановна,Ж,2023,заочная,Информатика и вычислительная техника,"Нижний Новгород, ул. Победы, д. 183, кв. 195",+375667440858,77.4,,60.7,,,,57.1,70.2,62.666666666666664,66.0
Соколова Мария Михайловна,Ж,2023,заочная,Прикладная математика,"Пермь, ул. Советская, д. 194, кв. 196",+375241947173,84.1,,,63.6,,41.8,61.1,,55.5,67.2
Новиков Сергей Владимирович,М,2023,очная,Экономика,"Краснодар, ул. Пролетарская, д. 34, кв. 24",+375990406722,85.8,,,,,78.1,51.3,71.7,67.03333333333332,72.9
Соколова Виктория Денисовна,Ж,2023,очная,Медицинская биохимия,"Краснодар, ул. Советская, д. 117, кв. 80",+375632726105,73.3,,62.0,,94.0,72.8,,,76.26666666666667,74.9
Кузьмина Светлана Михайловна,Ж,2023,очно-заочная,Медицинская биохимия,"Краснодар, ул. Зелёная, д. 60, кв. 58",+375709822308,86.2,,55.2,80.2,,,,68.6,68.0,75.7
Кузнецов Михаил Владимирович,М,2023,заочная,История,"Новосибирск, ул. Пролетарская, д. 67, кв. 94",+375293030446,85.2,,,,61.6,,49.5,63.2,58.1,66.3
Лебедев Илья Петрович,М,2023,очная,Химия,"Воронеж, ул. Мира, д. 180, кв. 171",+375736325328,65.1,61.3,68.9,,,50.5,,,60.23333333333333,63.3
Васильева Анна Денисовна,Ж,2023,очная,Химия,"Нижний Новгород, ул. Школьная, д. 117, кв. 125",+375465946591,78.7,59.4,,47.1,,,,60.1,55.53333333333333,62.6
Фёдорова Елена Денисовна,Ж,2023,очная,Биология,"Москва, ул. Советская, д. 122, кв. 29",+375212075175,79.4,77.3,,,,75.5,,43.7,65.5,70.7
Попов Сергей Алексеевич,М,2023,очно-заочная,Физика,"Нижний Новгород, ул. Зелёная, д. 119, кв. 44",+375606275378,87.1,55.6,,69.3,57.4,,,,60.76666666666667,70.7
Попов Егор Никитич,М,2023,очная,Экономика,"Казань, ул. Школьная, д. 155, кв. 148",+375915449277,79.7,77.1,,73.9,,,50.6,,67.2,73.2
Сидоров Никита Никитич,М,2023,очная,Физика,"Новосибирск, ул. Строителей, д. 27, кв. 104",+375479721818,86.4,,61.6,68.9,,,,59.7,63.4,71.9
Козлов Андрей Петрович,М,2023,очная,История,"Санкт-Петербург, ул. Школьная, д. 143, кв. 167",+375319038838,73.3,,79.9,53.0,,,,60.1,64.33333333333333,67.3
Павлова Александра Денисовна,Ж,2023,очно-заочная,Медицинская биохимия,"Санкт-Петербург, ул. Центральная, д. 137, кв. 119",+375509581513,68.4,65.4,,,57.6,,,54.0,59.0,62.6
Смирнов Дмитрий Денисович,М,2023,очная,Биология,"Воронеж, ул. Пролетарская, д. 106, кв. 62",+375768601562,74.1,65.0,73.1,,49.4,,,,62.5,65.4
Сидоров Сергей Петрович,М,2023,очная,Биология,"Самара, ул. Победы, д. 141, кв. 41",+375865504926,87.5,69.1,67.9,,,,,66.1,67.7,75.4
Кузьмина Анна Владимировна,Ж,2023,очная,Биология,"Краснодар, ул. Новая, д. 17, кв. 88",+375924629157,83.6,,,69.9,,69.6,58.4,,65.96666666666667,70.9
Соколов Роман Сергеевич,М,2023,очная,История,"Екатеринбург, ул. Пролетарская, д. 111, кв. 112",+375387662540,91.9,68.5,,,62.9,67.2,,,66.2,75.4
Попов Максим Никитич,М,2023,очная,Физика,"Самара, ул. Школьная, д. 140, кв. 178",+375203923825,69.3,,,67.7,,64.3,,53.2,61.73333333333333,65.0
Васильева Ольга Денисовна,Ж,2023,очная,Медицинская биохимия,"Екатеринбург, ул. Мира, д. 170, кв. 172",+375568607489,84.2,,,82.3,,62.9,,81.2,75.46666666666665,80.1
Фёдорова Светлана Денисовна,Ж,2023,очная,Биология,"Санкт-Петербург, ул. Пролетарская, д. 125, кв. 30",+375441298602,82.5,62.1,,66.6,,62.7,,,63.79999999999999,70.1
Лебедев Илья Иванович,М,2023,очная,Медицинская биохимия,"Самара, ул. Пролетарская, д. 119, кв. 84",+375108741061,76.3,69.5,95.2,81.7,,,,,82.13333333333333,81.2
Егорова Мария Денисовна,Ж,2023,очная,Информатика и вычислительная техника,"Пермь, ул. Советская, д. 114, кв. 46",+375016695422,82.7,,53.9,,66.7,,,76.3,65.63333333333333,70.3
Кузнецов Сергей Никитич,М,2023,очно-заочная,Химия,"Казань, ул. Новая, д. 18, кв. 154",+375838313554,78.8,,,71.4,,73.4,40.0,,61.6,66.2
Иванов Александр Михайлович,М,2023,заочная,Химия,"Санкт-Петербург, ул. Пролетарская, д. 198, кв. 98",+375024508292,80.8,,,,80.1,71.4,,62.8,71.43333333333334,74.8
Баранова Наталья Денисовна,Ж,2023,очная,Медицинская биохимия,"Нижний Новгород, ул. Зелёная, д. 166, кв. 170",+375172516389,82.1,,67.7,,46.4,84.7,,,66.26666666666667,72.2
Козлов Илья Иванович,М,2023,заочная,Прикладная математика,"Москва, ул. Советская, д. 56, кв. 36",+375867241967,83.9,72.2,,81.1,,76.8,,,76.7,79.7
Соколов Дмитрий Алексеевич,М,2023,очная,Прикладная математика,"Самара, ул. Ленина, д. 194, кв. 38",+375869978591,78.5,,69.2,,,,79.7,82.9,77.26666666666667,78.7
Попов Илья Владимирович,М,2023,очная,История,"Новосибирск, ул. Зелёная, д. 137, кв. 75",+375138617687,88.7,,68.3,,66.3,68.7,,,67.76666666666667,74.3
Иванов Егор Владимирович,М,2023,очная,История,"Воронеж, ул. Пролетарская, д. 148, кв. 115",+375201135383,76.7,71.4,,66.5,,,62.6,,66.83333333333333,70.8
Новиков Александр Сергеевич,М,2023,очная,Химия,"Екатеринбург, ул. Победы, д. 175, кв. 82",+375559907252,89.3,,,60.9,,,72.8,66.8,66.83333333333333,73.4
Козлов Егор Михайлович,М,2023,очно-заочная,Информатика и вычислительная техника,"Казань, ул. Пролетарская, д. 174, кв. 78",+375140862352,71.2,,61.1,,,56.5,74.5,,64.03333333333333,65.4
Соколов Дмитрий Денисович,М,2023,очно-заочная,Экономика,"Воронеж, ул. Школьная, д. 23, кв. 150",+375658432902,72.1,,,,75.9,,77.0,84.4,79.10000000000001,74.9
Смирнов Андрей Петрович,М,2023,очно-заочная,Физика,"Москва, ул. Пролетарская, д. 131, кв. 104",+375266027866,72.4,,57.8,54.2,64.9,,,,58.96666666666667,64.7
Морозова Екатерина Владимировна,Ж,2023,очная,Физика,"Новосибирск, ул. Центральная, д. 16, кв. 95",+375752060089,83.7,,,,61.3,68.5,,60.1,63.300000000000004,70.5
Соловьёва Александра Никитична,Ж,2023,очная,История,"Пермь, ул. Ленина, д. 1, кв. 181",+375635065362,73.2,,,52.8,84.4,,,62.8,66.66666666666667,67.9
Павлова Екатерина Владимировна,Ж,2023,очная,Информатика и вычислительная техника,"Пермь, ул. Школьная, д. 29, кв. 73",+375032014703,86.9,,51.2,,,40.0,74.8,,55.333333333333336,66.6
Соколова Светлана Ивановна,Ж,2023,очная,История,"Москва, ул. Победы, д. 111, кв. 180",+375346750625,74.8,65.8,,54.1,,,75.1,,65.0,67.8
Сидоров Александр Никитич,М,2023,очная,Экономика,"Самара, ул. Новая, д. 161, кв. 82",+375769588000,80.4,,,91.4,71.4,,,61.2,74.66666666666667,78.0
Козлов Михаил Денисович,М,2023,очная,Физика,"Воронеж, ул. Новая, д. 98, кв. 112",+375796213269,81.8,75.1,,,,,69.4,65.7,70.06666666666666,74.3
Баранова Екатерина Алексеевна,Ж,2023,очная,Медицинская биохимия,"Пермь, ул. Победы, д. 170, кв. 45",+375752516963,71.9,67.5,60.4,,,,44.1,,57.333333333333336,60.6
Баранова Александра Никитична,Ж,2023,очная,История,"Краснодар, ул. Мира, д. 49, кв. 143",+375736346929,69.7,79.8,52.7,,,65.3,,,65.93333333333334,69.2
Егорова Екатерина Михайловна,Ж,2023,очно-заочная,Биология,"Воронеж, ул. Школьная, д. 107, кв. 40",+375424296088,79.7,76.5,,53.9,,,,68.5,66.3,69.3
Попов Роман Денисович,М,2023,заочная,Медицинская биохимия,"Казань, ул. Мира, д. 35, кв. 3",+375489542739,76.3,69.0,,,82.2,65.4,,,72.2,74.4
Смирнов Роман Денисович,М,2023,заочная,Экономика,"Санкт-Петербург, ул. Ленина, д. 37, кв. 185",+375257854118,81.0,,,,74.5,58.0,84.5,,72.33333333333333,75.1
Попов Александр Никитич,М,2023,очная,Экономика,"Краснодар, ул. Новая, д. 35, кв. 22",+375112236813,69.9,,67.0,,53.1,,66.0,,62.03333333333333,63.8
Соколов Дмитрий Михайлович,М,2023,очная,История,"Новосибирск, ул. Новая, д. 117, кв. 179",+375819097867,75.9,,,,59.5,65.6,59.0,,61.36666666666667,67.2
Баранова Анна Денисовна,Ж,2023,очная,Химия,"Самара, ул. Новая, д. 160, кв. 47",+375331718303,76.9,58.7,,,54.3,,67.3,,60.1,64.5
Баранова Ирина Сергеевна,Ж,2023,очно-заочная,История,"Краснодар, ул. Строителей, д. 109, кв. 142",+375256715594,63.4,73.4,60.3,,,75.8,,,69.83333333333333,69.0
Новиков Александр Денисович,М,2023,очная,Химия,"Краснодар, ул. Новая, д. 91, кв. 58",+375996239832,84.0,72.9,,,,,65.8,50.8,63.166666666666664,69.5
Медведева Екатерина Владимировна,Ж,2023,очная,Экономика,"Новосибирск, ул. Новая, д. 155, кв. 2",+375143765129,73.5,,,,78.4,63.7,57.0,,66.36666666666667,68.3
Павлова Екатерина Ивановна,Ж,2023,заочная,Информатика и вычислительная техника,"Самара, ул. Зелёная, д. 188, кв. 61",+375884217596,87.0,,79.4,87.4,,,54.2,,73.66666666666667,78.9
Петров Роман Сергеевич,М,2023,очная,Экономика,"Пермь, ул. Центральная, д. 106, кв. 140",+375009192042,73.8,,,,,61.3,56.4,79.9,65.86666666666666,66.6
Лебедев Александр Никитич,М,2023,очная,Физика,"Самара, ул. Школьная, д. 9, кв. 10",+375075828802,74.9,51.9,,,,79.8,68.0,,66.56666666666666,69.4
Сидоров Никита Владимирович,М,2023,очная,Медицинская биохимия,"Самара, ул. Зелёная, д. 181, кв. 95",+375573485663,70.5,,68.9,,63.3,58.4,,,63.53333333333333,67.5
Соколов Сергей Денисович,М,2023,очная,Медицинская биохимия,"Санкт-Петербург, ул. Пролетарская, д. 124, кв. 177",+375334478160,84.9,,43.5,,,59.4,65.0,,55.96666666666667,66.8
Сидоров Александр Сергеевич,М,2023,очная,Прикладная математика,"Санкт-Петербург, ул. Мира, д. 187, кв. 188",+375039611091,80.7,58.5,52.4,67.0,,,,,59.300000000000004,66.3
Попов Андрей Денисович,М,2023,очная,Прикладная математика,"Пермь, ул. Центральная, д. 120, кв. 133",+375685919986,86.4,,56.3,,,56.3,,50.1,54.23333333333333,66.1
Соколов Андрей Никитич,М,2023,очная,Экономика,"Санкт-Петербург, ул. Строителей, д. 157, кв. 23",+375081383206,76.8,73.0,,70.6,62.5,,,,68.7,73.3
Лебедев Максим Никитич,М,2023,очная,Физика,"Екатеринбург, ул. Зелёная, д. 162, кв. 190",+375593553597,77.7,,63.3,,83.4,,,63.8,70.16666666666667,71.6
Соловьёва Светлана Михайловна,Ж,2023,заочная,Прикладная математика,"Санкт-Петербург, ул. Строителей, д. 149, кв. 80",+375239039987,67.9,71.7,,52.8,,,,56.4,60.300000000000004,63.1
Лебедев Роман Сергеевич,М,2023,очная,Медицинская биохимия,"Самара, ул. Ленина, д. 88, кв. 137",+375369289319,74.3,,58.9,,,62.2,54.4,,58.5,63.0
Кузьмина Ольга Михайловна,Ж,2023,очная,История,"Москва, ул. Зелёная, д. 117, кв. 132",+375419590532,79.0,94.6,,62.1,,,,63.6,73.43333333333332,76.8
Смирнов Сергей Михайлович,М,2023,очная,Информатика и вычислительная техника,"Краснодар, ул. Пролетарская, д. 188, кв. 85",+375168258164,80.3,,,66.7,63.5,,,93.2,74.46666666666665,77.4
Фёдорова Ольга Никитична,Ж,2023,заочная,Информатика и вычислительная техника,"Воронеж, ул. Школьная, д. 76, кв. 75",+375468389832,88.9,79.6,60.7,54.0,,,,,64.76666666666667,74.4
Попов Михаил Михайлович,М,2023,очная,Физика,"Новосибирск, ул. Ленина, д. 178, кв. 153",+375181544354,66.9,,,,,65.2,68.7,48.2,60.70000000000001,64.6
Петров Илья Владимирович,М,2023,очная,Экономика,"Казань, ул. Пролетарская, д. 67, кв. 16",+375385999295,79.4,,70.8,67.9,75.1,,,,71.26666666666667,73.0
Соловьёва Елена Алексеевна,Ж,2023,заочная,Прикладная математика,"Краснодар, ул. Пролетарская, д. 44, кв. 147",+375049578213,75.7,69.4,,,,70.8,87.0,,75.73333333333333,73.9
Соколова Ирина Михайловна,Ж,2023,заочная,История,"Москва, ул. Центральная, д. 189, кв. 160",+375772329135,78.5,,,,42.4,86.1,,67.8,65.43333333333334,69.2
Соловьёва Мария Денисовна,Ж,2023,очная,Информатика и вычислительная техника,"Москва, ул. Центральная, д. 125, кв. 22",+375421808065,78.6,54.1,,64.2,,,,69.1,62.46666666666667,67.7
Лебедев Илья Сергеевич,М,2023,заочная,Информатика и вычислительная техника,"Новосибирск, ул. Строителей, д. 20, кв. 72",+375622031972,76.9,,,69.0,66.3,72.9,,,69.4,72.5
Козлов Сергей Михайлович,М,2023,очная,Биология,"Казань, ул. Мира, д. 158, кв. 72",+375668507024,71.2,68.0,,64.5,,,,69.5,67.33333333333333,69.9
Кузьмина Светлана Алексеевна,Ж,2023,очная,Экономика,"Казань, ул. Центральная, д. 4, кв. 190",+375786824970,70.1,68.2,66.7,66.8,,,,,67.23333333333333,67.6
Баранова Мария Сергеевна,Ж,2023,очная,Биология,"Санкт-Петербург, ул. Пролетарская, д. 45, кв. 152",+375760995014,76.4,57.4,,65.2,60.7,,,,61.1,66.3
Соколова Ольга Сергеевна,Ж,2023,очная,Медицинская биохимия,"Новосибирск, ул. Зелёная, д. 95, кв. 45",+375190577752,69.5,51.5,,,60.3,,66.4,,59.4,64.1
Соколова Ольга Петровна,Ж,2023,очно-заочная,Информатика и вычислительная техника,"Казань, ул. Победы, д. 125, кв. 47",+375014949008,77.3,72.0,62.2,,,67.1,,,67.1,69.6
Попов Никита Денисович,М,2023,очная,Физика,"Пермь, ул. Ленина, д. 88, кв. 22",+375169367403,76.5,,69.0,,62.0,78.1,,,69.7,70.9
Васильева Мария Ивановна,Ж,2023,очная,Химия,"Новосибирск, ул. Пролетарская, д. 40, кв. 127",+375929499516,63.3,85.0,,,64.0,,,59.5,69.5,67.7
Сидоров Андрей Владимирович,М,2023,очно-заочная,Химия,"Воронеж, ул. Новая, д. 61, кв. 170",+375209289553,89.6,,76.0,78.0,,,50.5,,68.16666666666667,75.4
Лебедев Михаил Сергеевич,М,2023,очно-заочная,История,"Краснодар, ул. Мира, д. 54, кв. 148",+375746844351,78.5,,66.2,,53.5,,77.7,,65.8,72.0
Попов Илья Михайлович,М,2023,очная,Информатика и вычислительная техника,"Нижний Новгород, ул. Ленина, д. 165, кв. 68",+375201177154,63.4,,,67.2,,,70.7,82.3,73.39999999999999,69.3
Петров Александр Сергеевич,М,2023,очная,Информатика и вычислительная техника,"Санкт-Петербург, ул. Ленина, д. 43, кв. 119",+375244422361,79.5,,56.8,,65.3,62.9,,,61.666666666666664,68.9
Иванов Андрей Алексеевич,М,2023,очная,Медицинская биохимия,"Воронеж, ул. Зелёная, д. 78, кв. 122",+375933097076,76.8,68.0,,79.9,,,,64.7,70.86666666666667,73.3
Сидоров Никита Иванович,М,2023,очно-заочная,Информатика и вычислительная техника,"Пермь, ул. Победы, д. 98, кв. 175",+375874792963,70.1,,,,70.4,,71.0,57.8,66.39999999999999,65.9
Фёдорова Елена Алексеевна,Ж,2023,очно-заочная,Физика,"Воронеж, ул. Зелёная, д. 68, кв. 38",+375486359698,79.9,,67.1,57.2,,,,84.6,69.63333333333333,71.6
Иванов Илья Иванович,М,2023,заочная,Биология,"Пермь, ул. Новая, д. 4, кв. 74",+375392708017,72.3,60.4,,,75.9,,68.8,,68.36666666666667,68.6
Баранова Ирина Петровна,Ж,2023,очная,Информатика и вычислительная техника,"Краснодар, ул. Новая, д. 174, кв. 81",+375862651299,79.2,,54.9,76.9,,,71.9,,67.9,70.4
Смирнов Егор Денисович,М,2023,очная,Информатика и вычислительная техника,"Пермь, ул. Ленина, д. 25, кв. 137",+375493137449,73.8,75.4,54.3,69.0,,,,,66.23333333333333,68.2
Козлов Андрей Денисович,М,2023,очная,Медицинская биохимия,"Нижний Новгород, ул. Новая, д. 157, кв. 167",+375275118698,72.6,71.2,81.8,,52.9,,,,68.63333333333334,70.3
Медведева Екатерина Денисовна,Ж,2023,очная,Экономика,"Казань, ул. Школьная, д. 70, кв. 69",+375540552222,77.9,,,71.8,79.1,,81.3,,77.39999999999999,78.0
Кузнецов Илья Петрович,М,2023,очная,Прикладная математика,"Санкт-Петербург, ул. Центральная, д. 168, кв. 150",+375691991296,68.3,67.1,60.2,,,,54.7,,60.666666666666664,63.7
Сидоров Егор Денисович,М,2023,заочная,Экономика,"Воронеж, ул. Зелёная, д. 198, кв. 173",+375268936877,77.5,,,80.2,53.2,,76.1,,69.83333333333333,71.0
Сидоров Илья Иванович,М,2023,очная,Медицинская биохимия,"Екатеринбург, ул. Пролетарская, д. 198, кв. 50",+375844247437,81.9,61.0,,,63.6,,69.6,,64.73333333333333,71.1
Смирнов Егор Сергеевич,М,2023,очная,Экономика,"Пермь, ул. Школьная, д. 174, кв. 177",+375654491377,85.6,,59.8,,61.6,58.7,,,60.03333333333334,68.6
Баранова Екатерина Владимировна,Ж,2023,очно-заочная,Медицинская биохимия,"Новосибирск, ул. Школьная, д. 141, кв. 3",+375014896940,84.5,,,73.9,74.4,72.5,,,73.60000000000001,79.0
Козлов Никита Никитич,М,2023,очная,Физика,"Москва, ул. Советская, д. 4, кв. 106",+375576143890,86.1,,,,65.8,,64.5,77.7,69.33333333333333,76.8
Егорова Мария Петровна,Ж,2023,очно-заочная,История,"Санкт-Петербург, ул. Строителей, д. 27, кв. 176",+375528458878,75.3,54.1,74.9,,,,60.3,,63.1,68.4
Сидоров Максим Денисович,М,2023,очная,Информатика и вычислительная техника,"Краснодар, ул. Школьная, д. 57, кв. 186",+375354431580,71.9,62.3,79.8,,,,,55.5,65.86666666666666,68.8
Павлова Александра Ивановна,Ж,2023,очная,Медицинская биохимия,"Казань, ул. Центральная, д. 50, кв. 9",+375652038121,82.9,,53.0,40.0,,62.7,,,51.9,61.2
Егорова Ирина Сергеевна,Ж,2023,очная,Медицинская биохимия,"Москва, ул. Пролетарская, д. 24, кв. 15",+375197267217,74.9,54.6,83.3,,,,63.5,,67.13333333333334,68.2
Кузьмина Наталья Никитична,Ж,2023,очная,Прикладная математика,"Самара, ул. Победы, д. 154, кв. 164",+375260582657,78.0,60.4,,64.6,,,73.5,,66.16666666666667,71.7
Новиков Илья Иванович,М,2023,заочная,Медицинская биохимия,"Санкт-Петербург, ул. Советская, д. 23, кв. 155",+375223283577,82.5,73.6,,,73.3,59.1,,,68.66666666666666,73.2
Попов Илья Сергеевич,М,2023,очная,Химия,"Новосибирск, ул. Новая, д. 169, кв. 196",+375445969635,90.1,,,65.0,64.8,,,74.2,68.0,75.5
Петров Александр Денисович,М,2023,очная,История,"Самара, ул. Мира, д. 29, кв. 179",+375644165032,81.2,67.9,,76.5,70.8,,,,71.73333333333333,76.4
Васильева Ирина Владимировна,Ж,2023,очная,Информатика и вычислительная техника,"Новосибирск, ул. Центральная, д. 76, кв. 120",+375269378243,79.2,,69.1,,45.6,,,71.3,62.0,68.5
Кузьмина Светлана Петровна,Ж,2023,очная,Информатика и вычислительная техника,"Санкт-Петербург, ул. Зелёная, д. 71, кв. 197",+375959372405,71.3,,72.4,,,62.4,,60.1,64.96666666666667,65.9
Соловьёва Ирина Сергеевна,Ж,2023,заочная,Прикладная математика,"Воронеж, ул. Школьная, д. 66, кв. 42",+375478772334,85.0,,68.7,67.1,,,,81.3,72.36666666666667,75.6
Сидоров Сергей Денисович,М,2023,очная,Физика,"Санкт-Петербург, ул. Центральная, д. 199, кв. 16",+375889070167,80.5,82.4,,60.4,,,,52.6,65.13333333333334,68.5
Фёдорова Екатерина Никитична,Ж,2023,очно-заочная,Информатика и вычислительная техника,"Воронеж, ул. Новая, д. 86, кв. 16",+375026877892,75.9,,54.8,,68.9,,51.0,,58.23333333333333,65.3
Медведева Елена Денисовна,Ж,2024,заочная,Химия,"Казань, ул. Центральная, д. 46, кв. 113",+375707670564,75.6,70.4,83.2,,87.9,,,,80.50000000000001,78.7
Кузнецов Андрей Сергеевич,М,2024,очная,Информатика и вычислительная техника,"Санкт-Петербург, ул. Зелёная, д. 52, кв. 157",+375462560137,75.9,,,,,65.0,54.5,56.4,58.63333333333333,66.5
Петров Роман Денисович,М,2024,заочная,Химия,"Воронеж, ул. Мира, д. 166, кв. 126",+375950946587,78.6,,76.1,,,66.2,50.8,,64.36666666666667,70.2
Соловьёва Светлана Петровна,Ж,2024,очная,История,"Санкт-Петербург, ул. Мира, д. 139, кв. 197",+375346748933,69.5,,65.6,,,66.9,,51.6,61.36666666666667,62.6
Морозова Виктория Ивановна,Ж,2024,очная,История,"Воронеж, ул. Победы, д. 158, кв. 165",+375707403137,85.6,62.5,60.1,,,,,78.1,66.89999999999999,72.1
Медведева Светлана Сергеевна,Ж,2024,очная,Биология,"Санкт-Петербург, ул. Зелёная, д. 184, кв. 67",+375406082259,84.5,52.7,,56.8,71.9,,,,60.46666666666667,68.9
Козлов Роман Алексеевич,М,2024,очно-заочная,Биология,"Санкт-Петербург, ул. Ленина, д. 19, кв. 19",+375550457042,77.3,,68.4,,72.0,,,51.2,63.866666666666674,70.3
Соловьёва Екатерина Денисовна,Ж,2024,заочная,Химия,"Самара, ул. Центральная, д. 199, кв. 115",+375176964841,75.9,62.3,69.4,,,69.4,,,67.03333333333333,69.1
Кузнецов Дмитрий Денисович,М,2024,очная,Физика,"Москва, ул. Зелёная, д. 39, кв. 168",+375234264456,78.2,55.3,,,79.4,,,56.5,63.73333333333333,70.1
Козлов Дмитрий Денисович,М,2024,очно-заочная,Информатика и вычислительная техника,"Москва, ул. Ленина, д. 171, кв. 100",+375997834478,79.2,,,77.0,92.4,48.4,,,72.60000000000001,74.2
Лебедев Александр Алексеевич,М,2024,очная,Медицинская биохимия,"Казань, ул. Мира, д. 180, кв. 85",+375642084893,76.5,,62.5,,,,65.0,90.1,72.53333333333333,73.0
Егорова Светлана Денисовна,Ж,2024,очная,Информатика и вычислительная техника,"Воронеж, ул. Пролетарская, д. 1, кв. 132",+375431073457,84.3,,76.7,66.2,82.8,,,,75.23333333333333,80.0
Соколова Виктория Денисовна,Ж,2024,очная,Биология,"Краснодар, ул. Зелёная, д. 112, кв. 104",+375763536049,69.8,71.0,,,84.0,51.7,,,68.89999999999999,67.4
Соколова Ирина Владимировна,Ж,2024,заочная,Экономика,"Санкт-Петербург, ул. Строителей, д. 58, кв. 1",+375936843848,74.0,66.0,,,80.9,,70.4,,72.43333333333334,73.6
Иванов Илья Сергеевич,М,2024,очная,Медицинская биохимия,"Воронеж, ул. Зелёная, д. 32, кв. 146",+375736493448,83.0,57.8,,83.4,,,,58.2,66.46666666666665,70.4
Морозова Виктория Ивановна,Ж,2024,очная,Химия,"Пермь, ул. Школьная, д. 86, кв. 175",+375853121454,80.2,,,69.4,,,58.2,58.3,61.96666666666667,69.6
Попов Никита Петрович,М,2024,очная,Медицинская биохимия,"Казань, ул. Новая, д. 15, кв. 162",+375148391228,74.2,,57.4,,74.4,,80.6,,70.8,73.3
Соколова Светлана Петровна,Ж,2024,очная,Экономика,"Санкт-Петербург, ул. Школьная, д. 137, кв. 88",+375300661884,80.7,81.4,67.2,67.0,,,,,71.86666666666667,76.5
Иванов Михаил Михайлович,М,2024,очная,Информатика и вычислительная техника,"Санкт-Петербург, ул. Зелёная, д. 195, кв. 197",+375222537408,73.5,76.2,,,,,63.7,59.7,66.53333333333335,67.7
Сидоров Никита Алексеевич,М,2024,очная,Информатика и вычислительная техника,"Казань, ул. Победы, д. 46, кв. 142",+375050294969,76.4,,,72.5,,,45.8,74.5,64.26666666666667,67.0
Попов Никита Владимирович,М,2024,заочная,Физика,"Москва, ул. Новая, д. 170, кв. 49",+375785878938,84.6,,54.9,84.8,72.6,,,,70.76666666666667,75.6
Соколов Михаил Владимирович,М,2024,очная,Прикладная математика,"Казань, ул. Новая, д. 28, кв. 162",+375644019275,83.9,53.2,,56.9,,73.7,,,61.26666666666667,68.3
Медведева Мария Алексеевна,Ж,2024,очная,Медицинская биохимия,"Нижний Новгород, ул. Зелёная, д. 22, кв. 162",+375940822131,80.0,,50.8,57.5,55.6,,,,54.63333333333333,63.9
Петров Егор Алексеевич,М,2024,очная,Биология,"Краснодар, ул. Победы, д. 36, кв. 10",+375896725950,72.0,,,67.3,69.7,,70.2,,69.06666666666666,70.1
Соколов Андрей Алексеевич,М,2024,заочная,Экономика,"Екатеринбург, ул. Ленина, д. 185, кв. 152",+375522299743,76.0,59.2,,40.0,,,66.7,,55.300000000000004,61.1
Соколова Ольга Ивановна,Ж,2024,очно-заочная,Экономика,"Екатеринбург, ул. Зелёная, д. 100, кв. 17",+375880174609,78.9,65.6,,,,68.8,69.3,,67.89999999999999,72.7
Лебедев Илья Владимирович,М,2024,очная,Экономика,"Пермь, ул. Центральная, д. 128, кв. 137",+375429118336,87.0,,62.0,65.2,,,,67.0,64.73333333333333,73.7
Егорова Светлана Сергеевна,Ж,2024,очно-заочная,Биология,"Краснодар, ул. Ленина, д. 10, кв. 87",+375991225243,67.6,,,66.6,,,66.0,62.4,65.0,67.8
Фёдорова Ольга Никитична,Ж,2024,очная,Прикладная математика,"Москва, ул. Школьная, д. 185, кв. 11",+375279256612,73.1,,,,,58.5,61.0,66.6,62.03333333333333,65.5
Кузьмина Екатерина Сергеевна,Ж,2024,очная,Информатика и вычислительная техника,"Воронеж, ул. Советская, д. 55, кв. 168",+375993612669,85.1,,58.0,80.9,,69.0,,,69.3,74.2
Иванов Дмитрий Владимирович,М,2024,очная,Физика,"Пермь, ул. Зелёная, д. 174, кв. 138",+375202463051,86.5,,59.4,71.4,,,47.5,,59.43333333333334,67.7
Соколова Виктория Сергеевна,Ж,2024,очная,Физика,"Новосибирск, ул. Пролетарская, д. 60, кв. 19",+375235564610,77.9,66.4,,,69.2,67.6,,,67.73333333333333,70.0
Морозова Ольга Петровна,Ж,2024,очная,Биология,"Москва, ул. Мира, д. 126, кв. 168",+375970195092,87.5,75.9,76.6,,,78.3,,,76.93333333333334,79.9
Иванов Роман Денисович,М,2024,заочная,Физика,"Москва, ул. Зелёная, д. 159, кв. 12",+375673208955,73.9,70.2,,,,58.4,,44.0,57.53333333333333,65.2
Иванов Роман Сергеевич,М,2024,заочная,Экономика,"Екатеринбург, ул. Мира, д. 4, кв. 45",+375805457411,69.2,,69.4,,,,82.6,86.6,79.53333333333333,74.3
Егорова Анна Денисовна,Ж,2024,очно-заочная,История,"Москва, ул. Центральная, д. 25, кв. 117",+375942927604,83.0,62.3,,,85.8,,65.8,,71.3,74.4
Медведева Ольга Сергеевна,Ж,2024,очная,Прикладная математика,"Самара, ул. Мира, д. 152, кв. 17",+375830741028,86.1,62.6,,,,56.7,70.0,,63.1,69.5
Васильева Анна Михайловна,Ж,2024,очная,Информатика и вычислительная техника,"Санкт-Петербург, ул. Советская, д. 128, кв. 153",+375037797973,86.0,,,50.5,64.5,,,55.3,56.76666666666667,66.1
Баранова Ольга Никитична,Ж,2024,очно-заочная,История,"Самара, ул. Победы, д. 17, кв. 52",+375786187426,73.1,,63.1,,,84.5,,46.8,64.8,66.1
Баранова Виктория Никитична,Ж,2024,очная,Прикладная математика,"Воронеж, ул. Школьная, д. 189, кв. 174",+375128332428,79.5,58.5,63.6,,,,68.3,,63.46666666666666,69.1
Смирнов Сергей Алексеевич,М,2024,очная,Химия,"Воронеж, ул. Школьная, д. 31, кв. 176",+375214505923,83.3,,71.7,,72.2,,,58.6,67.5,72.8
Кузнецов Андрей Владимирович,М,2024,очная,Медицинская биохимия,"Самара, ул. Строителей, д. 36, кв. 83",+375578564839,80.1,,,73.9,,61.5,57.9,,64.43333333333334,68.6
Смирнов Илья Иванович,М,2024,заочная,Биология,"Екатеринбург, ул. Ленина, д. 152, кв. 45",+375540448046,87.0,,,63.6,,50.3,,73.2,62.366666666666674,69.7
Баранова Светлана Алексеевна,Ж,2024,очная,Экономика,"Нижний Новгород, ул. Советская, д. 31, кв. 71",+375556549487,75.9,62.5,,78.3,66.4,,,,69.06666666666668,72.0
Козлов Никита Денисович,М,2024,очная,Физика,"Новосибирск, ул. Новая, д. 44, кв. 179",+375933942764,77.9,66.6,,,59.7,,,59.6,61.96666666666667,67.1
Соловьёва Анна Владимировна,Ж,2024,очно-заочная,Химия,"Нижний Новгород, ул. Строителей, д. 43, кв. 113",+375924294059,79.7,,,,63.2,64.4,58.8,,62.13333333333333,66.5
Соловьёва Светлана Владимировна,Ж,2024,очная,Физика,"Екатеринбург, ул. Пролетарская, д. 11, кв. 35",+375337131092,83.3,52.8,64.5,,,,,59.9,59.06666666666666,69.2
Васильева Елена Михайловна,Ж,2024,очная,История,"Санкт-Петербург, ул. Пролетарская, д. 97, кв. 200",+375756157735,77.1,,49.6,52.0,,75.5,,,59.03333333333333,65.0
Сидоров Никита Денисович,М,2024,очная,Информатика и вычислительная техника,"Новосибирск, ул. Ленина, д. 125, кв. 21",+375487166003,83.9,80.9,,58.0,,64.9,,,67.93333333333334,73.9
Павлова Ольга Михайловна,Ж,2024,очная,Информатика и вычислительная техника,"Москва, ул. Ленина, д. 46, кв. 23",+375436267557,87.9,60.4,71.1,,,,61.1,,64.2,74.0
Лебедев Максим Иванович,М,2024,очно-заочная,Информатика и вычислительная техника,"Самара, ул. Центральная, д. 107, кв. 178",+375765595704,75.2,,,,57.6,,62.6,53.8,58.0,63.6
Егорова Светлана Владимировна,Ж,2024,очная,Экономика,"Краснодар, ул. Мира, д. 53, кв. 37",+375275166474,77.3,,,,,64.8,65.9,48.3,59.666666666666664,67.1
Козлов Андрей Алексеевич,М,2024,очная,Физика,"Казань, ул. Строителей, д. 116, кв. 106",+375083138131,84.1,74.7,57.2,,43.3,,,,58.4,69.1
Кузнецов Никита Михайлович,М,2024,заочная,Химия,"Екатеринбург, ул. Мира, д. 157, кв. 178",+375429184940,89.9,,,,70.4,62.4,,82.2,71.66666666666667,76.7
Соловьёва Ольга Петровна,Ж,2024,заочная,Информатика и вычислительная техника,"Москва, ул. Пролетарская, д. 47, кв. 184",+375560877642,82.1,,,,56.7,79.0,66.1,,67.26666666666667,74.0
Попов Михаил Петрович,М,2024,заочная,Химия,"Краснодар, ул. Пролетарская, д. 23, кв. 161",+375869975472,73.6,,84.3,58.3,,73.2,,,71.93333333333334,71.0
Кузнецов Андрей Иванович,М,2024,очная,Физика,"Казань, ул. Школьная, д. 108, кв. 2",+375612146990,79.5,68.1,53.0,,,,,51.2,57.43333333333334,64.3
Егорова Ирина Ивановна,Ж,2024,очная,Экономика,"Пермь, ул. Победы, д. 50, кв. 31",+375980097558,84.1,,54.4,,,70.9,,55.7,60.333333333333336,69.9
Павлова Мария Сергеевна,Ж,2024,заочная,История,"Пермь, ул. Советская, д. 159, кв. 93",+375373176388,73.4,56.9,,,,60.2,55.6,,57.56666666666666,64.7
Павлова Наталья Никитична,Ж,2024,очно-заочная,Экономика,"Пермь, ул. Строителей, д. 57, кв. 119",+375706468133,71.8,,,,68.8,67.5,64.5,,66.93333333333334,69.4
Соколова Ирина Сергеевна,Ж,2024,очная,Химия,"Екатеринбург, ул. Центральная, д. 14, кв. 50",+375127859116,76.2,,46.9,63.5,,,,60.2,56.866666666666674,62.1
Морозова Ольга Денисовна,Ж,2024,очная,Экономика,"Санкт-Петербург, ул. Мира, д. 176, кв. 122",+375775970802,82.3,,,61.8,,,60.7,65.0,62.5,69.5
Новиков Сергей Сергеевич,М,2024,очная,Экономика,"Краснодар, ул. Мира, д. 41, кв. 172",+375848850965,70.1,48.5,67.0,,,72.1,,,62.53333333333333,65.5
Кузнецов Никита Никитич,М,2024,заочная,История,"Москва, ул. Ленина, д. 166, кв. 94",+375863615513,74.1,77.1,68.7,,,54.3,,,66.7,68.4
Соколов Илья Денисович,М,2024,очная,Физика,"Казань, ул. Победы, д. 112, кв. 65",+375777701382,79.9,59.0,63.5,78.9,,,,,67.13333333333334,73.6
Соловьёва Светлана Михайловна,Ж,2024,очная,Физика,"Нижний Новгород, ул. Пролетарская, д. 195, кв. 117",+375567625493,84.8,,62.0,76.9,,,54.3,,64.39999999999999,70.9
Соловьёва Ирина Денисовна,Ж,2024,очная,Биология,"Москва, ул. Советская, д. 190, кв. 14",+375067165431,80.0,57.3,49.9,61.6,,,,,56.26666666666666,63.4
Петров Михаил Денисович,М,2024,очно-заочная,Экономика,"Пермь, ул. Мира, д. 41, кв. 8",+375954196589,80.5,,66.8,,,,62.5,58.4,62.56666666666667,67.3
Кузнецов Егор Никитич,М,2024,заочная,Физика,"Краснодар, ул. Строителей, д. 30, кв. 19",+375488048655,84.3,52.1,,,,68.0,74.6,,64.89999999999999,71.2
Егорова Александра Ивановна,Ж,2024,очная,Физика,"Екатеринбург, ул. Зелёная, д. 152, кв. 149",+375603053083,87.9,,,76.8,,59.0,71.7,,69.16666666666667,76.5
Кузнецов Роман Алексеевич,М,2024,очно-заочная,Прикладная математика,"Нижний Новгород, ул. Новая, д. 51, кв. 192",+375567887921,87.2,72.8,,73.0,,,,72.0,72.60000000000001,76.6
Кузьмина Анна Владимировна,Ж,2024,заочная,Информатика и вычислительная техника,"Нижний Новгород, ул. Победы, д. 200, кв. 29",+375402023644,66.1,,,71.5,,47.5,81.8,,66.93333333333334,67.7
Сидоров Илья Сергеевич,М,2024,очная,Биология,"Нижний Новгород, ул. Победы, д. 26, кв. 61",+375073941081,78.9,,61.1,,76.2,,58.8,,65.36666666666667,68.6
Павлова Александра Владимировна,Ж,2024,очная,Медицинская биохимия,"Воронеж, ул. Победы, д. 97, кв. 57",+375500838460,83.8,,,72.2,,61.2,58.2,,63.866666666666674,70.6
Кузнецов Роман Денисович,М,2024,очная,Биология,"Санкт-Петербург, ул. Зелёная, д. 150, кв. 125",+375570820055,88.5,77.7,,,,,68.2,63.5,69.8,77.2
Соловьёва Светлана Михайловна,Ж,2024,очно-заочная,Биология,"Москва, ул. Новая, д. 38, кв. 56",+375026922263,82.1,,63.5,66.9,,,,46.1,58.833333333333336,65.5
Фёдорова Наталья Денисовна,Ж,2024,очная,Медицинская биохимия,"Самара, ул. Зелёная, д. 46, кв. 100",+375329813756,73.1,,55.6,66.4,,,85.1,,69.03333333333333,70.8
Соловьёва Екатерина Алексеевна,Ж,2024,очная,Прикладная математика,"Нижний Новгород, ул. Мира, д. 118, кв. 185",+375613995283,73.9,49.2,,62.4,,79.2,,,63.6,68.4
Медведева Екатерина Денисовна,Ж,2024,очно-заочная,Экономика,"Екатеринбург, ул. Школьная, д. 70, кв. 52",+375915059074,74.1,90.5,,,,69.6,80.1,,80.06666666666666,78.4
Медведева Екатерина Ивановна,Ж,2024,очная,История,"Нижний Новгород, ул. Мира, д. 9, кв. 178",+375511825943,80.1,,,,74.5,,62.6,74.2,70.43333333333334,73.9
Соколова Светлана Петровна,Ж,2024,заочная,Физика,"Самара, ул. Ленина, д. 72, кв. 35",+375917961576,75.4,,,66.7,,70.1,59.4,,65.4,70.3
Иванов Александр Владимирович,М,2024,очная,Информатика и вычислительная техника,"Санкт-Петербург, ул. Зелёная, д. 118, кв. 108",+375041566264,60.0,,73.3,,72.1,48.1,,,64.49999999999999,64.9
Павлова Екатерина Петровна,Ж,2024,очная,Химия,"Новосибирск, ул. Школьная, д. 57, кв. 76",+375776515810,71.2,,58.1,64.9,,,58.4,,60.46666666666667,62.9
Соколова Екатерина Сергеевна,Ж,2024,очно-заочная,Экономика,"Самара, ул. Мира, д. 164, кв. 157",+375452761608,75.6,,60.4,,76.9,63.5,,,66.93333333333334,70.7
Лебедев Андрей Никитич,М,2024,очно-заочная,Медицинская биохимия,"Новосибирск, ул. Пролетарская, д. 142, кв. 59",+375651209485,70.1,,60.9,,64.7,,,62.3,62.633333333333326,63.6
Баранова Анна Денисовна,Ж,2024,очная,История,"Санкт-Петербург, ул. Новая, д. 134, кв. 126",+375424714597,71.0,,,,47.0,,45.9,45.9,46.26666666666667,53.1
Соколова Наталья Ивановна,Ж,2024,заочная,Экономика,"Екатеринбург, ул. Пролетарская, д. 122, кв. 119",+375748386531,90.6,,64.8,69.7,76.8,,,,70.43333333333334,76.6
Медведева Светлана Владимировна,Ж,2024,заочная,Медицинская биохимия,"Казань, ул. Ленина, д. 187, кв. 110",+375752696517,78.2,46.6,51.2,,62.4,,,,53.400000000000006,64.0
Иванов Александр Михайлович,М,2024,очная,Физика,"Екатеринбург, ул. Победы, д. 84, кв. 112",+375005486162,76.0,,53.7,,66.3,,61.1,,60.36666666666667,66.0
Смирнов Андрей Иванович,М,2024,заочная,Прикладная математика,"Самара, ул. Победы, д. 152, кв. 39",+375072761060,82.3,,64.9,,43.0,64.6,,,57.5,65.3
Егорова Светлана Алексеевна,Ж,2024,очная,Экономика,"Самара, ул. Ленина, д. 107, кв. 12",+375599763003,85.2,,63.2,54.2,,,81.2,,66.2,71.4
Морозова Мария Алексеевна,Ж,2024,очная,Медицинская биохимия,"Москва, ул. Зелёная, д. 188, кв. 197",+375463909611,91.7,74.0,67.2,77.1,,,,,72.76666666666667,81.1
Кузнецов Сергей Михайлович,М,2024,очная,Физика,"Пермь, ул. Ленина, д. 109, кв. 136",+375799949147,88.5,,76.4,,60.6,68.1,,,68.36666666666666,74.9
Кузьмина Александра Владимировна,Ж,2024,заочная,Физика,"Воронеж, ул. Зелёная, д. 179, кв. 26",+375527841160,80.9,76.4,73.4,,,,,41.7,63.833333333333336,69.0
Соловьёва Мария Владимировна,Ж,2024,очно-заочная,Прикладная математика,"Краснодар, ул. Зелёная, д. 62, кв. 22",+375919303948,69.1,87.6,66.9,,73.9,,,,76.13333333333334,75.1
Новиков Михаил Сергеевич,М,2024,очная,Биология,"Пермь, ул. Ленина, д. 178, кв. 188",+375041851270,72.3,,,,62.3,,59.4,73.3,65.0,68.0
Кузьмина Ольга Петровна,Ж,2024,очная,Экономика,"Воронеж, ул. Победы, д. 34, кв. 92",+375290704364,75.9,73.8,,,,71.4,64.4,,69.86666666666666,70.7
Петров Александр Владимирович,М,2024,очная,Экономика,"Казань, ул. Победы, д. 166, кв. 24",+375704324927,81.3,58.8,72.1,,,,42.0,,57.633333333333326,65.6
Соколов Никита Денисович,М,2024,очная,Биология,"Москва, ул. Зелёная, д. 172, кв. 79",+375208859071,78.9,67.1,,,80.4,50.7,,,66.06666666666666,72.3
Иванов Александр Алексеевич,М,2024,заочная,Информатика и вычислительная техника,"Новосибирск, ул. Зелёная, д. 147, кв. 192",+375872480833,69.5,57.2,,,59.5,,56.7,,57.800000000000004,63.5
Фёдорова Мария Владимировна,Ж,2024,заочная,Информатика и вычислительная техника,"Самара, ул. Ленина, д. 117, кв. 119",+375398573209,68.4,67.9,,,,,71.5,61.8,67.06666666666666,65.8
Новиков Егор Петрович,М,2024,очная,Биология,"Новосибирск, ул. Новая, д. 48, кв. 95",+375637204125,79.9,69.9,77.0,,,,,54.8,67.23333333333333,70.7
Иванов Андрей Сергеевич,М,2024,заочная,История,"Краснодар, ул. Ленина, д. 161, кв. 19",+375225498022,79.0,,79.6,69.9,,53.2,,,67.56666666666666,70.2
Новиков Сергей Денисович,М,2024,очная,Химия,"Воронеж, ул. Школьная, д. 136, кв. 9",+375572257592,77.0,44.0,,,,,89.4,64.2,65.86666666666667,69.9
Соколова Ирина Петровна,Ж,2024,заочная,Физика,"Казань, ул. Новая, д. 193, кв. 70",+375307352588,81.2,,,40.9,,54.1,66.3,,53.76666666666667,64.4
Медведева Ирина Ивановна,Ж,2024,очно-заочная,Химия,"Самара, ул. Строителей, д. 148, кв. 54",+375922362977,85.8,42.2,,,,,42.3,87.4,57.300000000000004,66.5
Попов Максим Иванович,М,2024,очная,Физика,"Санкт-Петербург, ул. Пролетарская, д. 86, кв. 189",+375534152541,80.2,,68.3,,74.7,,,62.6,68.53333333333333,73.6
Новиков Сергей Алексеевич,М,2024,очная,Биология,"Москва, ул. Строителей, д. 173, кв. 94",+375448762935,72.7,,,,62.2,40.6,,78.8,60.53333333333334,65.5
Морозова Елена Михайловна,Ж,2024,заочная,Информатика и вычислительная техника,"Москва, ул. Советская, д. 99, кв. 94",+375287536297,89.8,,55.1,70.5,,,,56.6,60.73333333333333,71.8
Новиков Максим Сергеевич,М,2024,очная,История,"Краснодар, ул. Пролетарская, д. 11, кв. 94",+375024491974,77.2,,58.9,74.7,53.1,,,,62.23333333333333,69.3
Соколов Роман Никитич,М,2024,очная,Информатика и вычислительная техника,"Нижний Новгород, ул. Мира, д. 166, кв. 144",+375664783370,78.6,58.9,64.2,,,61.6,,,61.56666666666666,67.2
Сидоров Никита Петрович,М,2024,очная,Химия,"Санкт-Петербург, ул. Строителей, д. 182, кв. 199",+375353548983,74.4,,,62.7,,61.5,63.6,,62.6,66.1
Попов Андрей Иванович,М,2024,очная,Информатика и вычислительная техника,"Екатеринбург, ул. Мира, д. 86, кв. 62",+375379311045,71.9,66.3,,,,,68.7,58.3,64.43333333333334,67.8
Соколов Дмитрий Сергеевич,М,2024,очная,Биология,"Пермь, ул. Советская, д. 167, кв. 123",+375845523030,72.3,58.8,,59.7,,75.0,,,64.5,68.5
Попов Дмитрий Владимирович,М,2024,очно-заочная,История,"Самара, ул. Победы, д. 193, кв. 191",+375477491506,71.0,74.4,,,64.9,50.9,,,63.400000000000006,64.8
Иванов Егор Михайлович,М,2024,заочная,Химия,"Екатеринбург, ул. Школьная, д. 91, кв. 69",+375345089374,60.2,69.4,61.0,,,,,57.5,62.63333333333333,63.2
Фёдорова Наталья Сергеевна,Ж,2024,очная,История,"Пермь, ул. Новая, д. 71, кв. 14",+375707315141,77.4,66.5,50.6,,67.5,,,,61.53333333333333,65.3
Козлов Егор Владимирович,М,2024,очно-заочная,Экономика,"Санкт-Петербург, ул. Школьная, д. 89, кв. 116",+375250526157,84.9,,64.9,68.0,66.5,,,,66.46666666666667,70.9
Васильева Елена Владимировна,Ж,2024,очная,Физика,"Краснодар, ул. Строителей, д. 135, кв. 32",+375084445153,72.4,,60.2,57.1,,,85.2,,67.5,67.8
Баранова Мария Михайловна,Ж,2024,заочная,Информатика и вычислительная техника,"Краснодар, ул. Строителей, д. 174, кв. 137",+375788729308,93.7,76.2,,,59.8,,94.3,,76.76666666666667,84.6
Петров Сергей Петрович,М,2024,заочная,История,"Казань, ул. Зелёная, д. 159, кв. 95",+375452976094,86.6,52.8,88.4,,69.6,,,,70.26666666666667,76.1
Васильева Ирина Владимировна,Ж,2024,очная,Прикладная математика,"Санкт-Петербург, ул. Победы, д. 118, кв. 23",+375985790962,78.2,57.2,53.4,71.7,,,,,60.76666666666667,65.1
Соколов Максим Никитич,М,2024,очно-заочная,Экономика,"Санкт-Петербург, ул. Новая, д. 46, кв. 74",+375854772114,71.6,40.0,,57.2,,53.7,,,50.300000000000004,59.7
Морозова Александра Петровна,Ж,2024,очная,Информатика и вычислительная техника,"Санкт-Петербург, ул. Советская, д. 43, кв. 71",+375967977921,68.7,61.1,,65.6,,,,76.8,67.83333333333333,69.1
Смирнов Александр Денисович,М,2024,очная,Физика,"Санкт-Петербург, ул. Мира, д. 128, кв. 39",+375302866069,77.6,57.2,,,,57.2,,61.1,58.5,66.5
Смирнов Егор Петрович,М,2024,заочная,История,"Екатеринбург, ул. Строителей, д. 161, кв. 6",+375636729164,78.7,,72.2,,84.8,,,68.2,75.06666666666666,75.2
Петров Максим Алексеевич,М,2024,очная,Химия,"Казань, ул. Новая, д. 175, кв. 139",+375446875685,77.1,,,63.8,,74.0,,72.5,70.10000000000001,71.0
Фёдорова Елена Владимировна,Ж,2024,очная,Физика,"Новосибирск, ул. Зелёная, д. 89, кв. 108",+375037629220,84.7,,76.5,,65.5,,81.9,,74.63333333333334,78.2
Иванов Дмитрий Петрович,М,2024,очная,Прикладная математика,"Краснодар, ул. Ленина, д. 75, кв. 49",+375905043465,87.3,,68.8,47.5,,,79.3,,65.2,74.0
Медведева Александра Петровна,Ж,2024,заочная,История,"Санкт-Петербург, ул. Ленина, д. 60, кв. 134",+375858300962,81.1,,,75.0,,63.7,77.4,,72.03333333333333,75.8
Новиков Роман Никитич,М,2024,очная,Медицинская биохимия,"Нижний Новгород, ул. Новая, д. 149, кв. 88",+375155647610,81.5,41.2,,48.5,43.2,,,,44.300000000000004,57.8
Соколова Елена Михайловна,Ж,2024,очная,Медицинская биохимия,"Нижний Новгород, ул. Зелёная, д. 152, кв. 171",+375844931416,76.4,,,68.8,,,72.2,78.7,73.23333333333333,75.4
Соколов Никита Петрович,М,2024,очно-заочная,Биология,"Пермь, ул. Строителей, д. 114, кв. 118",+375885054355,78.3,56.0,,,,,87.8,64.6,69.46666666666667,71.5
Павлова Светлана Алексеевна,Ж,2024,заочная,Информатика и вычислительная техника,"Казань, ул. Пролетарская, д. 34, кв. 79",+375516389143,80.8,69.5,57.3,,,,,60.0,62.26666666666667,69.4
Сидоров Никита Алексеевич,М,2024,очная,Химия,"Новосибирск, ул. Центральная, д. 59, кв. 124",+375837755798,76.4,,61.7,,,,67.3,69.6,66.2,69.3
Смирнов Илья Михайлович,М,2024,очная,Биология,"Нижний Новгород, ул. Центральная, д. 198, кв. 13",+375400199430,82.3,,68.1,66.1,65.4,,,,66.53333333333333,70.3
Сидоров Михаил Петрович,М,2024,очная,История,"Новосибирск, ул. Школьная, д. 73, кв. 117",+375339308234,72.0,,,,51.2,,62.1,63.1,58.800000000000004,62.2
Соколов Максим Михайлович,М,2024,очная,Медицинская биохимия,"Новосибирск, ул. Пролетарская, д. 42, кв. 183",+375654706546,73.9,48.9,,,,,71.5,58.0,59.46666666666667,65.7
Кузьмина Елена Денисовна,Ж,2024,очная,Медицинская биохимия,"Пермь, ул. Центральная, д. 47, кв. 45",+375208192798,72.0,,,60.8,75.1,70.3,,,68.73333333333333,71.5
Попов Дмитрий Михайлович,М,2024,очно-заочная,Медицинская биохимия,"Новосибирск, ул. Мира, д. 61, кв. 30",+375256063473,74.3,54.9,81.0,44.9,,,,,60.26666666666667,64.3
Фёдорова Ольга Сергеевна,Ж,2024,очно-заочная,История,"Москва, ул. Школьная, д. 148, кв. 33",+375374540651,76.6,,58.4,,70.9,,,66.7,65.33333333333333,68.0
Петров Михаил Алексеевич,М,2024,очная,Медицинская биохимия,"Краснодар, ул. Центральная, д. 95, кв. 48",+375654741504,84.5,,,77.6,91.6,,,68.8,79.33333333333333,79.2
Соколова Ирина Владимировна,Ж,2024,очная,Физика,"Екатеринбург, ул. Строителей, д. 182, кв. 9",+375561052410,78.5,,,,66.8,,64.3,68.3,66.46666666666665,72.5
Новиков Егор Владимирович,М,2024,заочная,Экономика,"Нижний Новгород, ул. Школьная, д. 38, кв. 96",+375039105396,70.6,,,50.0,,66.4,68.7,,61.70000000000001,65.6
Лебедев Егор Никитич,М,2024,очная,История,"Краснодар, ул. Строителей, д. 42, кв. 137",+375549148816,69.9,,71.2,,,,88.8,58.8,72.93333333333334,73.7
Баранова Елена Алексеевна,Ж,2024,заочная,Химия,"Казань, ул. Советская, д. 7, кв. 104",+375932028862,75.8,,,,65.0,74.1,,52.5,63.86666666666667,69.5
Попов Илья Сергеевич,М,2024,очная,Экономика,"Краснодар, ул. Мира, д. 118, кв. 82",+375236614665,83.3,,,,68.5,49.3,56.4,,58.06666666666666,66.3
Попов Михаил Алексеевич,М,2024,очная,Биология,"Новосибирск, ул. Ленина, д. 190, кв. 140",+375997202111,86.7,,,,40.8,79.1,61.2,,60.36666666666667,68.0
Соловьёва Елена Михайловна,Ж,2024,очно-заочная,Химия,"Пермь, ул. Школьная, д. 166, кв. 181",+375409394149,68.8,,66.0,,73.7,,,65.8,68.5,68.6
Баранова Наталья Сергеевна,Ж,2024,очная,Экономика,"Казань, ул. Зелёная, д. 75, кв. 194",+375370490993,80.5,68.9,,,54.7,70.5,,,64.7,68.3
Соколов Егор Михайлович,М,2024,очно-заочная,Прикладная математика,"Самара, ул. Мира, д. 145, кв. 187",+375701061055,75.9,,68.6,,,76.5,,73.8,72.96666666666665,72.6
Попов Никита Петрович,М,2024,очная,Медицинская биохимия,"Краснодар, ул. Школьная, д. 177, кв. 29",+375910929452,76.4,55.4,80.5,,,,53.6,,63.166666666666664,66.7
Павлова Виктория Алексеевна,Ж,2024,очная,Прикладная математика,"Краснодар, ул. Ленина, д. 36, кв. 174",+375841957535,71.9,66.6,66.9,89.2,,,,,74.23333333333333,74.1
Иванов Андрей Денисович,М,2024,заочная,Информатика и вычислительная техника,"Пермь, ул. Советская, д. 79, кв. 7",+375779175105,77.0,69.4,,55.5,,,,71.1,65.33333333333333,69.5
Лебедев Сергей Михайлович,М,2024,очная,Информатика и вычислительная техника,"Воронеж, ул. Пролетарская, д. 57, кв. 115",+375694978367,71.6,,64.4,,59.3,69.3,,,64.33333333333333,66.1
Соколов Дмитрий Денисович,М,2024,заочная,Экономика,"Нижний Новгород, ул. Советская, д. 84, кв. 15",+375516841323,76.7,51.8,,66.1,,,,62.3,60.06666666666666,66.1
Кузьмина Екатерина Сергеевна,Ж,2024,очная,Прикладная математика,"Самара, ул. Победы, д. 150, кв. 135",+375969707460,85.2,,51.4,62.8,,,,82.8,65.66666666666667,71.0
Васильева Ирина Владимировна,Ж,2024,очная,История,"Екатеринбург, ул. Центральная, д. 51, кв. 6",+375104598764,82.1,,40.0,,52.2,73.1,,,55.1,65.6
Петров Никита Денисович,М,2024,очно-заочная,Химия,"Санкт-Петербург, ул. Строителей, д. 115, кв. 174",+375284222503,89.8,,67.9,,58.0,,63.4,,63.1,73.3
Лебедев Роман Владимирович,М,2024,очная,Прикладная математика,"Санкт-Петербург, ул. Строителей, д. 101, кв. 50",+375724116924,81.5,64.2,79.8,,,,,80.1,74.7,75.9
Козлов Андрей Владимирович,М,2024,очная,Информатика и вычислительная техника,"Краснодар, ул. Школьная, д. 155, кв. 155",+375259271277,79.3,67.1,69.9,,,,50.3,,62.43333333333334,68.8
Соколова Светлана Никитична,Ж,2024,очная,Прикладная математика,"Пермь, ул. Ленина, д. 171, кв. 93",+375079165146,81.6,,62.3,,,,75.9,63.5,67.23333333333333,72.3
Новиков Андрей Петрович,М,2024,очная,История,"Воронеж, ул. Мира, д. 184, кв. 110",+375720644607,73.6,52.4,,,61.0,,66.5,,59.96666666666667,63.0
Кузнецов Дмитрий Никитич,М,2024,очная,Прикладная математика,"Нижний Новгород, ул. Новая, д. 96, кв. 4",+375947994692,65.8,,,70.8,65.1,,67.3,,67.73333333333333,66.2
Баранова Екатерина Ивановна,Ж,2024,очно-заочная,Химия,"Казань, ул. Школьная, д. 90, кв. 79",+375154893287,83.1,70.3,,,,,82.6,63.7,72.19999999999999,78.0
Соколов Роман Никитич,М,2024,заочная,Биология,"Краснодар, ул. Строителей, д. 23, кв. 56",+375509052252,67.5,66.9,,,,58.8,70.1,,65.26666666666667,64.4
Морозова Елена Ивановна,Ж,2024,заочная,История,"Краснодар, ул. Новая, д. 114, кв. 74",+375954371631,85.0,,77.0,,68.9,74.1,,,73.33333333333333,77.4
Смирнов Дмитрий Сергеевич,М,2024,очно-заочная,Информатика и вычислительная техника,"Новосибирск, ул. Новая, д. 187, кв. 107",+375603832991,82.8,64.0,64.5,58.9,,,,,62.46666666666667,71.0
Козлов Андрей Сергеевич,М,2024,очно-заочная,Химия,"Новосибирск, ул. Пролетарская, д. 154, кв. 23",+375209702214,73.2,69.2,65.7,,,,,58.6,64.5,66.7
Попов Михаил Владимирович,М,2024,очно-заочная,Прикладная математика,"Новосибирск, ул. Победы, д. 78, кв. 122",+375922733207,75.7,70.3,,,,69.4,,53.4,64.36666666666666,67.4
Баранова Наталья Алексеевна,Ж,2024,очная,Прикладная математика,"Пермь, ул. Школьная, д. 17, кв. 152",+375064337509,78.2,,61.8,,75.6,,,57.3,64.89999999999999,71.1
Соколова Александра Денисовна,Ж,2024,заочная,Биология,"Воронеж, ул. Советская, д. 2, кв. 105",+375715805791,72.8,,67.5,,67.9,,,84.9,73.43333333333334,72.4
Кузьмина Мария Владимировна,Ж,2024,очно-заочная,Информатика и вычислительная техника,"Казань, ул. Новая, д. 45, кв. 143",+375454236389,81.5,,82.3,,,67.4,56.3,,68.66666666666667,73.8
Петров Дмитрий Алексеевич,М,2024,очная,Информатика и вычислительная техника,"Краснодар, ул. Пролетарская, д. 194, кв. 36",+375147497789,82.1,,,61.1,59.9,,78.3,,66.43333333333334,72.9
Кузьмина Александра Никитична,Ж,2024,очная,Физика,"Екатеринбург, ул. Мира, д. 98, кв. 75",+375532452164,69.6,,,67.5,64.0,,69.4,,66.96666666666667,69.0
Кузнецов Михаил Денисович,М,2024,очная,Информатика и вычислительная техника,"Пермь, ул. Зелёная, д. 11, кв. 78",+375827538495,73.4,68.3,,,51.8,,63.8,,61.29999999999999,67.5
Лебедев Егор Петрович,М,2024,очная,Биология,"Самара, ул. Центральная, д. 127, кв. 144",+375864131292,78.1,61.8,67.5,57.9,,,,,62.400000000000006,69.1
Фёдорова Наталья Никитична,Ж,2024,заочная,Медицинская биохимия,"Краснодар, ул. Победы, д. 7, кв. 1",+375352900884,85.1,63.6,,,,,62.1,81.5,69.06666666666666,75.3
Смирнов Дмитрий Иванович,М,2024,очная,Физика,"Новосибирск, ул. Центральная, д. 77, кв. 164",+375868681765,82.2,,48.1,,,66.2,,48.7,54.333333333333336,65.7
Иванов Дмитрий Никитич,М,2024,очная,Физика,"Краснодар, ул. Советская, д. 168, кв. 171",+375436271018,64.3,55.5,79.2,,63.7,,,,66.13333333333333,67.1
Сидоров Дмитрий Сергеевич,М,2024,заочная,Прикладная математика,"Казань, ул. Новая, д. 46, кв. 126",+375472617643,76.5,,,,65.0,,67.2,53.4,61.86666666666667,68.9
Сидоров Андрей Алексеевич,М,2024,очная,Прикладная математика,"Екатеринбург, ул. Ленина, д. 31, кв. 196",+375048938138,81.1,,,58.9,,48.0,56.6,,54.5,64.9
Козлов Егор Владимирович,М,2024,очная,Информатика и вычислительная техника,"Казань, ул. Зелёная, д. 18, кв. 154",+375347008831,73.5,,,61.5,,51.0,,63.9,58.800000000000004,62.7
Павлова Наталья Владимировна,Ж,2024,очная,Физика,"Нижний Новгород, ул. Пролетарская, д. 124, кв. 145",+375835084230,73.0,,53.7,,74.0,,72.4,,66.7,69.7
Сидоров Максим Владимирович,М,2024,очно-заочная,Экономика,"Воронеж, ул. Центральная, д. 161, кв. 176",+375873183892,73.8,55.5,71.5,45.5,,,,,57.5,61.5
Соколова Елена Сергеевна,Ж,2024,заочная,Прикладная математика,"Краснодар, ул. Советская, д. 96, кв. 132",+375669318371,76.5,,63.8,,67.0,60.0,,,63.6,67.4
Баранова Наталья Владимировна,Ж,2024,очная,Биология,"Самара, ул. Ленина, д. 67, кв. 42",+375794668293,72.4,,69.2,,65.3,,79.5,,71.33333333333333,70.2
Иванов Никита Сергеевич,М,2024,заочная,Экономика,"Самара, ул. Ленина, д. 38, кв. 82",+375939452321,82.3,65.3,88.1,,,60.0,,,71.13333333333333,76.8
Смирнов Сергей Петрович,М,2024,очная,Прикладная математика,"Краснодар, ул. Мира, д. 92, кв. 42",+375980176049,73.1,,77.2,,70.5,61.4,,,69.7,70.2
Петров Роман Алексеевич,М,2024,заочная,История,"Москва, ул. Центральная, д. 93, кв. 108",+375543068529,72.1,74.5,,,72.1,76.6,,,74.39999999999999,74.4
Соловьёва Александра Сергеевна,Ж,2024,очно-заочная,История,"Нижний Новгород, ул. Ленина, д. 75, кв. 75",+375394040862,75.9,,,50.5,62.1,,,62.7,58.43333333333334,64.8
Петров Михаил Михайлович,М,2024,заочная,Прикладная математика,"Пермь, ул. Советская, д. 132, кв. 50",+375816859465,87.2,,52.6,,59.2,,,76.0,62.6,69.6
Медведева Наталья Никитична,Ж,2024,очная,Физика,"Новосибирск, ул. Советская, д. 154, кв. 193",+375417654480,81.5,70.5,,67.3,55.8,,,,64.53333333333335,70.7
Соколов Роман Владимирович,М,2024,заочная,Медицинская биохимия,"Новосибирск, ул. Строителей, д. 83, кв. 81",+375853968447,81.8,81.0,63.1,66.3,,,,,70.13333333333333,74.9
Морозова Виктория Никитична,Ж,2024,очно-заочная,Медицинская биохимия,"Казань, ул. Центральная, д. 176, кв. 179",+375679182551,80.0,65.4,,63.6,,,,85.2,71.39999999999999,75.9
Лебедев Егор Алексеевич,М,2024,очная,Физика,"Нижний Новгород, ул. Советская, д. 137, кв. 149",+375689071071,72.6,53.7,,64.6,,50.1,,,56.13333333333333,60.2
Новиков Илья Петрович,М,2024,заочная,Химия,"Нижний Новгород, ул. Мира, д. 4, кв. 36",+375554729366,74.5,,61.8,65.6,,,,67.3,64.89999999999999,67.4
Соловьёва Екатерина Петровна,Ж,2024,очная,Медицинская биохимия,"Пермь, ул. Центральная, д. 96, кв. 200",+375711398983,73.4,56.5,,,,58.0,74.6,,63.03333333333333,67.4
Кузьмина Ольга Петровна,Ж,2024,заочная,История,"Краснодар, ул. Новая, д. 88, кв. 42",+375824985298,84.8,40.0,68.2,,,61.9,,,56.699999999999996,64.7
Попов Максим Алексеевич,М,2024,очная,Биология,"Санкт-Петербург, ул. Победы, д. 40, кв. 129",+375533760572,80.1,,57.7,79.2,,,,53.0,63.300000000000004,68.0
Егорова Светлана Владимировна,Ж,2024,очно-заочная,Физика,"Екатеринбург, ул. Победы, д. 144, кв. 158",+375891501407,68.3,62.1,75.6,,,61.6,,,66.43333333333332,66.0
Сидоров Роман Владимирович,М,2024,очная,Информатика и вычислительная техника,"Пермь, ул. Строителей, д. 183, кв. 142",+375089210830,87.0,53.2,77.9,63.4,,,,,64.83333333333334,73.3
Васильева Елена Денисовна,Ж,2024,очная,История,"Санкт-Петербург, ул. Новая, д. 118, кв. 20",+375061669860,76.3,56.8,,,,77.6,,63.4,65.93333333333332,68.7
Васильева Светлана Алексеевна,Ж,2024,очная,Биология,"Санкт-Петербург, ул. Мира, д. 5, кв. 123",+375773737435,82.2,56.3,,,67.0,70.9,,,64.73333333333333,71.2
Смирнов Михаил Алексеевич,М,2024,очная,Биология,"Нижний Новгород, ул. Центральная, д. 177, кв. 93",+375111892939,84.6,69.3,,62.6,,,,48.3,60.06666666666666,70.5
Попов Максим Денисович,М,2024,очная,Физика,"Новосибирск, ул. Зелёная, д. 153, кв. 134",+375739964832,62.9,87.1,,58.5,,,,65.1,70.23333333333333,68.8
Иванов Роман Никитич,М,2024,очная,Биология,"Нижний Новгород, ул. Мира, д. 182, кв. 78",+375105917541,81.0,,,67.5,77.6,,,77.0,74.03333333333333,75.8
Фёдорова Анна Алексеевна,Ж,2024,очная,Физика,"Москва, ул. Советская, д. 57, кв. 33",+375614191684,76.8,,55.6,75.6,,71.5,,,67.56666666666666,70.7
Егорова Ольга Денисовна,Ж,2024,очная,Медицинская биохимия,"Новосибирск, ул. Победы, д. 79, кв. 33",+375631214562,63.8,,,66.8,78.5,,,60.5,68.60000000000001,65.7
Лебедев Никита Владимирович,М,2024,очная,Прикладная математика,"Екатеринбург, ул. Мира, д. 21, кв. 109",+375373656025,71.5,77.4,62.7,,,,59.5,,66.53333333333335,66.3
Лебедев Михаил Алексеевич,М,2024,очно-заочная,История,"Санкт-Петербург, ул. Советская, д. 5, кв. 199",+375268209500,75.6,,,65.5,50.8,47.7,,,54.666666666666664,61.2
Баранова Мария Ивановна,Ж,2024,очная,Химия,"Краснодар, ул. Новая, д. 11, кв. 51",+375781847663,83.4,57.2,71.2,,,68.6,,,65.66666666666667,71.4
Кузьмина Ольга Ивановна,Ж,2024,заочная,Прикладная математика,"Санкт-Петербург, ул. Ленина, д. 169, кв. 132",+375142850238,77.2,69.4,,,84.8,65.4,,,73.2,74.9
Павлова Ирина Михайловна,Ж,2024,заочная,История,"Самара, ул. Ленина, д. 121, кв. 31",+375530717575,79.2,66.8,,,70.7,74.6,,,70.7,75.5
Лебедев Максим Денисович,М,2024,очно-заочная,Физика,"Казань, ул. Ленина, д. 17, кв. 78",+375449976776,76.2,,65.7,61.6,,,82.5,,69.93333333333334,73.9
Козлов Андрей Петрович,М,2024,очная,История,"Москва, ул. Советская, д. 32, кв. 155",+375186580109,84.8,52.7,,,66.1,,52.8,,57.199999999999996,65.1
Петров Роман Михайлович,М,2024,заочная,Медицинская биохимия,"Екатеринбург, ул. Пролетарская, д. 52, кв. 48",+375240375002,81.4,73.1,48.5,,,,62.0,,61.199999999999996,68.7
Соловьёва Светлана Ивановна,Ж,2024,очная,Физика,"Нижний Новгород, ул. Ленина, д. 24, кв. 38",+375977262383,79.3,,77.2,,,,86.3,70.4,77.96666666666667,76.6
Козлов Михаил Сергеевич,М,2024,очная,Прикладная математика,"Казань, ул. Пролетарская, д. 90, кв. 91",+375246437319,71.4,,68.3,,,,64.0,73.5,68.60000000000001,70.2
Морозова Елена Сергеевна,Ж,2024,очная,Информатика и вычислительная техника,"Новосибирск, ул. Строителей, д. 200, кв. 187",+375512048164,79.0,,,,,65.3,63.2,64.6,64.36666666666666,68.0
Иванов Илья Денисович,М,2024,очно-заочная,Информатика и вычислительная техника,"Самара, ул. Победы, д. 130, кв. 146",+375175331262,95.0,,,68.4,,61.0,75.6,,68.33333333333333,79.5
Соловьёва Ирина Петровна,Ж,2024,очная,Экономика,"Санкт-Петербург, ул. Советская, д. 149, кв. 196",+375495535266,83.1,,71.0,58.2,62.4,,,,63.86666666666667,72.1
Морозова Наталья Сергеевна,Ж,2024,очная,Экономика,"Москва, ул. Строителей, д. 56, кв. 184",+375316201987,73.9,,,61.8,,53.9,,64.3,60.0,63.0
Баранова Ольга Никитична,Ж,2024,заочная,История,"Екатеринбург, ул. Центральная, д. 44, кв. 194",+375550132076,89.4,68.1,,,60.6,,,65.7,64.8,74.5
Соколов Роман Алексеевич,М,2024,заочная,Информатика и вычислительная техника,"Пермь, ул. Ленина, д. 186, кв. 26",+375383090003,73.6,,,,52.7,,85.5,61.0,66.39999999999999,69.5
Сидоров Роман Сергеевич,М,2024,очная,Физика,"Екатеринбург, ул. Строителей, д. 182, кв. 122",+375013617685,82.6,,70.9,,,59.9,,66.8,65.86666666666667,71.7
Иванов Сергей Никитич,М,2024,очная,Биология,"Нижний Новгород, ул. Пролетарская, д. 48, кв. 113",+375353682210,78.0,52.3,69.1,,,44.9,,,55.43333333333333,63.7
Кузьмина Светлана Алексеевна,Ж,2024,заочная,Физика,"Санкт-Петербург, ул. Мира, д. 91, кв. 98",+375026816015,79.4,,,,72.0,60.0,76.9,,69.63333333333334,73.8
Кузьмина Александра Михайловна,Ж,2024,очная,Биология,"Воронеж, ул. Победы, д. 132, кв. 59",+375471065771,79.6,68.5,75.3,,,,,45.9,63.23333333333334,70.5
Кузьмина Виктория Петровна,Ж,2024,очная,Прикладная математика,"Воронеж, ул. Советская, д. 195, кв. 81",+375758617863,76.8,,,70.3,,63.4,,82.8,72.16666666666667,74.9
Егорова Екатерина Ивановна,Ж,2024,очная,Химия,"Санкт-Петербург, ул. Зелёная, д. 29, кв. 134",+375833873776,76.0,66.1,,,74.8,,,68.2,69.69999999999999,72.2
Васильева Ирина Алексеевна,Ж,2024,заочная,Биология,"Новосибирск, ул. Зелёная, д. 196, кв. 93",+375957643178,70.4,62.2,,64.8,60.6,,,,62.53333333333333,66.6
Сидоров Сергей Никитич,М,2024,очно-заочная,Информатика и вычислительная техника,"Казань, ул. Строителей, д. 185, кв. 11",+375334164537,71.5,,66.9,74.3,,,,73.0,71.39999999999999,73.4
Егорова Ольга Денисовна,Ж,2024,заочная,Физика,"Санкт-Петербург, ул. Школьная, д. 127, кв. 30",+375745208823,80.3,50.2,,58.3,,59.9,,,56.13333333333333,63.8
Новиков Максим Михайлович,М,2024,заочная,Прикладная математика,"Воронеж, ул. Центральная, д. 117, кв. 154",+375612570301,74.2,66.7,,42.8,,,,70.0,59.833333333333336,63.3
Соколов Никита Денисович,М,2024,очная,Информатика и вычислительная техника,"Казань, ул. Зелёная, д. 58, кв. 142",+375758128852,72.8,61.8,73.0,,66.9,,,,67.23333333333333,70.1
Петров Дмитрий Владимирович,М,2024,очная,Прикладная математика,"Воронеж, ул. Центральная, д. 110, кв. 49",+375416975712,95.3,,,48.5,70.3,,,76.0,64.93333333333334,77.5
Смирнов Андрей Никитич,М,2024,очная,Химия,"Санкт-Петербург, ул. Зелёная, д. 174, кв. 95",+375690657632,93.2,,70.7,,66.6,,,65.3,67.53333333333335,75.0
Лебедев Михаил Никитич,М,2024,очная,Медицинская биохимия,"Новосибирск, ул. Ленина, д. 173, кв. 126",+375238814031,81.8,49.4,,,61.2,71.3,,,60.633333333333326,67.8
Соколова Виктория Петровна,Ж,2024,очная,Физика,"Санкт-Петербург, ул. Новая, д. 113, кв. 134",+375734344426,82.6,62.4,,68.5,,,68.7,,66.53333333333335,70.4
Попов Михаил Петрович,М,2024,очно-заочная,История,"Санкт-Петербург, ул. Советская, д. 37, кв. 102",+375212273294,73.4,,,,74.1,65.9,,59.1,66.36666666666666,69.9
Егорова Светлана Сергеевна,Ж,2024,очная,Физика,"Воронеж, ул. Пролетарская, д. 27, кв. 190",+375387674360,71.2,,53.9,,84.2,,79.9,,72.66666666666667,73.9
Кузнецов Никита Денисович,М,2024,заочная,Экономика,"Новосибирск, ул. Советская, д. 94, кв. 51",+375576165430,76.3,,,56.7,,86.7,54.6,,66.0,69.6
Попов Илья Михайлович,М,2024,очная,Химия,"Нижний Новгород, ул. Победы, д. 153, кв. 104",+375169247754,78.3,56.7,,62.5,,,,63.7,60.96666666666667,66.7
Козлов Егор Алексеевич,М,2024,очная,Физика,"Санкт-Петербург, ул. Победы, д. 109, кв. 186",+375180103344,82.6,,,,68.2,69.9,76.5,,71.53333333333335,77.0
Лебедев Роман Никитич,М,2024,очная,Экономика,"Краснодар, ул. Центральная, д. 196, кв. 183",+375725217086,67.3,78.5,,60.0,59.7,,,,66.06666666666666,65.0
Соколова Анна Петровна,Ж,2024,очная,История,"Самара, ул. Пролетарская, д. 70, кв. 194",+375932588394,91.2,66.0,,,,65.3,62.9,,64.73333333333333,75.6
Иванов Михаил Петрович,М,2024,очно-заочная,Биология,"Воронеж, ул. Школьная, д. 122, кв. 171",+375811407491,79.8,,71.5,,,73.6,46.5,,63.86666666666667,69.0
Фёдорова Екатерина Денисовна,Ж,2024,очная,Прикладная математика,"Самара, ул. Новая, д. 125, кв. 131",+375816756036,69.0,65.3,70.9,,,,,68.9,68.36666666666666,68.8
Соколов Александр Сергеевич,М,2024,очная,История,"Казань, ул. Мира, д. 197, кв. 117",+375005324899,79.2,,74.1,72.0,87.4,,,,77.83333333333333,78.4
Кузьмина Екатерина Алексеевна,Ж,2024,очная,Информатика и вычислительная техника,"Санкт-Петербург, ул. Советская, д. 65, кв. 126",+375924948930,72.9,59.9,,,67.1,72.5,,,66.5,69.2
Морозова Ирина Никитична,Ж,2024,очная,Химия,"Краснодар, ул. Победы, д. 161, кв. 35",+375940599609,72.5,,58.7,,72.4,,65.5,,65.53333333333335,69.7
Морозова Ирина Никитична,Ж,2024,очная,Биология,"Москва, ул. Советская, д. 189, кв. 14",+375380874563,71.9,56.2,,57.5,,,53.1,,55.6,63.1
Иванов Максим Владимирович,М,2024,очно-заочная,Информатика и вычислительная техника,"Санкт-Петербург, ул. Зелёная, д. 174, кв. 7",+375565514263,76.8,,,,83.2,65.1,,78.9,75.73333333333333,77.4
Кузнецов Илья Владимирович,М,2024,заочная,Информатика и вычислительная техника,"Новосибирск, ул. Новая, д. 155, кв. 174",+375055672591,90.9,55.3,,,67.1,,,71.7,64.7,72.6
Петров Дмитрий Иванович,М,2024,очная,Химия,"Нижний Новгород, ул. Мира, д. 78, кв. 160",+375812918040,78.9,51.4,72.9,,,,,49.8,58.03333333333334,64.7
Фёдорова Ольга Петровна,Ж,2024,очно-заочная,Биология,"Самара, ул. Советская, д. 195, кв. 20",+375477717406,82.5,,69.4,,61.2,,,57.8,62.80000000000001,69.6
Новиков Максим Сергеевич,М,2024,очная,Медицинская биохимия,"Пермь, ул. Зелёная, д. 120, кв. 52",+375540059699,83.9,46.0,,75.0,66.0,,,,62.333333333333336,71.5
Лебедев Андрей Иванович,М,2024,очная,Информатика и вычислительная техника,"Казань, ул. Зелёная, д. 126, кв. 130",+375083419712,77.4,,,80.7,,71.9,,68.1,73.56666666666668,75.0
Соловьёва Анна Петровна,Ж,2024,очная,Информатика и вычислительная техника,"Казань, ул. Строителей, д. 88, кв. 139",+375815365988,71.3,,66.1,,77.1,,,55.9,66.36666666666666,70.0
Сидоров Никита Денисович,М,2024,очная,Биология,"Пермь, ул. Ленина, д. 196, кв. 9",+375930179713,68.7,65.5,,69.1,71.6,,,,68.73333333333333,70.7
Павлова Мария Владимировна,Ж,2024,очная,Физика,"Воронеж, ул. Советская, д. 99, кв. 116",+375063788245,76.0,67.6,72.1,,,62.2,,,67.3,70.7
Петров Дмитрий Петрович,М,2024,очная,Информатика и вычислительная техника,"Нижний Новгород, ул. Новая, д. 114, кв. 118",+375597553672,85.2,,74.8,,73.1,,86.9,,78.26666666666667,82.2
Попов Егор Михайлович,М,2024,очная,Прикладная математика,"Москва, ул. Ленина, д. 46, кв. 143",+375627005983,83.9,67.9,,67.2,,71.6,,,68.9,76.1
Егорова Екатерина Алексеевна,Ж,2024,очная,Биология,"Казань, ул. Мира, д. 126, кв. 111",+375540582213,79.8,40.0,,,59.6,66.8,,,55.46666666666666,65.4
Петров Максим Иванович,М,2024,очная,Информатика и вычислительная техника,"Новосибирск, ул. Центральная, д. 184, кв. 100",+375921029584,80.6,,,64.9,58.0,,,58.8,60.56666666666666,68.2
Васильева Виктория Денисовна,Ж,2024,заочная,Химия,"Краснодар, ул. Советская, д. 146, кв. 173",+375244464684,77.5,62.2,61.6,,66.5,,,,63.43333333333334,69.7
Кузнецов Егор Алексеевич,М,2024,очная,История,"Краснодар, ул. Строителей, д. 176, кв. 139",+375147319288,75.4,72.4,41.2,,52.5,,,,55.366666666666674,60.7
Новиков Никита Денисович,М,2024,очная,Прикладная математика,"Самара, ул. Зелёная, д. 122, кв. 144",+375777770587,73.9,,53.8,57.7,,,,73.0,61.5,66.4
Морозова Ольга Петровна,Ж,2024,очная,Экономика,"Новосибирск, ул. Строителей, д. 15, кв. 101",+375201165178,69.5,71.5,52.3,,,,,66.5,63.43333333333334,64.4
Морозова Екатерина Владимировна,Ж,2024,очная,Экономика,"Казань, ул. Зелёная, д. 152, кв. 97",+375630337331,89.1,82.7,,56.3,66.0,,,,68.33333333333333,74.1
Егорова Александра Никитична,Ж,2024,очная,История,"Самара, ул. Школьная, д. 197, кв. 73",+375963526523,79.3,,,49.1,56.0,,81.8,,62.29999999999999,69.8
Кузнецов Максим Михайлович,М,2024,очная,Экономика,"Нижний Новгород, ул. Ленина, д. 8, кв. 152",+375948536134,75.6,,,,77.1,73.4,,76.5,75.66666666666667,76.2
Павлова Мария Михайловна,Ж,2024,очная,История,"Москва, ул. Мира, д. 94, кв. 90",+375338157769,89.2,,52.7,86.9,,,68.3,,69.30000000000001,75.2
Смирнов Александр Сергеевич,М,2024,очная,Информатика и вычислительная техника,"Самара, ул. Ленина, д. 196, кв. 161",+375369551776,90.4,62.1,70.4,,,,67.3,,66.60000000000001,74.5
Новиков Андрей Сергеевич,М,2024,очная,Прикладная математика,"Нижний Новгород, ул. Новая, д. 25, кв. 110",+375878851626,94.8,,,61.5,71.4,,64.6,,65.83333333333333,77.9
Кузьмина Елена Ивановна,Ж,2024,очная,Прикладная математика,"Нижний Новгород, ул. Школьная, д. 106, кв. 90",+375899155884,76.8,,65.2,92.2,,,,52.0,69.8,73.7
Лебедев Сергей Владимирович,М,2024,очная,Физика,"Москва, ул. Победы, д. 64, кв. 61",+375487675267,78.9,,,,67.1,,68.7,94.8,76.86666666666667,75.6
Павлова Мария Денисовна,Ж,2024,очная,История,"Казань, ул. Пролетарская, д. 22, кв. 177",+375706211782,82.2,,58.7,,,74.9,60.4,,64.66666666666667,72.7
Петров Роман Иванович,М,2024,очная,Прикладная математика,"Санкт-Петербург, ул. Центральная, д. 30, кв. 87",+375259052382,88.3,,,53.8,54.4,,64.0,,57.4,67.7
Попов Егор Алексеевич,М,2025,заочная,Физика,"Новосибирск, ул. Ленина, д. 138, кв. 84",+375026640797,79.0,,,,76.1,71.4,82.3,,76.60000000000001,78.2
Баранова Елена Владимировна,Ж,2025,очная,Биология,"Москва, ул. Зелёная, д. 169, кв. 109",+375999192303,72.7,61.8,,,,48.4,,81.2,63.79999999999999,67.8
Медведева Александра Алексеевна,Ж,2025,очная,Физика,"Самара, ул. Строителей, д. 108, кв. 69",+375429157603,74.1,,77.4,,,62.5,,58.0,65.96666666666667,70.5
Морозова Наталья Ивановна,Ж,2025,очная,Химия,"Москва, ул. Зелёная, д. 151, кв. 6",+375258868748,85.7,69.5,,,,64.2,91.3,,75.0,80.3
Морозова Виктория Ивановна,Ж,2025,заочная,Медицинская биохимия,"Нижний Новгород, ул. Новая, д. 147, кв. 100",+375647689086,82.3,,61.8,74.0,,71.2,,,69.0,72.8
Павлова Ирина Ивановна,Ж,2025,очная,Информатика и вычислительная техника,"Нижний Новгород, ул. Пролетарская, д. 26, кв. 126",+375004785975,77.6,,,61.6,,,64.2,68.3,64.7,69.8
Егорова Анна Михайловна,Ж,2025,очная,Биология,"Санкт-Петербург, ул. Победы, д. 87, кв. 128",+375534122445,77.2,65.7,77.1,,60.4,,,,67.73333333333333,70.6
Егорова Светлана Владимировна,Ж,2025,очная,Медицинская биохимия,"Пермь, ул. Школьная, д. 43, кв. 158",+375457135408,77.6,,67.5,77.4,72.0,,,,72.3,74.3
Петров Никита Алексеевич,М,2025,очная,Медицинская биохимия,"Казань, ул. Школьная, д. 112, кв. 52",+375218645303,86.0,85.3,,,60.2,,74.1,,73.2,77.9
Петров Илья Михайлович,М,2025,очная,Биология,"Краснодар, ул. Советская, д. 138, кв. 55",+375809246852,73.9,58.3,,58.9,,63.3,,,60.166666666666664,64.6
Козлов Дмитрий Сергеевич,М,2025,очная,Химия,"Казань, ул. Центральная, д. 13, кв. 77",+375632663610,71.3,,70.1,,66.2,,,74.7,70.33333333333333,70.5
Медведева Екатерина Никитична,Ж,2025,заочная,Физика,"Самара, ул. Новая, д. 58, кв. 160",+375137295588,89.5,56.0,,,,75.7,75.1,,68.93333333333332,75.0
Баранова Елена Петровна,Ж,2025,очная,Информатика и вычислительная техника,"Санкт-Петербург, ул. Пролетарская, д. 25, кв. 152",+375385195173,78.8,84.3,58.8,,,,73.3,,72.13333333333333,74.9
Соколов Илья Сергеевич,М,2025,очно-заочная,Физика,"Нижний Новгород, ул. Центральная, д. 18, кв. 146",+375477530678,78.1,,,,62.3,77.2,68.7,,69.39999999999999,73.5
Павлова Анна Петровна,Ж,2025,заочная,Прикладная математика,"Пермь, ул. Зелёная, д. 110, кв. 54",+375103490452,82.6,,61.4,,,73.1,,50.6,61.699999999999996,68.7
Морозова Елена Денисовна,Ж,2025,очная,Физика,"Нижний Новгород, ул. Советская, д. 167, кв. 78",+375653242988,72.7,,65.8,53.6,62.5,,,,60.63333333333333,66.8
Новиков Роман Иванович,М,2025,очная,Экономика,"Пермь, ул. Центральная, д. 111, кв. 170",+375553319379,83.1,,68.0,,,63.2,,76.5,69.23333333333333,72.3
Васильева Ирина Петровна,Ж,2025,очная,Биология,"Пермь, ул. Школьная, д. 52, кв. 107",+375180115628,76.3,78.5,,80.5,,,59.0,,72.66666666666667,74.3
Васильева Анна Ивановна,Ж,2025,очная,Информатика и вычислительная техника,"Воронеж, ул. Центральная, д. 160, кв. 132",+375443873318,85.4,58.7,,40.0,,,58.4,,52.36666666666667,64.3
Лебедев Максим Никитич,М,2025,очная,Физика,"Краснодар, ул. Строителей, д. 47, кв. 5",+375236977369,69.4,48.2,,,70.1,58.7,,,59.0,60.8
Медведева Светлана Михайловна,Ж,2025,заочная,Информатика и вычислительная техника,"Пермь, ул. Мира, д. 148, кв. 128",+375055517441,81.3,,,,79.3,,66.3,66.4,70.66666666666667,73.3
Попов Максим Алексеевич,М,2025,очно-заочная,Информатика и вычислительная техника,"Екатеринбург, ул. Зелёная, д. 69, кв. 164",+375388583010,77.2,,,55.5,43.4,,72.1,,57.0,65.7
Морозова Ирина Ивановна,Ж,2025,очная,Прикладная математика,"Пермь, ул. Пролетарская, д. 197, кв. 112",+375789515828,74.4,,,,64.4,77.9,,61.8,68.03333333333335,70.4
Егорова Александра Михайловна,Ж,2025,очная,Прикладная математика,"Самара, ул. Ленина, д. 134, кв. 52",+375141698643,83.2,69.8,,65.4,,75.3,,,70.16666666666667,74.5
Морозова Светлана Михайловна,Ж,2025,заочная,Биология,"Нижний Новгород, ул. Зелёная, д. 38, кв. 62",+375397999990,77.7,,67.5,,57.7,,68.9,,64.7,68.9
Петров Роман Денисович,М,2025,заочная,Химия,"Новосибирск, ул. Центральная, д. 112, кв. 106",+375418697585,81.4,,53.7,68.8,,65.3,,,62.6,70.7
Медведева Наталья Никитична,Ж,2025,заочная,Экономика,"Нижний Новгород, ул. Советская, д. 163, кв. 53",+375668703676,86.2,,74.9,,,74.2,,81.7,76.93333333333334,79.6
Фёдорова Анна Алексеевна,Ж,2025,очная,Медицинская биохимия,"Воронеж, ул. Центральная, д. 74, кв. 166",+375236765886,83.3,,,74.1,71.2,,,53.4,66.23333333333333,73.6
Сидоров Егор Михайлович,М,2025,очная,Информатика и вычислительная техника,"Новосибирск, ул. Центральная, д. 176, кв. 154",+375750051701,72.1,,,,63.1,,61.1,54.5,59.56666666666666,63.2
Баранова Мария Петровна,Ж,2025,очная,Химия,"Екатеринбург, ул. Новая, д. 62, кв. 30",+375759116447,75.3,,,91.1,,63.7,63.8,,72.86666666666667,73.8
Козлов Сергей Иванович,М,2025,очная,Медицинская биохимия,"Новосибирск, ул. Победы, д. 8, кв. 63",+375683931200,81.4,70.6,,,,,58.9,82.2,70.56666666666666,72.9
Соколова Анна Сергеевна,Ж,2025,очная,Медицинская биохимия,"Казань, ул. Зелёная, д. 125, кв. 144",+375642612071,83.4,65.9,,,,,61.0,62.9,63.26666666666667,71.6
Лебедев Александр Никитич,М,2025,очная,Экономика,"Воронеж, ул. Новая, д. 166, кв. 10",+375685118978,76.3,73.6,,,,65.9,62.0,,67.16666666666667,71.3
Сидоров Никита Алексеевич,М,2025,очно-заочная,Биология,"Екатеринбург, ул. Мира, д. 70, кв. 35",+375331909399,79.8,81.0,,,73.6,,,56.5,70.36666666666666,73.8
Козлов Александр Владимирович,М,2025,очная,Медицинская биохимия,"Москва, ул. Центральная, д. 72, кв. 169",+375717003684,79.7,,,,,77.4,75.8,83.4,78.86666666666666,77.3
Соловьёва Ольга Сергеевна,Ж,2025,очная,Экономика,"Пермь, ул. Мира, д. 165, кв. 11",+375161882732,80.6,50.3,,,63.7,,88.1,,67.36666666666666,71.9
Попов Никита Михайлович,М,2025,очная,Медицинская биохимия,"Краснодар, ул. Ленина, д. 15, кв. 22",+375043097772,71.5,70.9,,,,48.9,,87.7,69.16666666666667,68.9
Баранова Мария Никитична,Ж,2025,очная,Информатика и вычислительная техника,"Нижний Новгород, ул. Пролетарская, д. 77, кв. 17",+375568485999,70.1,,,61.1,70.8,,69.4,,67.10000000000001,67.8
Козлов Дмитрий Иванович,М,2025,очная,Информатика и вычислительная техника,"Воронеж, ул. Школьная, д. 172, кв. 169",+375300942440,65.0,,66.6,,70.9,,,63.8,67.10000000000001,67.8
Кузнецов Максим Иванович,М,2025,очная,История,"Санкт-Петербург, ул. Новая, д. 186, кв. 36",+375744870260,79.2,70.7,,,53.5,69.9,,,64.7,70.9
Морозова Елена Денисовна,Ж,2025,очно-заочная,Химия,"Екатеринбург, ул. Советская, д. 147, кв. 189",+375048591854,70.4,68.1,50.2,,86.3,,,,68.2,67.9
Кузьмина Ирина Никитична,Ж,2025,очная,Физика,"Пермь, ул. Советская, д. 134, кв. 171",+375425391288,91.4,,,52.8,71.8,,62.4,,62.333333333333336,74.4
Козлов Дмитрий Денисович,М,2025,очная,Экономика,"Самара, ул. Строителей, д. 65, кв. 128",+375599834958,82.5,,,,54.7,,74.4,63.8,64.30000000000001,72.3
Соловьёва Анна Сергеевна,Ж,2025,очная,Прикладная математика,"Санкт-Петербург, ул. Победы, д. 154, кв. 32",+375470490956,71.5,82.0,61.0,84.7,,,,,75.89999999999999,74.5
Баранова Ирина Михайловна,Ж,2025,заочная,Экономика,"Нижний Новгород, ул. Школьная, д. 150, кв. 189",+375405945966,85.4,,,64.7,,54.4,65.7,,61.6,70.1
Павлова Виктория Денисовна,Ж,2025,очно-заочная,Физика,"Воронеж, ул. Победы, д. 109, кв. 56",+375125213498,85.4,,,56.5,,,79.4,53.3,63.06666666666666,72.5
Новиков Егор Денисович,М,2025,очно-заочная,Химия,"Новосибирск, ул. Советская, д. 45, кв. 55",+375225456247,85.9,,78.8,,53.8,,,63.9,65.5,73.2
Козлов Сергей Сергеевич,М,2025,очная,Прикладная математика,"Казань, ул. Зелёная, д. 105, кв. 66",+375391312339,73.8,70.6,,,62.8,,,60.8,64.73333333333333,68.1
Соколова Екатерина Владимировна,Ж,2025,очная,Физика,"Самара, ул. Ленина, д. 126, кв. 137",+375895838854,82.9,65.7,56.7,,,,,50.0,57.46666666666667,67.4
Кузнецов Александр Никитич,М,2025,очная,История,"Нижний Новгород, ул. Советская, д. 82, кв. 140",+375242441865,86.0,,,53.4,,64.3,,65.0,60.9,68.6
Соловьёва Анна Ивановна,Ж,2025,очная,Прикладная математика,"Воронеж, ул. Зелёная, д. 175, кв. 64",+375437170902,88.0,,,,,60.1,80.1,59.8,66.66666666666667,75.6
Кузьмина Елена Петровна,Ж,2025,заочная,Информатика и вычислительная техника,"Казань, ул. Мира, д. 93, кв. 122",+375453661111,69.5,,62.8,60.4,,,,69.7,64.3,66.2
Медведева Ольга Сергеевна,Ж,2025,очная,Физика,"Нижний Новгород, ул. Центральная, д. 6, кв. 166",+375847440532,77.3,,63.8,,79.1,51.9,,,64.93333333333332,69.7
Фёдорова Елена Ивановна,Ж,2025,заочная,Экономика,"Самара, ул. Ленина, д. 190, кв. 170",+375517087098,73.5,,71.1,,61.5,72.4,,,68.33333333333333,68.5
Кузьмина Екатерина Петровна,Ж,2025,очно-заочная,Прикладная математика,"Москва, ул. Победы, д. 65, кв. 142",+375121719106,89.8,,,,55.4,71.9,59.7,,62.333333333333336,71.2
Кузнецов Александр Владимирович,М,2025,очная,История,"Воронеж, ул. Центральная, д. 164, кв. 180",+375194422253,81.5,73.8,,,,68.9,,76.8,73.16666666666667,75.8
Фёдорова Александра Петровна,Ж,2025,заочная,Экономика,"Нижний Новгород, ул. Советская, д. 137, кв. 61",+375212353722,83.9,,68.4,,71.9,,,73.4,71.23333333333333,75.3
Петров Роман Алексеевич,М,2025,очная,Медицинская биохимия,"Краснодар, ул. Новая, д. 3, кв. 101",+375273019125,81.5,,66.8,,76.5,,49.9,,64.4,71.5
Петров Никита Иванович,М,2025,очная,Прикладная математика,"Казань, ул. Центральная, д. 24, кв. 194",+375708091268,80.9,,72.5,81.5,,63.4,,,72.46666666666667,74.5
Васильева Елена Сергеевна,Ж,2025,очная,Прикладная математика,"Екатеринбург, ул. Центральная, д. 54, кв. 42",+375278963335,73.4,59.7,52.4,,65.7,,,,59.26666666666667,62.9
Кузьмина Ирина Никитична,Ж,2025,очная,История,"Краснодар, ул. Школьная, д. 197, кв. 165",+375348674467,75.9,,62.5,,,60.0,49.7,,57.4,64.2
Соловьёва Елена Никитична,Ж,2025,очная,Медицинская биохимия,"Воронеж, ул. Ленина, д. 71, кв. 21",+375812196111,79.0,67.3,,,,63.8,59.9,,63.666666666666664,69.5
Кузьмина Наталья Сергеевна,Ж,2025,очная,Физика,"Краснодар, ул. Зелёная, д. 189, кв. 106",+375301269052,74.7,,,83.0,67.6,,,79.4,76.66666666666667,74.5
Кузнецов Дмитрий Алексеевич,М,2025,очная,Биология,"Нижний Новгород, ул. Новая, д. 26, кв. 42",+375233627761,73.6,,55.6,,,69.7,,65.6,63.63333333333333,65.1
Петров Роман Алексеевич,М,2025,очная,Физика,"Казань, ул. Строителей, д. 17, кв. 91",+375459394861,77.4,81.4,62.6,58.8,,,,,67.60000000000001,72.7
Васильева Мария Денисовна,Ж,2025,очная,Медицинская биохимия,"Воронеж, ул. Пролетарская, д. 187, кв. 141",+375012129838,75.0,61.1,,,69.3,,,46.9,59.1,63.0
Попов Михаил Владимирович,М,2025,очная,Химия,"Нижний Новгород, ул. Зелёная, д. 178, кв. 8",+375204991311,78.9,64.9,,,,63.4,57.3,,61.866666666666674,69.4
Козлов Дмитрий Никитич,М,2025,очная,Экономика,"Москва, ул. Мира, д. 162, кв. 114",+375243191569,75.9,76.7,59.9,,,64.5,,,67.03333333333333,69.7
Лебедев Сергей Михайлович,М,2025,очная,История,"Новосибирск, ул. Ленина, д. 103, кв. 52",+375560520739,74.5,79.5,,,,55.4,71.0,,68.63333333333334,71.3
Смирнов Михаил Петрович,М,2025,очно-заочная,Физика,"Казань, ул. Школьная, д. 148, кв. 22",+375793393584,73.0,70.6,,,46.7,70.4,,,62.56666666666666,65.0
Сидоров Дмитрий Михайлович,М,2025,очно-заочная,Прикладная математика,"Санкт-Петербург, ул. Мира, д. 64, кв. 133",+375977398845,78.6,,72.0,,,,67.6,60.8,66.8,72.2
Иванов Роман Сергеевич,М,2025,заочная,История,"Новосибирск, ул. Пролетарская, д. 176, кв. 106",+375427838867,83.9,,,63.0,63.5,,85.3,,70.60000000000001,74.0
Сидоров Егор Петрович,М,2025,очно-заочная,Информатика и вычислительная техника,"Нижний Новгород, ул. Зелёная, д. 123, кв. 189",+375242652809,82.5,,59.9,,,,54.6,46.4,53.63333333333333,63.3
Попов Сергей Владимирович,М,2025,очная,Медицинская биохимия,"Новосибирск, ул. Центральная, д. 45, кв. 176",+375296221839,69.4,,76.4,61.2,,60.4,,,66.00000000000001,66.1
Соколова Светлана Михайловна,Ж,2025,очно-заочная,Экономика,"Самара, ул. Школьная, д. 73, кв. 51",+375518694639,83.8,,53.7,,61.2,,,78.0,64.3,72.5
Сидоров Илья Иванович,М,2025,очная,Физика,"Санкт-Петербург, ул. Новая, д. 95, кв. 47",+375616330244,82.5,72.9,,60.5,,,,79.2,70.86666666666667,76.4
Лебедев Никита Сергеевич,М,2025,очная,История,"Воронеж, ул. Новая, д. 147, кв. 58",+375130805620,83.9,55.3,75.0,54.8,,,,,61.70000000000001,69.0
Фёдорова Мария Петровна,Ж,2025,очно-заочная,Экономика,"Москва, ул. Ленина, д. 143, кв. 166",+375629553593,85.1,60.5,,,,65.5,61.6,,62.53333333333333,69.7
Петров Максим Иванович,М,2025,очная,Физика,"Самара, ул. Победы, д. 23, кв. 119",+375781688405,74.2,55.6,,,,,55.4,65.3,58.76666666666667,65.3
Павлова Анна Алексеевна,Ж,2025,очно-заочная,История,"Екатеринбург, ул. Центральная, д. 180, кв. 44",+375701041993,76.8,64.7,,,82.5,82.1,,,76.43333333333332,78.1
Егорова Ольга Никитична,Ж,2025,заочная,Прикладная математика,"Москва, ул. Новая, д. 159, кв. 110",+375067417060,89.3,66.3,68.7,78.9,,,,,71.3,78.1
Новиков Дмитрий Михайлович,М,2025,заочная,Информатика и вычислительная техника,"Самара, ул. Центральная, д. 39, кв. 23",+375554118446,89.0,75.6,58.8,72.7,,,,,69.03333333333332,77.7
Иванов Дмитрий Петрович,М,2025,заочная,Информатика и вычислительная техника,"Нижний Новгород, ул. Мира, д. 146, кв. 31",+375510432191,78.1,73.5,,50.1,75.5,,,,66.36666666666666,70.0
Фёдорова Ольга Алексеевна,Ж,2025,очная,Химия,"Москва, ул. Строителей, д. 112, кв. 198",+375313286278,82.2,,59.5,,63.5,,,59.7,60.9,67.0
Соловьёва Мария Петровна,Ж,2025,очная,История,"Краснодар, ул. Зелёная, д. 31, кв. 58",+375653472126,82.7,84.3,,,57.6,,,67.7,69.86666666666667,73.1
Лебедев Александр Иванович,М,2025,очная,Физика,"Екатеринбург, ул. Победы, д. 69, кв. 74",+375706822737,89.1,60.4,,,62.9,,,58.8,60.699999999999996,71.3
Баранова Екатерина Владимировна,Ж,2025,очная,Информатика и вычислительная техника,"Краснодар, ул. Новая, д. 34, кв. 111",+375423375685,80.7,59.6,78.6,,,,85.1,,74.43333333333332,76.3
Лебедев Никита Иванович,М,2025,очная,Медицинская биохимия,"Екатеринбург, ул. Пролетарская, д. 56, кв. 73",+375222910903,71.3,,,,64.7,,66.0,66.1,65.6,66.2
Егорова Елена Алексеевна,Ж,2025,очно-заочная,Информатика и вычислительная техника,"Екатеринбург, ул. Новая, д. 47, кв. 105",+375248784734,75.7,,,65.6,59.6,,56.4,,60.53333333333333,65.0
Кузнецов Егор Алексеевич,М,2025,очно-заочная,Биология,"Новосибирск, ул. Ленина, д. 75, кв. 68",+375242445809,97.4,,64.8,,,,58.2,72.0,65.0,76.5
Кузьмина Ирина Денисовна,Ж,2025,очная,Биология,"Екатеринбург, ул. Пролетарская, д. 116, кв. 64",+375505172955,71.0,72.8,49.4,55.5,,,,,59.23333333333333,61.8
Соколова Екатерина Сергеевна,Ж,2025,очная,Информатика и вычислительная техника,"Нижний Новгород, ул. Пролетарская, д. 176, кв. 166",+375341997969,78.9,,,,,64.3,61.0,87.4,70.89999999999999,71.7
Фёдорова Ирина Владимировна,Ж,2025,очная,История,"Краснодар, ул. Советская, д. 3, кв. 121",+375560460182,92.5,64.5,,,,,68.4,65.0,65.96666666666667,76.9
Лебедев Андрей Иванович,М,2025,очная,Химия,"Новосибирск, ул. Школьная, д. 178, кв. 102",+375568431241,73.8,,,58.3,68.0,,,68.5,64.93333333333334,67.3
Смирнов Дмитрий Владимирович,М,2025,заочная,Информатика и вычислительная техника,"Екатеринбург, ул. Новая, д. 182, кв. 109",+375303629755,62.2,,,,,75.0,62.1,56.3,64.46666666666665,62.6
Соколов Максим Сергеевич,М,2025,очная,Прикладная математика,"Самара, ул. Центральная, д. 19, кв. 25",+375042907669,63.3,47.0,67.2,,,68.0,,,60.73333333333333,62.4
Кузнецов Андрей Иванович,М,2025,очная,Экономика,"Пермь, ул. Ленина, д. 14, кв. 86",+375993582834,73.8,59.7,,72.1,,,81.9,,71.23333333333333,73.5
Попов Никита Денисович,М,2025,очная,Физика,"Екатеринбург, ул. Зелёная, д. 91, кв. 156",+375659777295,68.0,81.1,53.0,,,74.5,,,69.53333333333333,69.5
Фёдорова Светлана Никитична,Ж,2025,очная,Химия,"Самара, ул. Ленина, д. 2, кв. 65",+375689934705,84.8,51.9,,,,81.8,,67.7,67.13333333333333,72.3
Козлов Роман Никитич,М,2025,очная,Прикладная математика,"Пермь, ул. Пролетарская, д. 98, кв. 78",+375344171340,80.2,,49.9,,,78.7,80.3,,69.63333333333333,74.8
Смирнов Никита Алексеевич,М,2025,очная,Химия,"Воронеж, ул. Школьная, д. 34, кв. 144",+375514578543,65.8,64.0,,61.0,,,,62.4,62.46666666666667,63.7
Соловьёва Анна Сергеевна,Ж,2025,очная,Прикладная математика,"Москва, ул. Пролетарская, д. 46, кв. 67",+375116460041,69.0,84.6,71.8,66.4,,,,,74.26666666666667,71.9
Кузьмина Анна Ивановна,Ж,2025,очная,Физика,"Новосибирск, ул. Строителей, д. 127, кв. 87",+375720199657,86.0,72.7,58.3,,,,,65.0,65.33333333333333,73.0
Медведева Наталья Никитична,Ж,2025,очная,Физика,"Краснодар, ул. Мира, д. 23, кв. 82",+375697256900,79.8,,69.7,,,,74.2,79.8,74.56666666666666,77.2
Павлова Виктория Алексеевна,Ж,2025,очно-заочная,Биология,"Пермь, ул. Новая, д. 37, кв. 67",+375622451252,87.2,,,66.3,65.2,,,63.6,65.03333333333333,73.2
Кузнецов Дмитрий Сергеевич,М,2025,очная,История,"Санкт-Петербург, ул. Школьная, д. 12, кв. 33",+375482544550,85.3,73.5,72.4,64.8,,,,,70.23333333333333,77.2
Козлов Илья Иванович,М,2025,очная,Прикладная математика,"Краснодар, ул. Центральная, д. 192, кв. 93",+375840766408,71.7,,,71.3,,61.1,74.5,,68.96666666666667,70.4
Баранова Ольга Владимировна,Ж,2025,очная,Экономика,"Воронеж, ул. Центральная, д. 68, кв. 157",+375874270263,83.9,,,,57.1,,57.7,69.8,61.53333333333334,70.9
Васильева Александра Алексеевна,Ж,2025,заочная,Биология,"Казань, ул. Строителей, д. 81, кв. 112",+375645696666,82.0,,,,63.5,68.0,,76.2,69.23333333333333,74.0
Новиков Сергей Никитич,М,2025,очная,Прикладная математика,"Новосибирск, ул. Школьная, д. 189, кв. 126",+375226112357,66.8,,63.6,75.7,,,,54.8,64.7,64.8
Баранова Александра Ивановна,Ж,2025,очно-заочная,Биология,"Новосибирск, ул. Строителей, д. 169, кв. 163",+375996311352,70.4,,67.0,60.4,,,53.2,,60.20000000000001,63.9
Новиков Егор Алексеевич,М,2025,очная,Физика,"Краснодар, ул. Ленина, д. 49, кв. 39",+375544174168,93.2,69.9,,,71.1,71.2,,,70.73333333333333,76.9
Кузнецов Роман Денисович,М,2025,очная,Химия,"Москва, ул. Победы, д. 47, кв. 10",+375806850133,73.0,,,81.7,,58.1,,71.9,70.56666666666668,70.3
Кузьмина Светлана Алексеевна,Ж,2025,очная,Медицинская биохимия,"Краснодар, ул. Центральная, д. 42, кв. 181",+375171238907,81.1,,74.3,,65.1,,,61.6,66.99999999999999,73.0
Соколова Наталья Петровна,Ж,2025,очная,Биология,"Краснодар, ул. Новая, д. 30, кв. 127",+375467479781,77.5,,,,71.2,,67.6,71.9,70.23333333333333,73.4
Павлова Анна Сергеевна,Ж,2025,заочная,Прикладная математика,"Москва, ул. Зелёная, д. 92, кв. 182",+375203407101,79.7,,,72.7,,66.8,78.1,,72.53333333333333,73.7
Козлов Александр Денисович,М,2025,очная,Прикладная математика,"Пермь, ул. Зелёная, д. 118, кв. 127",+375488112620,77.9,,,60.3,,61.4,,71.7,64.46666666666665,68.9
Соловьёва Анна Сергеевна,Ж,2025,очная,Медицинская биохимия,"Санкт-Петербург, ул. Мира, д. 32, кв. 90",+375520300197,84.4,54.5,,,57.7,54.1,,,55.43333333333334,64.1
Попов Максим Алексеевич,М,2025,очная,История,"Санкт-Петербург, ул. Победы, д. 73, кв. 47",+375119975320,84.2,,82.2,,80.1,60.9,,,74.4,79.3
Иванов Егор Иванович,М,2025,очная,Экономика,"Новосибирск, ул. Строителей, д. 70, кв. 145",+375284540903,79.3,70.4,,71.1,,,,63.0,68.16666666666667,70.5
Баранова Екатерина Алексеевна,Ж,2025,очная,Физика,"Самара, ул. Победы, д. 150, кв. 2",+375276679691,73.2,81.2,90.7,,60.3,,,,77.39999999999999,76.5
Медведева Мария Никитична,Ж,2025,очная,Прикладная математика,"Пермь, ул. Пролетарская, д. 47, кв. 107",+375352250040,75.2,,,61.8,,58.7,,70.6,63.699999999999996,68.2
Соловьёва Мария Владимировна,Ж,2025,очно-заочная,Информатика и вычислительная техника,"Санкт-Петербург, ул. Победы, д. 197, кв. 128",+375971599493,69.1,,,77.8,53.9,66.4,,,66.03333333333333,67.0
Морозова Виктория Никитична,Ж,2025,очная,Химия,"Санкт-Петербург, ул. Школьная, д. 7, кв. 73",+375023111091,76.6,,,,,54.9,65.2,56.4,58.833333333333336,64.2
Соловьёва Ирина Алексеевна,Ж,2025,очная,Биология,"Санкт-Петербург, ул. Новая, д. 96, кв. 152",+375529407383,68.0,50.3,,63.2,69.3,,,,60.93333333333334,63.0
Егорова Екатерина Денисовна,Ж,2025,заочная,История,"Санкт-Петербург, ул. Школьная, д. 40, кв. 8",+375124956369,79.9,60.5,71.5,76.5,,,,,69.5,74.4
Сидоров Егор Никитич,М,2025,очная,Экономика,"Санкт-Петербург, ул. Зелёная, д. 182, кв. 169",+375263786771,80.4,,68.3,72.4,57.6,,,,66.1,72.2
Новиков Сергей Алексеевич,М,2025,заочная,Медицинская биохимия,"Краснодар, ул. Зелёная, д. 161, кв. 69",+375853494686,84.6,70.1,62.8,,,,,51.8,61.56666666666666,70.6
Смирнов Никита Михайлович,М,2025,очная,Химия,"Самара, ул. Ленина, д. 85, кв. 12",+375839935780,71.3,,,53.7,,,67.5,68.8,63.333333333333336,67.1
Сидоров Максим Иванович,М,2025,заочная,Физика,"Самара, ул. Зелёная, д. 84, кв. 188",+375076829424,71.7,79.1,79.6,67.3,,,,,75.33333333333333,72.6
Егорова Виктория Ивановна,Ж,2025,очная,История,"Самара, ул. Мира, д. 55, кв. 13",+375903516703,87.7,60.3,,58.6,,,,68.1,62.333333333333336,69.6
Новиков Максим Никитич,М,2025,заочная,Экономика,"Казань, ул. Школьная, д. 15, кв. 191",+375343861080,70.4,,55.8,90.2,,,69.3,,71.76666666666667,72.7
Кузнецов Роман Петрович,М,2025,заочная,Биология,"Санкт-Петербург, ул. Строителей, д. 155, кв. 98",+375513545241,90.9,,,78.2,69.3,66.6,,,71.36666666666666,79.6
Сидоров Михаил Никитич,М,2025,очная,Биология,"Санкт-Петербург, ул. Новая, д. 66, кв. 46",+375620772687,73.1,51.7,70.0,,,63.6,,,61.76666666666667,66.5
Павлова Мария Никитична,Ж,2025,заочная,Медицинская биохимия,"Екатеринбург, ул. Новая, д. 23, кв. 6",+375219668437,73.1,,,68.2,71.8,69.1,,,69.7,71.3
Сидоров Егор Петрович,М,2025,очная,Информатика и вычислительная техника,"Екатеринбург, ул. Мира, д. 100, кв. 200",+375331036889,83.7,,62.1,,,68.5,,49.0,59.86666666666667,67.7
Фёдорова Александра Ивановна,Ж,2025,очная,Медицинская биохимия,"Воронеж, ул. Центральная, д. 166, кв. 193",+375046695932,81.9,53.6,,70.3,,78.5,,,67.46666666666667,71.4
Кузнецов Илья Сергеевич,М,2025,очная,Физика,"Новосибирск, ул. Советская, д. 77, кв. 126",+375893706503,88.4,57.3,,,,60.4,70.7,,62.79999999999999,72.4
Попов Дмитрий Михайлович,М,2025,очная,История,"Воронеж, ул. Центральная, д. 176, кв. 155",+375473213939,67.3,,,,76.7,61.1,69.4,,69.06666666666668,70.1
Соколова Мария Ивановна,Ж,2025,очная,История,"Новосибирск, ул. Школьная, д. 171, кв. 25",+375468149820,81.8,,,69.7,48.0,,61.8,,59.833333333333336,67.3
Фёдорова Елена Владимировна,Ж,2025,очная,Прикладная математика,"Нижний Новгород, ул. Строителей, д. 52, кв. 126",+375154003355,78.3,,71.2,74.4,,,,71.2,72.26666666666667,73.6
Соколов Максим Денисович,М,2025,очная,Информатика и вычислительная техника,"Краснодар, ул. Новая, д. 122, кв. 69",+375950986661,72.1,79.7,69.2,,69.9,,,,72.93333333333334,71.7
Соловьёва Елена Владимировна,Ж,2025,очно-заочная,Информатика и вычислительная техника,"Самара, ул. Пролетарская, д. 109, кв. 24",+375156232663,89.9,77.4,,75.5,62.9,,,,71.93333333333334,76.3
Фёдорова Мария Сергеевна,Ж,2025,заочная,История,"Воронеж, ул. Школьная, д. 158, кв. 48",+375640936110,80.0,73.7,,,67.0,,69.7,,70.13333333333333,73.7
Лебедев Максим Петрович,М,2025,очная,История,"Воронеж, ул. Новая, д. 24, кв. 11",+375197770093,78.2,,86.5,,75.2,89.5,,,83.73333333333333,83.7
Кузьмина Анна Ивановна,Ж,2025,очная,Химия,"Пермь, ул. Школьная, д. 119, кв. 174",+375571259316,81.3,,,68.6,73.7,76.0,,,72.76666666666667,77.0
Кузьмина Александра Петровна,Ж,2025,очная,Экономика,"Екатеринбург, ул. Мира, д. 127, кв. 135",+375377698369,68.2,70.9,71.6,,,70.3,,,70.93333333333334,71.6
Соловьёва Мария Алексеевна,Ж,2025,очная,Химия,"Пермь, ул. Советская, д. 75, кв. 120",+375903184235,71.1,60.8,,48.3,,63.8,,,57.633333333333326,62.8
Васильева Елена Петровна,Ж,2025,очная,Химия,"Воронеж, ул. Советская, д. 123, кв. 77",+375906766836,76.6,60.3,,58.0,48.3,,,,55.53333333333333,62.8
Морозова Светлана Никитична,Ж,2025,очная,Информатика и вычислительная техника,"Новосибирск, ул. Мира, д. 176, кв. 77",+375841437488,80.5,62.0,66.4,,66.2,,,,64.86666666666667,72.3
Баранова Виктория Денисовна,Ж,2025,очная,Прикладная математика,"Екатеринбург, ул. Строителей, д. 110, кв. 76",+375295539206,86.2,47.0,,,,78.8,,60.0,61.93333333333334,70.2
Егорова Анна Алексеевна,Ж,2025,заочная,Биология,"Самара, ул. Ленина, д. 142, кв. 20",+375496072622,73.3,64.3,,70.3,,,67.1,,67.23333333333333,71.0
Егорова Виктория Алексеевна,Ж,2025,очная,Химия,"Москва, ул. Строителей, д. 28, кв. 131",+375981352996,71.9,59.6,,,77.6,,,63.7,66.96666666666665,69.7
Морозова Анна Никитична,Ж,2025,очная,Прикладная математика,"Воронеж, ул. Новая, д. 25, кв. 119",+375642133774,81.6,,,74.4,80.0,,,62.0,72.13333333333334,74.8
Павлова Ольга Владимировна,Ж,2025,очная,Медицинская биохимия,"Самара, ул. Центральная, д. 91, кв. 66",+375570433190,77.8,,,62.2,,,66.2,43.5,57.300000000000004,64.5
Медведева Светлана Михайловна,Ж,2025,очная,Физика,"Самара, ул. Советская, д. 197, кв. 129",+375564781384,67.1,84.6,,,67.9,53.2,,,68.56666666666666,67.6
Смирнов Илья Сергеевич,М,2025,очная,Химия,"Москва, ул. Советская, д. 190, кв. 170",+375252425948,73.1,,,70.3,58.1,,,84.6,71.0,70.3
Соколова Мария Владимировна,Ж,2025,очная,Медицинская биохимия,"Краснодар, ул. Мира, д. 47, кв. 101",+375257651670,77.5,61.6,,,51.9,77.2,,,63.56666666666666,67.9
Медведева Виктория Денисовна,Ж,2025,очная,Биология,"Москва, ул. Советская, д. 107, кв. 181",+375837969610,77.7,,,59.6,68.0,,65.6,,64.39999999999999,70.6
Иванов Максим Никитич,М,2025,очная,Физика,"Казань, ул. Школьная, д. 151, кв. 186",+375317967508,79.1,50.2,,,77.0,,73.9,,67.03333333333335,72.3
Егорова Анна Петровна,Ж,2025,заочная,Физика,"Краснодар, ул. Зелёная, д. 160, кв. 68",+375590075777,70.8,,,57.0,,56.8,,63.7,59.166666666666664,62.3
Новиков Илья Денисович,М,2025,заочная,Биология,"Нижний Новгород, ул. Мира, д. 55, кв. 48",+375966938189,77.8,67.3,70.4,,,,,66.0,67.89999999999999,70.8
Петров Сергей Иванович,М,2025,очная,Химия,"Санкт-Петербург, ул. Пролетарская, д. 67, кв. 173",+375213410948,84.3,58.2,61.2,,,,,60.4,59.93333333333334,68.9
Васильева Ольга Михайловна,Ж,2025,очная,Информатика и вычислительная техника,"Санкт-Петербург, ул. Новая, д. 137, кв. 5",+375498952330,61.3,42.3,,55.1,53.4,,,,50.26666666666667,53.8
Лебедев Дмитрий Петрович,М,2025,очная,Биология,"Москва, ул. Новая, д. 30, кв. 4",+375220808011,76.9,88.5,73.2,,,,,72.5,78.06666666666666,77.7
Егорова Ирина Денисовна,Ж,2025,очная,Биология,"Новосибирск, ул. Зелёная, д. 118, кв. 178",+375560217811,68.6,,72.6,67.1,,,62.5,,67.39999999999999,68.6
Кузьмина Наталья Петровна,Ж,2025,очная,Биология,"Воронеж, ул. Пролетарская, д. 186, кв. 125",+375983485988,78.4,69.2,,,,64.5,,66.1,66.6,70.6
Соколов Андрей Алексеевич,М,2025,очная,Физика,"Казань, ул. Пролетарская, д. 158, кв. 93",+375698447938,69.6,62.7,,62.8,,,66.4,,63.96666666666667,64.7
Соколов Егор Никитич,М,2025,очная,Экономика,"Воронеж, ул. Центральная, д. 23, кв. 33",+375662364206,79.4,63.0,,,,,64.7,75.3,67.66666666666667,71.9
Лебедев Максим Иванович,М,2025,очная,Прикладная математика,"Новосибирск, ул. Ленина, д. 49, кв. 29",+375596131760,88.4,70.0,,77.0,,,,79.0,75.33333333333333,79.3
Фёдорова Ирина Денисовна,Ж,2025,очная,Медицинская биохимия,"Москва, ул. Победы, д. 7, кв. 54",+375113201808,72.7,,,67.9,,68.1,,55.2,63.73333333333333,66.0
Павлова Ирина Михайловна,Ж,2025,заочная,Информатика и вычислительная техника,"Краснодар, ул. Мира, д. 167, кв. 62",+375611443992,73.6,,,65.5,59.5,,,65.5,63.5,66.3
Соколова Виктория Алексеевна,Ж,2025,заочная,Химия,"Воронеж, ул. Строителей, д. 49, кв. 23",+375393144490,75.8,,65.0,,,,73.9,56.5,65.13333333333334,68.6
Петров Дмитрий Никитич,М,2025,очно-заочная,Химия,"Казань, ул. Зелёная, д. 38, кв. 122",+375516344414,80.5,63.6,,,70.1,63.7,,,65.8,72.5
Егорова Светлана Сергеевна,Ж,2025,очная,Медицинская биохимия,"Воронеж, ул. Ленина, д. 30, кв. 43",+375231387200,72.5,,69.7,46.5,,,,69.1,61.76666666666667,66.5
Соколова Светлана Владимировна,Ж,2025,заочная,Прикладная математика,"Новосибирск, ул. Зелёная, д. 125, кв. 121",+375523070451,76.3,,,,51.5,76.1,,61.3,62.96666666666666,68.3
Егорова Светлана Денисовна,Ж,2025,очная,Биология,"Москва, ул. Зелёная, д. 150, кв. 63",+375660334006,74.6,68.7,,,60.1,,75.9,,68.23333333333333,70.3
Кузнецов Роман Денисович,М,2025,очно-заочная,Экономика,"Екатеринбург, ул. Центральная, д. 146, кв. 101",+375801551836,75.8,,65.9,,,62.5,,73.2,67.2,68.2
Морозова Ирина Владимировна,Ж,2025,очная,Информатика и вычислительная техника,"Москва, ул. Школьная, д. 3, кв. 27",+375527682010,80.6,,,,81.7,59.7,58.5,,66.63333333333334,70.9
Медведева Анна Алексеевна,Ж,2025,очно-заочная,Химия,"Воронеж, ул. Новая, д. 127, кв. 189",+375491279434,81.9,,,71.3,54.0,,,71.1,65.46666666666665,72.5
Фёдорова Мария Алексеевна,Ж,2025,очная,Медицинская биохимия,"Самара, ул. Пролетарская, д. 188, кв. 142",+375956803847,69.7,72.2,68.0,53.5,,,,,64.56666666666666,65.9
Кузнецов Максим Сергеевич,М,2025,заочная,История,"Казань, ул. Ленина, д. 125, кв. 103",+375038003262,80.6,79.7,,64.7,,,,69.6,71.33333333333333,74.8
Соколова Екатерина Владимировна,Ж,2025,заочная,Экономика,"Краснодар, ул. Строителей, д. 152, кв. 186",+375091930076,97.5,,42.3,70.8,,70.6,,,61.23333333333333,72.7
Егорова Мария Сергеевна,Ж,2025,очная,Медицинская биохимия,"Самара, ул. Зелёная, д. 60, кв. 183",+375735273235,87.9,,70.1,,,,70.0,61.9,67.33333333333333,76.2
Новиков Максим Михайлович,М,2025,очная,Экономика,"Москва, ул. Строителей, д. 5, кв. 109",+375663761784,74.7,60.1,,,,,65.4,63.5,63.0,68.8
Морозова Александра Петровна,Ж,2025,заочная,Химия,"Самара, ул. Школьная, д. 142, кв. 17",+375333536644,79.4,48.3,53.7,,67.0,,,,56.333333333333336,63.0
Медведева Елена Владимировна,Ж,2025,очная,Биология,"Казань, ул. Новая, д. 122, кв. 30",+375976656691,78.4,60.1,75.6,,,,80.4,,72.03333333333333,75.2
Попов Андрей Михайлович,М,2025,заочная,История,"Краснодар, ул. Пролетарская, д. 166, кв. 89",+375919696640,81.4,,67.6,,75.6,,,74.7,72.63333333333333,74.0
Лебедев Андрей Иванович,М,2025,очная,Прикладная математика,"Краснодар, ул. Новая, д. 6, кв. 42",+375187790587,76.1,59.1,,61.4,59.5,,,,60.0,66.0
Баранова Виктория Владимировна,Ж,2025,очная,Информатика и вычислительная техника,"Казань, ул. Победы, д. 121, кв. 89",+375232587931,77.0,,74.9,,,56.6,89.0,,73.5,73.4
Соколов Дмитрий Алексеевич,М,2025,очная,Прикладная математика,"Краснодар, ул. Победы, д. 130, кв. 57",+375775780810,74.2,,,82.7,,60.1,74.4,,72.4,71.6
Баранова Екатерина Петровна,Ж,2025,очная,Прикладная математика,"Самара, ул. Школьная, д. 155, кв. 184",+375773761493,85.2,,68.8,,78.5,,68.9,,72.06666666666668,74.7
Новиков Дмитрий Петрович,М,2025,очно-заочная,Медицинская биохимия,"Краснодар, ул. Мира, д. 76, кв. 186",+375204978600,80.5,71.9,,,,63.5,,68.3,67.89999999999999,74.1
Медведева Ирина Никитична,Ж,2025,очная,Экономика,"Воронеж, ул. Новая, д. 173, кв. 168",+375010398336,80.5,,50.8,76.7,,,,64.2,63.9,71.0
Смирнов Никита Владимирович,М,2025,очная,Информатика и вычислительная техника,"Нижний Новгород, ул. Зелёная, д. 42, кв. 160",+375860033059,85.9,,,,66.3,67.7,,84.3,72.76666666666667,75.7
Баранова Наталья Денисовна,Ж,2025,очная,Информатика и вычислительная техника,"Екатеринбург, ул. Центральная, д. 177, кв. 192",+375147286804,86.0,,76.8,,66.7,70.3,,,71.26666666666667,76.8
Васильева Анна Михайловна,Ж,2025,очная,Химия,"Санкт-Петербург, ул. Зелёная, д. 34, кв. 45",+375233697949,84.9,67.5,83.4,67.7,,,,,72.86666666666667,76.0
Васильева Елена Владимировна,Ж,2025,заочная,Химия,"Екатеринбург, ул. Мира, д. 156, кв. 126",+375622235474,85.8,,78.7,59.7,60.9,,,,66.43333333333334,72.3
Егорова Анна Никитична,Ж,2025,заочная,Информатика и вычислительная техника,"Санкт-Петербург, ул. Новая, д. 127, кв. 78",+375491461564,88.0,66.6,,,,76.0,,64.2,68.93333333333334,77.1
Иванов Сергей Денисович,М,2025,очная,История,"Екатеринбург, ул. Победы, д. 143, кв. 13",+375839077671,72.8,61.7,65.9,,60.7,,,,62.76666666666667,64.7
Соловьёва Ирина Ивановна,Ж,2025,заочная,Физика,"Москва, ул. Школьная, д. 67, кв. 92",+375280776439,76.8,52.6,73.1,,,,61.4,,62.36666666666667,67.8
Смирнов Егор Михайлович,М,2025,очно-заочная,Химия,"Новосибирск, ул. Мира, д. 129, кв. 9",+375999504336,82.9,72.8,61.4,,60.8,,,,65.0,70.9
Лебедев Илья Петрович,М,2025,очная,Физика,"Санкт-Петербург, ул. Школьная, д. 111, кв. 30",+375877451241,73.3,64.9,,79.8,67.7,,,,70.8,70.4
Сидоров Сергей Михайлович,М,2025,заочная,Медицинская биохимия,"Самара, ул. Победы, д. 31, кв. 144",+375235493144,76.4,,,,54.3,60.8,53.3,,56.133333333333326,63.0
Попов Михаил Михайлович,М,2025,очная,История,"Екатеринбург, ул. Зелёная, д. 67, кв. 88",+375603477049,79.8,73.5,,58.0,,,,60.8,64.10000000000001,71.4
Баранова Елена Петровна,Ж,2025,очная,Информатика и вычислительная техника,"Нижний Новгород, ул. Ленина, д. 198, кв. 143",+375001183201,77.2,68.8,,58.9,,51.4,,,59.699999999999996,67.0
Фёдорова Ольга Сергеевна,Ж,2025,заочная,История,"Казань, ул. Мира, д. 177, кв. 132",+375584348673,79.0,,71.5,,80.2,,53.9,,68.53333333333333,70.7
Лебедев Никита Никитич,М,2025,очная,Химия,"Самара, ул. Советская, д. 181, кв. 13",+375754652486,71.7,,,,58.4,69.0,,58.6,62.0,66.8
Козлов Александр Алексеевич,М,2025,заочная,Прикладная математика,"Краснодар, ул. Зелёная, д. 194, кв. 29",+375364156757,78.4,61.2,,67.5,,72.5,,,67.06666666666666,72.8
Кузьмина Мария Владимировна,Ж,2025,заочная,Медицинская биохимия,"Санкт-Петербург, ул. Пролетарская, д. 157, кв. 27",+375615853624,79.4,,,54.0,77.4,,60.5,,63.96666666666667,68.5
Козлов Максим Иванович,М,2025,очная,Информатика и вычислительная техника,"Пермь, ул. Ленина, д. 130, кв. 27",+375092788913,88.3,65.2,,,40.0,,,65.1,56.76666666666667,67.1
Кузнецов Максим Сергеевич,М,2025,заочная,Биология,"Новосибирск, ул. Советская, д. 53, кв. 93",+375420591808,77.0,,57.5,,66.7,,73.0,,65.73333333333333,68.2
Кузнецов Александр Иванович,М,2025,очная,Медицинская биохимия,"Новосибирск, ул. Центральная, д. 182, кв. 114",+375691571452,74.7,,55.7,47.7,66.6,,,,56.666666666666664,62.4
Соколова Наталья Никитична,Ж,2025,очная,Экономика,"Пермь, ул. Зелёная, д. 188, кв. 26",+375152107045,82.9,,64.7,63.8,,51.2,,,59.9,68.6
Кузьмина Ольга Никитична,Ж,2025,очная,Физика,"Новосибирск, ул. Школьная, д. 86, кв. 36",+375261614623,59.6,,,,77.4,72.9,,76.8,75.7,69.2
Козлов Михаил Владимирович,М,2025,заочная,История,"Санкт-Петербург, ул. Победы, д. 113, кв. 107",+375028947126,76.7,59.9,,,79.2,55.1,,,64.73333333333333,66.9
Иванов Дмитрий Сергеевич,М,2025,очная,Информатика и вычислительная техника,"Москва, ул. Победы, д. 122, кв. 88",+375938603955,75.5,61.2,64.9,,,,73.0,,66.36666666666667,68.9
Фёдорова Александра Денисовна,Ж,2025,очная,Медицинская биохимия,"Казань, ул. Строителей, д. 44, кв. 22",+375954212822,80.2,79.6,74.3,,,,,53.7,69.19999999999999,72.9
Фёдорова Екатерина Никитична,Ж,2025,очно-заочная,История,"Казань, ул. Школьная, д. 184, кв. 194",+375012175605,86.1,56.9,,,,78.7,,72.5,69.36666666666666,75.5
Сидоров Егор Михайлович,М,2025,очно-заочная,Информатика и вычислительная техника,"Воронеж, ул. Школьная, д. 162, кв. 171",+375152628263,87.9,70.5,58.1,73.7,,,,,67.43333333333334,75.3
Кузьмина Мария Ивановна,Ж,2025,очно-заочная,Химия,"Екатеринбург, ул. Мира, д. 193, кв. 193",+375717875906,80.1,69.6,,56.9,,70.1,,,65.53333333333333,68.9
Иванов Никита Алексеевич,М,2025,очная,Медицинская биохимия,"Пермь, ул. Новая, д. 59, кв. 36",+375061712204,69.3,,75.7,,81.6,88.5,,,81.93333333333334,77.4
Кузнецов Роман Сергеевич,М,2025,очная,Химия,"Воронеж, ул. Новая, д. 105, кв. 118",+375494855249,75.5,71.8,,,41.7,,,77.8,63.76666666666667,66.9
Павлова Ольга Михайловна,Ж,2025,очная,Медицинская биохимия,"Пермь, ул. Школьная, д. 8, кв. 114",+375621424890,76.2,,55.2,64.0,,,47.4,,55.53333333333333,64.6
Козлов Никита Иванович,М,2025,заочная,Химия,"Новосибирск, ул. Ленина, д. 184, кв. 133",+375394110712,80.8,,57.0,,70.3,,81.1,,69.46666666666665,72.9
Фёдорова Анна Алексеевна,Ж,2025,очная,Экономика,"Санкт-Петербург, ул. Советская, д. 87, кв. 81",+375130249035,78.9,,66.1,50.0,,,,80.8,65.63333333333333,68.7
Новиков Максим Иванович,М,2025,очная,История,"Воронеж, ул. Мира, д. 112, кв. 16",+375366581977,74.5,,,74.7,,77.4,61.2,,71.10000000000001,70.5
Смирнов Сергей Михайлович,М,2025,заочная,Биология,"Воронеж, ул. Ленина, д. 170, кв. 165",+375935540267,71.1,59.8,,57.4,,,63.8,,60.333333333333336,63.2
Егорова Ирина Владимировна,Ж,2025,очная,Медицинская биохимия,"Новосибирск, ул. Пролетарская, д. 15, кв. 162",+375123424771,73.4,67.4,64.7,,,59.0,,,63.70000000000001,65.8
Лебедев Егор Михайлович,М,2025,заочная,Экономика,"Пермь, ул. Центральная, д. 108, кв. 103",+375538917059,73.2,,,,80.3,69.0,64.5,,71.26666666666667,72.5
Фёдорова Ольга Михайловна,Ж,2025,очно-заочная,Медицинская биохимия,"Пермь, ул. Центральная, д. 185, кв. 191",+375012849919,88.3,,60.3,78.8,,,49.1,,62.73333333333333,73.1
Новиков Андрей Владимирович,М,2025,заочная,Химия,"Нижний Новгород, ул. Школьная, д. 3, кв. 72",+375440248907,74.0,67.8,85.6,75.6,,,,,76.33333333333333,74.8
Петров Роман Иванович,М,2025,очная,Информатика и вычислительная техника,"Пермь, ул. Пролетарская, д. 38, кв. 180",+375085074666,79.0,,63.3,70.4,,,,88.5,74.06666666666666,76.1
Попов Андрей Михайлович,М,2025,очная,Медицинская биохимия,"Воронеж, ул. Зелёная, д. 165, кв. 53",+375578161519,84.4,68.8,61.4,,81.4,,,,70.53333333333333,76.3
Морозова Ирина Денисовна,Ж,2025,очно-заочная,Экономика,"Пермь, ул. Пролетарская, д. 159, кв. 167",+375510623543,79.8,,,,61.9,,86.3,74.7,74.3,75.8
Попов Дмитрий Михайлович,М,2025,заочная,Химия,"Краснодар, ул. Школьная, д. 167, кв. 104",+375855156778,72.1,67.6,89.2,59.9,,,,,72.23333333333333,70.5
Кузьмина Александра Михайловна,Ж,2025,очно-заочная,Прикладная математика,"Екатеринбург, ул. Центральная, д. 22, кв. 10",+375929660734,84.5,65.0,54.6,54.9,,,,,58.166666666666664,66.3
Кузнецов Илья Алексеевич,М,2025,очная,Химия,"Пермь, ул. Школьная, д. 100, кв. 186",+375524940220,80.7,69.1,,,,61.4,69.4,,66.63333333333334,73.1
Павлова Светлана Ивановна,Ж,2025,очно-заочная,История,"Новосибирск, ул. Строителей, д. 139, кв. 73",+375606386468,65.5,,,83.5,68.6,53.7,,,68.60000000000001,68.8
Соколов Роман Никитич,М,2025,очно-заочная,Биология,"Екатеринбург, ул. Советская, д. 131, кв. 142",+375950503744,86.1,70.9,72.6,,77.5,,,,73.66666666666667,76.4
Соколова Екатерина Денисовна,Ж,2025,очно-заочная,Прикладная математика,"Казань, ул. Строителей, д. 88, кв. 194",+375977044706,83.8,66.0,,,71.5,,66.9,,68.13333333333334,72.5
Кузьмина Ирина Владимировна,Ж,2025,очно-заочная,История,"Новосибирск, ул. Ленина, д. 8, кв. 139",+375681230692,80.6,43.4,,,,72.8,,63.0,59.73333333333333,68.1
Егорова Елена Ивановна,Ж,2025,заочная,История,"Самара, ул. Центральная, д. 62, кв. 199",+375227891990,88.4,,68.0,55.6,,,76.5,,66.7,74.2
Баранова Виктория Сергеевна,Ж,2025,очная,История,"Казань, ул. Новая, д. 130, кв. 29",+375858510720,83.7,,68.4,,,69.7,,70.3,69.46666666666668,75.5
Павлова Александра Денисовна,Ж,2025,очная,Информатика и вычислительная техника,"Москва, ул. Школьная, д. 67, кв. 161",+375707088823,85.4,56.8,51.9,,,,,69.3,59.333333333333336,67.3
Медведева Александра Михайловна,Ж,2025,очная,История,"Пермь, ул. Школьная, д. 32, кв. 13",+375458350173,84.8,71.6,,62.1,,,54.1,,62.599999999999994,72.2
Козлов Максим Алексеевич,М,2025,очная,Информатика и вычислительная техника,"Санкт-Петербург, ул. Зелёная, д. 77, кв. 147",+375963883750,83.1,,,91.9,72.6,,,52.0,72.16666666666667,77.1
Петров Илья Денисович,М,2025,очная,История,"Москва, ул. Зелёная, д. 87, кв. 61",+375602782006,67.9,,,70.9,54.4,46.4,,,57.23333333333334,59.8
Кузьмина Екатерина Алексеевна,Ж,2025,очная,Физика,"Самара, ул. Пролетарская, д. 183, кв. 161",+375405536680,68.6,,,73.6,71.8,,,59.5,68.3,68.6
Морозова Александра Сергеевна,Ж,2025,очная,Экономика,"Пермь, ул. Пролетарская, д. 60, кв. 90",+375492633009,83.7,69.9,,54.1,,,59.2,,61.06666666666666,67.4
Павлова Александра Михайловна,Ж,2025,очная,Прикладная математика,"Казань, ул. Центральная, д. 171, кв. 184",+375110755998,86.0,,,61.0,,67.2,61.5,,63.23333333333333,70.6
Попов Никита Никитич,М,2025,очная,Физика,"Самара, ул. Мира, д. 183, кв. 97",+375435706787,74.4,,,,,64.2,68.3,70.8,67.76666666666667,70.7
Новиков Илья Михайлович,М,2025,заочная,История,"Пермь, ул. Победы, д. 27, кв. 84",+375621233563,71.9,61.1,,69.4,57.4,,,,62.63333333333333,65.2
Петров Михаил Денисович,М,2025,заочная,Прикладная математика,"Пермь, ул. Пролетарская, д. 50, кв. 200",+375958520994,80.2,70.8,,,,84.5,63.3,,72.86666666666667,76.1
Баранова Анна Петровна,Ж,2025,очная,Прикладная математика,"Нижний Новгород, ул. Зелёная, д. 26, кв. 38",+375992790122,69.9,,69.2,,47.9,,,48.7,55.26666666666667,59.4
Кузнецов Михаил Петрович,М,2025,заочная,Медицинская биохимия,"Воронеж, ул. Новая, д. 21, кв. 24",+375747513834,77.6,,58.8,47.6,,,54.2,,53.53333333333334,62.8
Козлов Никита Михайлович,М,2025,очная,Биология,"Москва, ул. Новая, д. 34, кв. 122",+375497596544,76.5,75.3,62.3,,50.7,,,,62.76666666666667,67.0
Иванов Никита Алексеевич,М,2025,очная,Физика,"Екатеринбург, ул. Зелёная, д. 20, кв. 95",+375269461874,77.3,,,,71.5,61.0,67.6,,66.7,71.6
Кузнецов Максим Никитич,М,2025,очная,Биология,"Пермь, ул. Новая, д. 151, кв. 144",+375157673261,89.9,71.7,65.8,69.3,,,,,68.93333333333334,74.8
Баранова Елена Денисовна,Ж,2025,очная,Прикладная математика,"Пермь, ул. Новая, д. 68, кв. 150",+375460315062,74.8,40.0,72.6,,75.6,,,,62.73333333333333,66.4
Попов Максим Алексеевич,М,2025,очно-заочная,Информатика и вычислительная техника,"Краснодар, ул. Новая, д. 113, кв. 177",+375076162874,78.9,,,66.8,,60.9,62.2,,63.29999999999999,68.6
Фёдорова Мария Никитична,Ж,2025,очно-заочная,Прикладная математика,"Краснодар, ул. Новая, д. 42, кв. 37",+375620017048,70.7,,71.7,,72.0,64.1,,,69.26666666666667,69.5
Попов Максим Иванович,М,2025,очная,Биология,"Пермь, ул. Мира, д. 125, кв. 183",+375816025891,84.2,,,58.1,,,61.0,81.5,66.86666666666666,72.7
Лебедев Александр Михайлович,М,2025,очная,Физика,"Краснодар, ул. Мира, д. 181, кв. 132",+375631259879,77.5,,,81.6,71.9,58.2,,,70.56666666666666,72.8
Сидоров Сергей Алексеевич,М,2025,очная,История,"Пермь, ул. Советская, д. 178, кв. 55",+375833871708,85.7,,,59.9,47.0,,71.9,,59.6,70.7
Петров Михаил Алексеевич,М,2025,очная,Медицинская биохимия,"Краснодар, ул. Зелёная, д. 9, кв. 192",+375874424308,63.9,62.8,61.4,,,67.2,,,63.79999999999999,62.6
Соколов Роман Владимирович,М,2025,очная,Медицинская биохимия,"Новосибирск, ул. Строителей, д. 95, кв. 31",+375932504619,78.3,,,65.5,,47.6,67.6,,60.23333333333333,67.6
Соколов Никита Денисович,М,2025,очная,Медицинская биохимия,"Самара, ул. Новая, д. 29, кв. 31",+375851770003,79.4,63.9,,,,82.8,,64.2,70.3,73.7
Соколова Елена Ивановна,Ж,2025,заочная,История,"Нижний Новгород, ул. Пролетарская, д. 75, кв. 11",+375370920898,84.1,,,,66.7,49.8,,90.8,69.10000000000001,74.0
Кузнецов Андрей Никитич,М,2025,заочная,Медицинская биохимия,"Пермь, ул. Мира, д. 31, кв. 96",+375670410260,74.7,,,68.7,,,74.7,57.3,66.89999999999999,70.2
Соловьёва Анна Сергеевна,Ж,2025,очная,Физика,"Казань, ул. Школьная, д. 78, кв. 76",+375113229426,83.3,76.4,,,86.5,,,59.5,74.13333333333334,78.8
Соколова Анна Сергеевна,Ж,2025,заочная,История,"Краснодар, ул. Ленина, д. 37, кв. 37",+375432310210,75.4,,52.8,,60.4,,68.4,,60.53333333333333,65.6
Соловьёва Ольга Михайловна,Ж,2025,очная,Медицинская биохимия,"Самара, ул. Новая, д. 13, кв. 79",+375018487509,79.2,,91.1,,,71.6,66.1,,76.26666666666667,78.8
Петров Максим Владимирович,М,2025,очная,История,"Казань, ул. Победы, д. 47, кв. 190",+375406977614,84.1,,,86.9,,72.1,56.8,,71.93333333333334,74.6
Новиков Андрей Михайлович,М,2025,очная,Биология,"Краснодар, ул. Ленина, д. 32, кв. 141",+375349837715,73.0,,56.0,56.4,,,79.2,,63.866666666666674,67.7
Петров Максим Иванович,М,2025,очная,Экономика,"Нижний Новгород, ул. Советская, д. 12, кв. 107",+375419360890,83.0,77.4,,69.2,72.6,,,,73.06666666666668,75.9
Смирнов Илья Денисович,М,2025,заочная,Экономика,"Краснодар, ул. Пролетарская, д. 80, кв. 145",+375467131355,80.6,80.0,,67.5,,,,66.2,71.23333333333333,74.1
Баранова Светлана Никитична,Ж,2025,очная,Физика,"Краснодар, ул. Школьная, д. 97, кв. 122",+375133012475,76.6,55.4,74.4,,63.0,,,,64.26666666666667,68.9
Сидоров Никита Никитич,М,2025,очная,Химия,"Самара, ул. Мира, д. 196, кв. 36",+375256595026,74.6,73.5,,64.2,,63.7,,,67.13333333333333,69.7
Попов Михаил Сергеевич,М,2025,очная,Информатика и вычислительная техника,"Пермь, ул. Зелёная, д. 195, кв. 116",+375336818253,66.0,63.0,,65.7,84.0,,,,70.89999999999999,68.7
Егорова Екатерина Ивановна,Ж,2025,очная,Медицинская биохимия,"Краснодар, ул. Мира, д. 187, кв. 84",+375085716511,78.1,57.9,,68.5,67.7,,,,64.7,68.6
Павлова Ольга Алексеевна,Ж,2025,заочная,Информатика и вычислительная техника,"Санкт-Петербург, ул. Пролетарская, д. 171, кв. 160",+375332761298,76.6,51.6,,,,,69.0,55.1,58.56666666666666,65.4
Соколова Ольга Алексеевна,Ж,2025,очная,История,"Воронеж, ул. Новая, д. 60, кв. 102",+375412731157,82.4,,52.2,73.8,,,,62.5,62.833333333333336,69.7
Попов Дмитрий Иванович,М,2025,очная,Информатика и вычислительная техника,"Нижний Новгород, ул. Строителей, д. 12, кв. 172",+375631838464,81.8,,,71.4,,84.1,60.0,,71.83333333333333,74.6
Смирнов Никита Иванович,М,2025,очная,Физика,"Краснодар, ул. Центральная, д. 166, кв. 23",+375156529724,85.0,69.4,77.4,46.1,,,,,64.3,70.4
Иванов Роман Петрович,М,2025,очная,Физика,"Новосибирск, ул. Ленина, д. 147, кв. 162",+375846641466,85.2,,67.1,,,,66.8,65.9,66.6,74.2
Иванов Александр Петрович,М,2025,очная,Прикладная математика,"Казань, ул. Строителей, д. 166, кв. 32",+375305243164,97.5,78.7,,,61.7,55.9,,,65.43333333333334,77.9
Лебедев Никита Владимирович,М,2025,очно-заочная,Экономика,"Пермь, ул. Советская, д. 50, кв. 159",+375683489344,81.7,70.3,42.1,61.2,,,,,57.866666666666674,65.1
Козлов Дмитрий Михайлович,М,2025,очная,Медицинская биохимия,"Пермь, ул. Пролетарская, д. 194, кв. 14",+375733645559,73.4,,59.2,73.8,74.1,,,,69.03333333333333,69.6
Сидоров Михаил Сергеевич,М,2025,очно-заочная,Прикладная математика,"Самара, ул. Строителей, д. 49, кв. 193",+375448736784,83.6,,,,79.8,,69.0,64.5,71.10000000000001,74.4
Смирнов Александр Владимирович,М,2025,заочная,Информатика и вычислительная техника,"Краснодар, ул. Строителей, д. 5, кв. 31",+375239594821,88.2,55.9,,,68.6,,,70.3,64.93333333333334,74.6
Козлов Дмитрий Михайлович,М,2025,заочная,Химия,"Пермь, ул. Мира, д. 5, кв. 71",+375564022395,81.4,,,44.0,,56.8,,76.7,59.166666666666664,68.0
Баранова Виктория Алексеевна,Ж,2025,очная,Прикладная математика,"Екатеринбург, ул. Победы, д. 181, кв. 149",+375405807728,65.9,,69.4,61.2,,65.1,,,65.23333333333333,63.8
Морозова Елена Петровна,Ж,2025,очная,Прикладная математика,"Краснодар, ул. Советская, д. 137, кв. 156",+375729424835,81.9,,,73.6,68.5,,87.8,,76.63333333333333,79.8
Морозова Ирина Петровна,Ж,2025,очная,Физика,"Нижний Новгород, ул. Новая, д. 151, кв. 12",+375224772772,74.8,,73.3,,,52.7,,55.3,60.43333333333334,63.6
Кузнецов Михаил Сергеевич,М,2025,очно-заочная,Химия,"Краснодар, ул. Ленина, д. 88, кв. 112",+375991918656,70.7,,52.5,75.3,,,64.3,,64.03333333333333,65.4
Козлов Илья Сергеевич,М,2025,очная,История,"Новосибирск, ул. Новая, д. 7, кв. 136",+375707225333,79.7,,69.7,,62.3,87.2,,,73.06666666666666,77.1
Соколов Егор Михайлович,М,2025,очная,Информатика и вычислительная техника,"Нижний Новгород, ул. Новая, д. 66, кв. 24",+375987200035,69.4,,79.9,53.0,,,76.8,,69.89999999999999,71.2
Соколова Екатерина Денисовна,Ж,2025,очная,Прикладная математика,"Санкт-Петербург, ул. Советская, д. 139, кв. 44",+375327758907,84.7,65.2,,80.6,,79.1,,,74.96666666666667,79.5
Фёдорова Ольга Никитична,Ж,2025,очная,Химия,"Казань, ул. Мира, д. 47, кв. 66",+375503467859,83.0,,,,71.0,56.9,72.1,,66.66666666666667,72.2
