ФИО,Пол,Год поступления,Форма обучения,Специальность,Адрес регистрации,Телефон,Средний балл аттестата,Балл ЦТ: Математика,Балл ЦТ: Русский язык,Балл ЦТ: Физика,Балл ЦТ: Биология,Балл ЦТ: Химия,Балл ЦТ: История,Балл ЦТ: Информатика,CE_mean,Общий балл при поступлении,Поступил
Щербаков Юлиан Миронович,М,2021,очная,Биология,"п. Устюжна, ул. наб. Индустриальная, д. 3, кв. 4",+78773477848,80.4,60.0,,69.2,,,58.7,,62.633333333333326,67.3,True
Новиков Юлий Владиславович,М,2021,очно-заочная,Физика,"п. Орехово-Зуево, ул. алл. Юности, д. 784, кв. 59",88800616756,76.6,,,,53.7,71.7,56.8,,60.73333333333333,65.3,True
Русакова Ольга Севастьяновна,Ж,2021,очно-заочная,Медицинская биохимия,"клх Норильск, ул. пр. Светлый, д. 5, кв. 203",87002842762,81.3,,,74.1,59.8,,68.2,,67.36666666666666,73.9,True
Белозеров Вениамин Остапович,М,2021,очная,Прикладная математика,"г. Новый Оскол, ул. наб. Ударная, д. 621, кв. 23",+76719788977,86.5,,,64.0,60.9,,72.2,,65.7,73.3,True
Соловьев Потап Арсениевич,М,2021,очная,Химия,"клх Курильск, ул. ул. Сибирская, д. 6, кв. 110",82806479695,76.0,,73.2,,,66.6,65.6,,68.46666666666667,71.2,True
Лапин Казимир Лонгинович,М,2021,очно-заочная,Физика,"г. Химки, ул. бул. Социалистический, д. 4/6, кв. 116",+75009025590,76.0,,61.8,,51.3,,50.6,,54.56666666666666,62.5,False
Крюков Агап Станиславович,М,2021,очно-заочная,Биология,"к. Кабанск, ул. ул. Беляева, д. 520, кв. 44",86165565033,86.9,57.2,,61.0,,67.6,,,61.93333333333334,70.1,True
Владимиров Флорентин Феофанович,М,2021,очная,Медицинская биохимия,"п. Амдерма, ул. ул. Минина, д. 321, кв. 79",+74911415208,82.0,,65.4,,61.7,71.3,,,66.13333333333334,72.9,True
Пестова Елена Мартьяновна,Ж,2021,очная,История,"п. Холмск, ул. алл. Парижской Коммуны, д. 8/9, кв. 146",80769864079,74.6,,69.2,42.6,,,,50.5,54.1,61.4,False
Галкин Спартак Янович,М,2021,очная,Медицинская биохимия,"с. Ахтубинск, ул. пер. Монтажников, д. 31, кв. 110",+75696591713,80.7,,,55.4,58.5,,,71.0,61.63333333333333,66.8,True
Горбунов Валентин Ипатович,М,2021,очная,Физика,"с. Киров (Вятка), ул. ул. Брянская, д. 77, кв. 173",87852945637,74.6,82.4,62.2,,,,,78.5,74.36666666666667,73.0,True
Коновалов Светозар Никандрович,М,2021,очная,Прикладная математика,"с. Невельск, ул. бул. Шишкина, д. 6/4, кв. 216",+78344049639,74.6,61.1,83.6,,,,,64.3,69.66666666666667,71.5,True
Дьячков Геннадий Федосиевич,М,2021,очно-заочная,История,"клх Холмск, ул. бул. Некрасова, д. 21, кв. 162",+79195419876,78.9,,61.2,63.7,,,,62.2,62.366666666666674,69.9,True
Зайцев Юлий Автономович,М,2021,очная,Информатика и вычислительная техника,"к. Миллерово, ул. алл. Совхозная, д. 3, кв. 60",+75148468536,65.9,66.5,,67.7,59.5,,,,64.56666666666666,64.3,True
Селезнев Глеб Рюрикович,М,2021,заочная,Прикладная математика,"п. Балтийск, ул. алл. Киевская, д. 650, кв. 125",84987820829,67.1,,,,73.8,,65.6,69.3,69.56666666666666,70.2,True
Беспалов Серафим Григориевич,М,2021,заочная,Медицинская биохимия,"к. Липецк, ул. пер. Иванова, д. 8, кв. 2",83748969083,74.0,40.0,71.1,,,,,46.5,52.53333333333333,61.1,False
Ситникова Анжела Селиверстовна,Ж,2021,заочная,Биология,"г. Дивногорск, ул. пр. Металлистов, д. 5/5, кв. 140",87232466513,71.3,60.4,,51.7,,,,51.0,54.36666666666667,59.3,False
Журавлев Любим Максимильянович,М,2021,заочная,Прикладная математика,"с. Петухово, ул. наб. Никитина, д. 5/2, кв. 108",84424936312,79.3,76.0,,,,43.1,,67.1,62.06666666666666,66.2,True
Васильева Ирина Сильвестровна,Ж,2021,очная,История,"с. Нефтеюганск, ул. пр. Озерный, д. 6, кв. 9",+70347786603,72.0,55.2,,40.0,,,,59.7,51.63333333333333,57.2,False
Хохлова Елена Наркисовна,Ж,2021,заочная,Медицинская биохимия,"с. Костомукша, ул. наб. Островского, д. 47, кв. 10",+74204482070,68.9,,64.6,,,70.2,45.8,,60.20000000000001,64.2,False
Зыков Олимпий Измаилович,М,2021,очно-заочная,История,"к. Хабаровск, ул. пр. Производственный, д. 8/2, кв. 29",+71594165162,86.2,65.8,,,,71.2,,68.7,68.56666666666666,73.5,True
Рыбаков Богдан Проклович,М,2021,заочная,Информатика и вычислительная техника,"п. Хатанга, ул. бул. Максима Горького, д. 45, кв. 13",+71981898471,76.0,79.4,,56.1,65.2,,,,66.89999999999999,69.6,True
Третьякова Ульяна Брониславовна,Ж,2021,очная,Химия,"д. Смоленск, ул. бул. Октябрьский, д. 65, кв. 29",+79155963632,77.8,57.7,,,61.0,,,50.0,56.23333333333333,63.8,False
Третьякова Полина Луковна,Ж,2021,заочная,Экономика,"д. Железногорск(Курск.), ул. пр. Красных Партизан, д. 56, кв. 61",+72347649078,68.9,85.5,,,,59.4,52.8,,65.89999999999999,67.9,True
Чернова Варвара Адамовна,Ж,2021,очно-заочная,Экономика,"ст. Можайск, ул. пер. Малиновый, д. 7, кв. 90",81586734257,74.1,,46.0,,,,80.3,54.0,60.1,63.5,True
Маслов Варфоломей Остромирович,М,2021,очная,Биология,"с. Салават, ул. алл. Победы, д. 5, кв. 224",84090034864,78.1,,61.5,,74.0,60.9,,,65.46666666666667,69.5,True
Наумов Анатолий Ульянович,М,2021,очная,История,"клх Кижи, ул. наб. Иркутская, д. 249, кв. 102",81837606441,70.5,,,71.4,,55.6,,79.7,68.89999999999999,69.4,True
Шарапова Агата Будимировна,Ж,2021,очная,Медицинская биохимия,"ст. Шилка, ул. алл. Отрадная, д. 8, кв. 73",+74327560417,79.7,,,86.4,61.9,,,56.7,68.33333333333333,72.5,True
Силин Эрнест Янович,М,2021,заочная,Медицинская биохимия,"д. Куртамыш, ул. пр. Путевой, д. 388, кв. 38",86561248156,73.8,82.0,,,,64.2,70.4,,72.2,74.0,True
Белозеров Лазарь Симонович,М,2021,заочная,Физика,"г. Чусовой, ул. наб. Громова, д. 3/8, кв. 186",88570027206,75.6,,,,51.9,79.7,,60.2,63.93333333333334,66.7,True
Ершова Тамара Ратиборовна,Ж,2021,очная,Медицинская биохимия,"д. Тымовское, ул. бул. Просторный, д. 232, кв. 248",+74591123829,73.8,,58.5,,87.1,,,64.7,70.10000000000001,72.6,True
Громов Матвей Аполлинариевич,М,2021,заочная,Прикладная математика,"ст. Холмогоры, ул. пр. Карьерный, д. 821, кв. 195",85772429543,88.5,64.6,64.7,56.0,,,,,61.76666666666667,71.9,True
Сазонова Елена Радовановна,Ж,2021,очно-заочная,Химия,"с. Муром, ул. наб. Тельмана, д. 74, кв. 95",+76526693008,77.3,,,,55.5,80.7,,54.6,63.599999999999994,68.6,False
Шилова Лора Якубовна,Ж,2021,очная,Биология,"с. Черняховск, ул. алл. Кедровая, д. 130, кв. 78",83173420696,71.1,,,61.0,,48.6,,71.6,60.4,64.9,False
Мухина Фёкла Михаиловна,Ж,2021,очно-заочная,Прикладная математика,"д. Ряжск, ул. ш. Свободы, д. 2/3, кв. 186",84215291086,82.3,,71.6,77.7,,,,71.6,73.63333333333334,76.3,True
Андреев Радислав Валериевич,М,2021,очно-заочная,Прикладная математика,"д. Белореченск, ул. ш. Береговое, д. 25, кв. 35",87133344762,70.1,57.8,45.9,,,,78.4,,60.699999999999996,62.5,False
Смирнова Елена Матвеевна,Ж,2021,заочная,Химия,"п. Славгород, ул. наб. Пирогова, д. 9, кв. 181",83934362620,78.7,,,66.0,,81.0,,60.3,69.10000000000001,73.1,True
Никонов Мина Кузьмович,М,2021,заочная,Физика,"п. Набережные Челны, ул. пер. Энтузиастов, д. 1/9, кв. 241",+74397359710,65.6,,67.2,68.6,,82.4,,,72.73333333333333,70.3,True
Галкина Таисия Мстиславовна,Ж,2021,очная,Медицинская биохимия,"ст. Быково (метеост.), ул. пер. Красноярский, д. 945, кв. 77",82563669411,69.4,,62.6,,77.0,61.7,,,67.10000000000001,68.5,True
Соловьев Вацлав Григориевич,М,2021,очно-заочная,Физика,"к. Мценск, ул. пр. Коминтерна, д. 21, кв. 58",80053759900,78.6,80.4,65.6,,,,68.1,,71.36666666666666,73.3,True
Кудрявцева Полина Осиповна,Ж,2021,заочная,Медицинская биохимия,"г. Карабулак, ул. наб. Казанская, д. 36, кв. 239",+78964652809,81.8,,63.1,,75.1,,,72.0,70.06666666666666,75.8,True
Сидорова Валентина Юлиановна,Ж,2021,очно-заочная,История,"г. Кош-Агач, ул. алл. Гоголя, д. 5/3, кв. 68",+74287572158,78.4,48.6,,42.6,55.9,,,,49.03333333333333,59.7,False
Пономарев Евсей Виссарионович,М,2021,заочная,История,"п. Всеволожск, ул. ул. Мичурина, д. 77, кв. 130",82415027456,76.7,57.3,65.6,79.8,,,,,67.56666666666666,69.1,True
Рябов Никодим Ратмирович,М,2021,очно-заочная,Прикладная математика,"ст. Ульяновск, ул. ш. Береговое, д. 385, кв. 146",+74948562572,75.6,64.5,,,,67.7,,65.1,65.76666666666667,69.0,True
Терентьев Евграф Мартьянович,М,2021,очная,Прикладная математика,"с. Череповец, ул. ул. Амурская, д. 577, кв. 17",87032032074,68.5,76.4,58.2,,,,62.6,,65.73333333333333,67.7,True
Симонов Велимир Павелович,М,2021,заочная,Информатика и вычислительная техника,"к. Калач, ул. ул. Дружбы, д. 15, кв. 40",+77617075877,73.1,,,,66.7,,57.2,82.7,68.86666666666667,71.5,True
Гущина Алина Харитоновна,Ж,2021,очная,Химия,"д. Ноябрьск, ул. ул. Ростовская, д. 58, кв. 109",81215134228,74.6,70.4,,,,67.6,71.6,,69.86666666666666,71.5,True
Мамонтов Владилен Радимович,М,2021,очно-заочная,Экономика,"к. Иркутск, ул. пр. Луначарского, д. 43, кв. 35",+79939089261,83.7,63.5,,76.2,,54.8,,,64.83333333333333,73.0,True
Прохоров Ратмир Харитонович,М,2021,очно-заочная,История,"д. Кировск (Ленин.), ул. ул. Геологическая, д. 725, кв. 147",+77150416591,79.5,,54.6,,,59.1,,67.2,60.300000000000004,66.1,True
Кузьмин Силантий Сигизмундович,М,2021,очная,Химия,"п. Карабулак, ул. ул. Угловая, д. 533, кв. 105",82017774905,66.8,73.4,,,72.2,,,62.3,69.30000000000001,68.1,False
Лобанова Агата Анисимовна,Ж,2021,очно-заочная,Прикладная математика,"с. Борзя, ул. бул. Красногвардейский, д. 8/6, кв. 239",+79759230450,79.3,72.0,,65.8,,,,82.5,73.43333333333334,77.1,True
Колобова Таисия Пименовна,Ж,2021,заочная,Физика,"с. Ростов, ул. алл. Дружба, д. 6, кв. 64",+78961642361,75.1,65.9,,,90.2,43.6,,,66.56666666666668,71.1,True
Трофимова Фаина Симоновна,Ж,2021,заочная,Прикладная математика,"п. Лабинск, ул. бул. Степана Разина, д. 20, кв. 242",+73266421476,73.3,74.2,,,,69.9,68.7,,70.93333333333334,72.5,True
Шубина Дарья Фоковна,Ж,2021,очно-заочная,Физика,"п. Черемхово, ул. пер. Отрадный, д. 3/4, кв. 8",+79251583776,81.1,58.3,,,,53.1,,67.9,59.76666666666667,68.7,True
Гурьев Дементий Владимирович,М,2021,очно-заочная,Медицинская биохимия,"к. Гусь-Хрустальный, ул. ул. Полярная, д. 8, кв. 18",84996165926,83.6,,61.8,,,59.5,,59.2,60.166666666666664,66.7,False
Колесникова Валентина Эмилевна,Ж,2021,очно-заочная,Экономика,"г. Сергиев Посад, ул. бул. Тополиный, д. 52, кв. 14",81085732788,83.0,,,78.1,69.6,,65.6,,71.1,76.7,True
Бобылева Элеонора Любимовна,Ж,2021,очно-заочная,Медицинская биохимия,"г. Санкт-Петербург, ул. ш. Красных Партизан, д. 9, кв. 119",+74761742243,72.4,,,,,80.3,49.2,64.8,64.76666666666667,66.7,False
Бобылев Силантий Несторович,М,2021,заочная,Прикладная математика,"ст. Сортавала, ул. бул. Мая 1, д. 5, кв. 106",86490810818,75.5,,58.6,62.4,67.0,,,,62.666666666666664,65.9,True
Кошелева Наина Ипатовна,Ж,2021,заочная,Информатика и вычислительная техника,"д. Шаховская, ул. ш. Казанское, д. 1, кв. 99",86179454918,79.4,,,,59.2,67.4,58.8,,61.800000000000004,66.9,True
Афанасьев Кир Мефодиевич,М,2021,очно-заочная,Прикладная математика,"клх Урай, ул. алл. Гончарова, д. 37, кв. 87",+71722601645,83.3,,54.4,59.3,,,67.5,,60.4,68.1,True
Савельев Куприян Всеволодович,М,2021,очная,История,"п. Ельня, ул. наб. Дорожная, д. 7, кв. 101",87794523219,74.5,73.5,86.1,,,,,62.0,73.86666666666666,73.1,True
Тихонов Всеслав Эрастович,М,2021,очная,Прикладная математика,"клх Красноселькуп, ул. пер. Братский, д. 47, кв. 161",+71680061027,76.3,65.3,,56.0,,,,71.7,64.33333333333333,67.8,True
Петухов Соломон Трофимович,М,2021,заочная,История,"с. Хужир, ул. ш. Магистральное, д. 31, кв. 22",86974995641,70.8,53.4,43.9,,,,,45.6,47.63333333333333,54.3,False
Кулакова Лариса Фадеевна,Ж,2021,очная,Медицинская биохимия,"г. Голицыно, ул. пер. Л.Толстого, д. 935, кв. 107",+72031030372,70.2,57.7,,,,76.1,87.4,,73.73333333333333,71.7,True
Медведева Екатерина Епифановна,Ж,2021,очно-заочная,Информатика и вычислительная техника,"клх Бугульма, ул. пр. Клубный, д. 5/1, кв. 205",+76831472760,82.3,78.9,,,,70.1,,55.9,68.3,73.5,True
Кулакова Юлия Корниловна,Ж,2021,очная,Химия,"д. Ейск, ул. наб. Крайняя, д. 6, кв. 46",+72277707933,85.5,85.1,,87.7,,,,71.6,81.46666666666667,82.6,True
Русаков Мечислав Власович,М,2021,заочная,Медицинская биохимия,"клх Выборг, ул. пр. Кузнечный, д. 32, кв. 232",+79605016679,77.0,79.2,76.5,,,,73.3,,76.33333333333333,76.0,True
Овчинникова Дарья Титовна,Ж,2021,очно-заочная,Медицинская биохимия,"с. Красноселькуп, ул. алл. Проточная, д. 3/3, кв. 6",88407678997,83.4,60.6,62.8,59.3,,,,,60.9,69.8,True
Рогов Любомир Викторович,М,2021,очно-заочная,Прикладная математика,"ст. Льгов, ул. алл. Средняя, д. 762, кв. 174",+70806958146,79.6,70.0,,,62.2,56.6,,,62.93333333333333,70.3,True
Шилов Милован Самуилович,М,2021,заочная,Биология,"клх Крымск, ул. пер. Кошевого, д. 13, кв. 178",81795760243,73.5,,,69.1,83.6,,,63.7,72.13333333333333,73.6,True
Дроздов Фортунат Панкратиевич,М,2021,очная,Физика,"п. Льгов, ул. наб. Дружбы, д. 1/5, кв. 129",85738395972,79.6,50.2,,56.4,,64.9,,,57.166666666666664,64.3,False
Дмитриева Синклитикия Панфиловна,Ж,2021,заочная,Медицинская биохимия,"д. Шатой, ул. пер. Тургенева, д. 147, кв. 206",+76657293417,86.6,67.7,,,44.6,67.7,,,60.0,70.3,True
Галкина Агафья Вацлавовна,Ж,2021,заочная,Физика,"г. Озеры, ул. пер. Репина, д. 2, кв. 157",+72329716743,77.2,50.3,,72.5,,,79.7,,67.5,69.5,True
Щербакова Алевтина Галактионовна,Ж,2021,очная,Физика,"п. Северобайкальск, ул. пр. Иркутский, д. 76, кв. 163",+78005452280,86.8,,,,80.9,,70.6,80.5,77.33333333333333,79.2,True
Агафонов Аполлинарий Аполлонович,М,2021,очно-заочная,Химия,"п. Шатки, ул. бул. Крупской, д. 4/5, кв. 48",+75619318374,61.7,62.2,,56.9,,55.8,,,58.29999999999999,58.9,False
Федотов Евстигней Гостомыслович,М,2021,очная,Химия,"с. Соль-Илецк, ул. наб. Стахановская, д. 35, кв. 5",85084289107,82.3,,83.0,,75.7,82.9,,,80.53333333333333,82.4,True
Федосеева Ия Ипатиевна,Ж,2021,очная,Химия,"г. Петрозаводск, ул. наб. Народная, д. 39, кв. 8",81199180812,77.9,55.7,61.2,,,,,57.4,58.1,64.0,False
Дьячков Галактион Аркадиевич,М,2021,очно-заочная,Экономика,"д. Ербогачен, ул. алл. Февральская, д. 715, кв. 56",+73524787125,75.6,43.2,,68.2,,,64.3,,58.56666666666666,62.8,True
Ершова Кира Титовна,Ж,2021,очно-заочная,Физика,"п. Чокурдах, ул. наб. Куйбышева, д. 4/7, кв. 63",82137603754,78.0,,,73.0,44.3,,,56.7,58.0,63.5,False
Ефимова Александра Радиславовна,Ж,2021,заочная,Прикладная математика,"клх Елатьма, ул. бул. Глинки, д. 59, кв. 171",82145653286,65.5,,40.0,56.1,53.2,,,,49.76666666666667,56.7,False
Горбачева Валентина Феликсовна,Ж,2021,очная,Физика,"г. Рыбинск, ул. пр. Фабричный, д. 5, кв. 160",+72666785072,76.1,,82.6,,80.8,,,62.9,75.43333333333332,76.2,True
Кононов Захар Феликсович,М,2021,очно-заочная,Медицинская биохимия,"клх Усть-Илимск, ул. наб. Фестивальная, д. 23, кв. 58",+78115562606,79.5,,,63.8,70.8,,55.0,,63.199999999999996,67.9,True
Фролова Мария Сократовна,Ж,2021,очная,Химия,"г. Кущевская, ул. пер. Вольный, д. 21, кв. 46",+72908466845,86.3,73.4,,66.0,,51.4,,,63.6,71.8,True
Шубин Константин Анисимович,М,2021,очная,Медицинская биохимия,"г. Иваново, ул. ш. Магистральное, д. 5, кв. 131",80489267389,74.3,,,64.5,74.3,,61.2,,66.66666666666667,69.4,True
Колесников Наум Панкратиевич,М,2021,очно-заочная,Химия,"клх Объячево, ул. пер. Сенной, д. 9/7, кв. 138",87563410856,72.5,50.9,55.3,,,,66.7,,57.633333333333326,63.5,False
Меркушева Лариса Устиновна,Ж,2021,очно-заочная,Экономика,"с. Макушино, ул. ул. Крайняя, д. 585, кв. 143",+78843188485,74.4,,,53.1,68.9,,,72.6,64.86666666666666,67.1,True
Попова Алла Ипатиевна,Ж,2021,очная,Прикладная математика,"с. Миллерово, ул. наб. Запрудная, д. 306, кв. 146",+70089434681,82.9,,,76.6,,65.6,67.6,,69.93333333333332,75.9,True
Орехова Евпраксия Прововна,Ж,2021,очно-заочная,История,"с. Туапсе, ул. пр. Владимирский, д. 9, кв. 84",+75485101749,79.4,,,,69.4,60.3,,40.0,56.56666666666666,63.8,False
Сысоева Елена Модестовна,Ж,2021,очная,Химия,"клх Петушки, ул. наб. Маркса, д. 2, кв. 153",+77539989354,74.2,74.7,65.8,,,63.2,,,67.89999999999999,70.9,False
Некрасов Харитон Эрастович,М,2021,очно-заочная,Биология,"клх Губкинский, ул. алл. Чапаева, д. 31, кв. 184",+79268315893,80.5,53.8,74.0,,,49.9,,,59.23333333333333,64.7,False
Носов Евсей Евлампиевич,М,2021,заочная,Экономика,"ст. Долинск, ул. алл. Линейная, д. 12, кв. 79",87126611062,78.0,,49.5,,68.6,,75.1,,64.39999999999999,68.7,True
Третьякова Кира Демьяновна,Ж,2021,очно-заочная,Биология,"г. Лодейное Поле, ул. алл. Прудная, д. 51, кв. 188",83715869886,83.2,,,59.8,,65.0,54.8,,59.86666666666667,67.4,True
Герасимов Афиноген Дементиевич,М,2021,очная,Экономика,"д. Хасан, ул. ш. Боровое, д. 879, кв. 40",+79767762282,73.2,43.9,76.2,,54.4,,,,58.166666666666664,63.6,True
Ковалев Софон Наркисович,М,2021,очно-заочная,Прикладная математика,"д. Шуя, ул. пер. Литейный, д. 428, кв. 29",87288137702,75.4,68.2,,56.9,,,72.5,,65.86666666666666,67.5,True
Котов Андрон Клавдиевич,М,2021,очная,Физика,"г. Кемерово, ул. пр. Челюскинцев, д. 1/3, кв. 181",85196115940,75.0,68.2,,,62.3,,,55.2,61.9,67.6,True
Белоусов Федор Владиславович,М,2021,очно-заочная,Химия,"г. Адыгейск, ул. наб. Курортная, д. 68, кв. 50",82154544702,68.6,,75.0,,56.3,,,69.2,66.83333333333333,66.3,False
Логинов Гостомысл Ираклиевич,М,2021,очная,Информатика и вычислительная техника,"п. Владикавказ, ул. ул. Космонавтов, д. 552, кв. 63",+79604432701,79.2,,,48.3,62.6,,,55.0,55.300000000000004,64.4,True
Суханова Агата Рубеновна,Ж,2021,очная,Медицинская биохимия,"д. Абинск, ул. наб. Алтайская, д. 3/1, кв. 16",85106794975,79.0,69.7,40.0,,,70.7,,,60.13333333333333,67.9,True
Волков Герман Герасимович,М,2021,очно-заочная,История,"с. Тында, ул. бул. Космодемьянской, д. 77, кв. 239",87922877725,77.4,42.8,,54.4,69.5,,,,55.56666666666666,63.5,False
Кириллова Лидия Антониновна,Ж,2021,очная,Медицинская биохимия,"ст. Кинешма, ул. алл. Ясная, д. 4/4, кв. 209",+79966365807,76.0,60.6,60.0,,79.7,,,,66.76666666666667,71.0,True
Одинцова Эмилия Ладиславовна,Ж,2021,заочная,История,"с. Великий Устюг, ул. пер. Луначарского, д. 386, кв. 102",+71209481813,68.9,78.2,,,,,66.2,60.9,68.43333333333334,69.2,True
Вишнякова Пелагея Филипповна,Ж,2021,заочная,Экономика,"г. Котлас, ул. пр. Маяковского, д. 401, кв. 40",88909837801,74.9,56.8,,,,55.7,50.7,,54.4,61.0,True
Ефимова Таисия Афанасиевна,Ж,2021,очно-заочная,История,"п. Кингисепп, ул. бул. Амурский, д. 488, кв. 90",82043397189,75.3,,,70.2,63.3,,84.2,,72.56666666666666,74.8,True
Назаров Лукьян Ефимович,М,2021,очная,Медицинская биохимия,"с. Шатура, ул. бул. Светлый, д. 6/1, кв. 104",86907056260,72.6,45.5,,65.1,65.1,,,,58.56666666666666,62.7,False
Галкин Доброслав Артемович,М,2021,очная,Физика,"с. Орехово-Зуево, ул. ул. Московская, д. 6/3, кв. 2",85641118242,76.4,,70.3,59.2,,,,65.0,64.83333333333333,69.2,True
Яковлева Прасковья Павеловна,Ж,2021,очная,Химия,"ст. Курган, ул. алл. Линейная, д. 87, кв. 245",+74124620952,79.8,66.1,,,99.8,,,57.7,74.53333333333332,77.4,True
Белякова София Олимпиевна,Ж,2021,очно-заочная,История,"г. Сковородино, ул. пер. Заозерный, д. 7, кв. 149",+70461526546,88.7,79.8,,56.3,,,68.8,,68.3,75.0,True
Шестаков Вадим Ефремович,М,2021,очно-заочная,Биология,"д. Малая Вишера, ул. наб. Машиностроителей, д. 30, кв. 180",+70339937886,78.4,,,54.4,76.3,,,61.1,63.93333333333333,68.2,True
Нестерова Екатерина Максимильяновна,Ж,2021,заочная,Экономика,"с. Нягань, ул. бул. Маркса, д. 3/6, кв. 148",+74057861706,78.9,,,,77.2,78.0,57.8,,71.0,73.6,True
Денисова Лора Куприяновна,Ж,2021,очная,История,"п. Муравленко, ул. пр. Логовой, д. 9, кв. 152",+70489138249,77.0,,,67.7,,81.1,,76.2,75.0,77.0,True
Селиверстов Ерофей Янович,М,2021,заочная,Физика,"к. Мурманск, ул. алл. Абрикосовая, д. 1/8, кв. 189",87183258238,65.9,,,,72.0,60.4,53.2,,61.866666666666674,65.0,True
Мухина Светлана Феликсовна,Ж,2021,очно-заочная,Медицинская биохимия,"п. Челюскин, ул. ш. Солнечное, д. 5/8, кв. 37",88700794200,77.2,,,,,64.4,63.5,70.4,66.10000000000001,70.2,True
Андреев Авксентий Миланович,М,2021,очно-заочная,История,"с. Чита, ул. наб. Светлая, д. 7/8, кв. 6",84946539840,77.8,,,51.7,,71.4,,84.2,69.10000000000001,72.8,True
Журавлева Нонна Юриевна,Ж,2021,заочная,Химия,"д. Шали, ул. пр. Дзержинского, д. 5/9, кв. 91",+78914161284,92.2,67.2,,,75.4,51.4,,,64.66666666666667,75.9,True
Николаев Януарий Андронович,М,2021,очная,Экономика,"с. Кыштым, ул. ул. Каштановая, д. 2, кв. 106",83985547435,76.2,58.4,51.7,,,,65.5,,58.53333333333333,63.1,True
Щербаков Любим Викентиевич,М,2021,очная,Биология,"п. Лысьва, ул. ш. Гафури, д. 4, кв. 103",83795020970,79.2,66.8,,,71.9,,71.6,,70.1,72.2,True
Сидорова Мария Тимуровна,Ж,2021,очная,История,"с. Лянтор, ул. ш. Береговое, д. 5, кв. 81",+72687681180,77.2,77.3,,,88.9,,74.6,,80.26666666666667,80.0,True
Козлов Кондрат Софронович,М,2021,очно-заочная,Медицинская биохимия,"ст. Шенкурск, ул. алл. Льва Толстого, д. 252, кв. 214",81569562017,70.4,67.6,,,56.6,,,70.3,64.83333333333333,68.1,True
Копылов Мстислав Симонович,М,2021,очная,Химия,"п. Петрозаводск, ул. алл. Гафури, д. 566, кв. 142",83703045319,84.3,,57.8,,72.1,,,70.3,66.73333333333333,74.3,True
Мартынова Нонна Аникеевна,Ж,2021,очная,Медицинская биохимия,"г. Урюпинск, ул. алл. Поперечная, д. 6, кв. 134",+73375047930,81.9,,,74.8,,50.0,,74.7,66.5,71.6,True
Самсонов Лавр Евдокимович,М,2021,заочная,История,"ст. Кижи, ул. ул. Окружная, д. 557, кв. 171",+76149872839,82.1,,61.0,,,79.5,43.8,,61.43333333333334,67.0,True
Копылов Любим Борисович,М,2021,заочная,Прикладная математика,"д. Шали, ул. бул. Монтажников, д. 2, кв. 142",89219212493,71.9,75.8,,,64.5,,,58.0,66.10000000000001,67.9,True
Сергеева Антонина Тимофеевна,Ж,2021,заочная,Биология,"с. Ковров, ул. ул. Учительская, д. 6/1, кв. 13",84308948706,85.8,61.0,,,,51.6,67.4,,60.0,68.0,True
Иванова Синклитикия Ярославовна,Ж,2021,заочная,Физика,"п. Баргузин, ул. бул. Мелиораторов, д. 7/2, кв. 152",+75664187758,69.0,73.7,,,62.0,,,62.5,66.06666666666666,66.3,True
Никитин Артемий Ермилович,М,2021,очно-заочная,Информатика и вычислительная техника,"клх Карабудахкент, ул. ул. Фурманова, д. 5/2, кв. 143",+73046875063,80.9,,,,78.8,62.5,56.5,,65.93333333333334,72.3,True
Щукин Парамон Василиевич,М,2021,очная,Экономика,"ст. Хабаровск, ул. алл. Бабушкина, д. 7, кв. 115",81903613325,90.5,77.8,,,,,77.5,56.5,70.60000000000001,75.9,True
Белякова Евфросиния Платоновна,Ж,2021,очно-заочная,Биология,"д. Сочи, ул. бул. Степной, д. 387, кв. 107",+71107609543,71.5,70.2,,72.1,,63.2,,,68.5,70.9,True
Дементьева Анжела Герасимовна,Ж,2021,очная,Экономика,"г. Гаврилов-Ям, ул. бул. Одесский, д. 6/2, кв. 13",+77350583199,74.0,53.1,61.8,66.3,,,,,60.4,64.9,True
Рыбаков Аким Максимильянович,М,2021,очно-заочная,Химия,"к. Магнитогорск, ул. наб. Калужская, д. 19, кв. 101",81791100651,78.0,55.6,,51.2,,,,73.8,60.20000000000001,66.8,False
Беляев Андрей Афанасиевич,М,2021,очная,Прикладная математика,"к. Нерчинск, ул. пр. Юности, д. 3, кв. 78",+70704961108,74.4,,,71.2,,,63.2,65.2,66.53333333333335,67.6,True
Борисов Аполлинарий Ипатиевич,М,2021,очная,Медицинская биохимия,"с. Дмитров, ул. ш. Подлесное, д. 755, кв. 224",+74661963990,68.1,,,,70.7,60.4,,73.9,68.33333333333333,67.6,True
Богданов Федосий Фирсович,М,2021,очная,Экономика,"п. Можга, ул. пр. Водопроводный, д. 22, кв. 156",86769915078,77.8,,81.3,60.3,51.0,,,,64.2,67.3,True
Сысоев Зосима Исидорович,М,2021,очно-заочная,Физика,"к. Клин, ул. алл. Пушкина, д. 1/5, кв. 128",89311091939,71.0,,53.3,,,70.7,,58.0,60.666666666666664,66.1,True
Колесникова Надежда Радимовна,Ж,2021,заочная,Химия,"с. Оха, ул. наб. Рязанская, д. 6, кв. 153",+78456797232,80.2,,,65.4,,66.0,66.9,,66.10000000000001,72.3,True
Горбунов Онуфрий Лукович,М,2021,заочная,Биология,"д. Сальск, ул. наб. Стахановская, д. 438, кв. 81",+70249685498,71.9,,,71.1,79.1,,70.1,,73.43333333333332,72.7,True
Колесников Аггей Викторинович,М,2021,очно-заочная,Химия,"с. Ведено, ул. алл. Высотная, д. 6, кв. 56",+72749545089,86.7,,66.6,58.3,,,83.2,,69.36666666666666,74.3,True
Иванов Творимир Янович,М,2021,очная,Физика,"п. Шамары, ул. ул. Школьная, д. 36, кв. 169",+70388065333,72.7,52.6,,,78.3,64.0,,,64.96666666666667,69.4,True
Симонова Ангелина Фотиевна,Ж,2021,очная,Медицинская биохимия,"г. Борзя, ул. бул. Дорожников, д. 82, кв. 127",+75377959959,75.5,69.7,,,,,44.0,65.3,59.666666666666664,64.6,False
Филатов Аникита Афанасиевич,М,2021,очно-заочная,Медицинская биохимия,"с. Курумкан, ул. пер. Лазурный, д. 9, кв. 83",+76521707303,82.3,,58.3,,,,64.8,55.6,59.56666666666666,66.2,False
Гущина Людмила Силовна,Ж,2021,заочная,Прикладная математика,"д. Мураши, ул. алл. Байкальская, д. 3, кв. 175",+77933756362,70.0,55.4,74.6,65.7,,,,,65.23333333333333,67.2,True
Калинина Валентина Ладиславовна,Ж,2021,заочная,Экономика,"п. Мичуринск, ул. ул. Кольцова, д. 885, кв. 95",+75015081247,78.8,62.7,,68.3,,,,68.3,66.43333333333334,72.5,True
Беляев Эрнст Кондратович,М,2021,очная,Экономика,"с. Бомнак, ул. ул. Луначарского, д. 680, кв. 79",+79500334234,85.2,,,,,72.1,54.6,72.3,66.33333333333333,71.0,True
Щербаков Порфирий Николаевич,М,2021,заочная,Медицинская биохимия,"к. Северобайкальск, ул. пр. Дзержинского, д. 8, кв. 59",+75832302410,67.8,,67.1,,70.2,60.2,,,65.83333333333333,65.5,False
Мухина Алевтина Глебовна,Ж,2021,заочная,Медицинская биохимия,"клх Качканар, ул. наб. Малая, д. 8, кв. 224",+76153473552,78.5,,,59.8,57.8,,85.1,,67.56666666666666,73.1,True
Полякова Синклитикия Всемиловна,Ж,2021,заочная,Информатика и вычислительная техника,"г. Славгород, ул. ул. Декабристов, д. 8, кв. 52",89611223386,79.0,,60.6,,72.2,,65.5,,66.10000000000001,69.3,True
Евсеева Марфа Трифоновна,Ж,2021,очная,История,"к. Шелагонцы, ул. алл. Подгорная, д. 4, кв. 126",85963099384,82.1,51.0,,,,56.8,43.3,,50.36666666666667,59.9,False
Кондратьева Кира Гавриловна,Ж,2021,заочная,Прикладная математика,"п. Каменномостский, ул. ул. Тамбовская, д. 2/2, кв. 177",+75304289731,70.0,,,,73.1,,84.1,64.6,73.93333333333332,72.8,True
Ларионова Клавдия Мстиславовна,Ж,2021,очная,Прикладная математика,"п. Тотьма, ул. пер. Саратовский, д. 1/9, кв. 122",89128685787,69.5,65.7,67.2,,80.1,,,,71.0,71.9,True
Жданов Автоном Федорович,М,2021,очно-заочная,Биология,"ст. Усть-Кут, ул. ул. К.Маркса, д. 97, кв. 122",+75587774969,80.5,,58.6,75.9,,67.5,,,67.33333333333333,71.9,True
Ильин Вячеслав Андроникович,М,2021,очно-заочная,История,"г. Лотошино, ул. ш. Демьяна Бедного, д. 25, кв. 81",+73337363466,79.2,,74.5,,69.2,,,69.1,70.93333333333332,75.8,True
Дроздов Аверкий Эдуардович,М,2021,очная,Физика,"г. Саянск, ул. бул. Фрунзе, д. 6/4, кв. 238",82548121478,78.9,,,40.9,57.2,73.2,,,57.1,65.4,True
Беляков Никодим Трофимович,М,2021,заочная,Информатика и вычислительная техника,"клх Кингисепп, ул. пр. Березовый, д. 289, кв. 92",83907895677,79.5,,79.1,,,,43.3,66.6,63.0,67.1,True
Тимофеева Анжелика Епифановна,Ж,2021,очно-заочная,Медицинская биохимия,"клх Сосногорск, ул. алл. Гагарина, д. 7, кв. 128",86575460273,73.3,,65.3,,,81.4,73.7,,73.46666666666665,75.4,True
Соболев Мечислав Остромирович,М,2021,очная,История,"клх Сосьва (Хант.), ул. пр. Циолковского, д. 79, кв. 151",+71514888143,78.8,,,76.2,,69.3,,74.9,73.46666666666667,75.0,True
Баранов Соломон Гостомыслович,М,2021,заочная,Медицинская биохимия,"к. Кизляр, ул. алл. Димитрова, д. 59, кв. 228",+71150835354,79.2,,61.9,46.2,62.5,,,,56.86666666666667,63.8,False
Поляков Доброслав Яковович,М,2021,очно-заочная,Прикладная математика,"клх Руза, ул. наб. Пугачева, д. 199, кв. 177",+74392840445,73.1,,64.2,,,83.0,,52.0,66.39999999999999,69.0,True
Григорьев Ипполит Викентиевич,М,2021,очная,Информатика и вычислительная техника,"г. Батайск, ул. пер. 50 лет Октября, д. 4/1, кв. 137",86907826333,88.6,,,,65.2,,63.5,67.3,65.33333333333333,72.7,True
Агафонов Дмитрий Ферапонтович,М,2021,заочная,Прикладная математика,"ст. Невинномысск, ул. алл. Кубанская, д. 789, кв. 170",83898775153,80.2,63.0,,,56.9,81.4,,,67.10000000000001,70.0,True
Якушев Аполлинарий Ульянович,М,2021,заочная,Химия,"к. Зеленоград, ул. бул. Пушкина, д. 5/9, кв. 199",86377805292,70.3,58.7,,55.8,,,54.8,,56.43333333333334,59.3,False
Юдин Роман Ульянович,М,2021,очная,Биология,"д. Эльтон, ул. бул. Л.Толстого, д. 8, кв. 44",+70755366684,81.3,,65.6,63.3,,59.7,,,62.86666666666665,69.1,True
Калинин Афанасий Артемович,М,2021,заочная,Биология,"ст. Сусуман, ул. наб. Тельмана, д. 28, кв. 216",89090225999,71.6,58.2,48.7,,47.5,,,,51.46666666666667,59.9,False
Комаров Ипатий Евстафиевич,М,2021,очно-заочная,Экономика,"п. Дно, ул. ул. Гончарова, д. 9/2, кв. 210",86636186371,82.1,,,,68.4,74.1,54.0,,65.5,71.6,True
Мартынова Фаина Максимильяновна,Ж,2021,очная,История,"к. Тура, ул. пер. Енисейский, д. 2/8, кв. 4",89741218209,84.4,60.1,,,59.0,,,67.7,62.26666666666667,72.0,True
Гусев Мир Измаилович,М,2021,заочная,Медицинская биохимия,"ст. Челябинск, ул. пер. Горького, д. 6, кв. 208",80231643348,72.5,,,78.4,,62.3,,42.5,61.06666666666666,64.2,False
Бобров Варлаам Якубович,М,2021,заочная,Экономика,"ст. Курган, ул. ш. Ясное, д. 8/3, кв. 134",+77058025662,83.2,66.0,,,64.5,,61.8,,64.10000000000001,69.9,True
Мясникова Ангелина Евлампиевна,Ж,2021,заочная,Физика,"д. Воронеж, ул. ул. Саратовская, д. 40, кв. 136",+72867163234,79.9,,59.9,52.7,,,,58.3,56.96666666666666,63.6,False
Мартынова Лариса Радимовна,Ж,2021,заочная,История,"ст. Рязань, ул. ш. Торговое, д. 893, кв. 214",87299493874,82.3,,84.2,,74.4,60.5,,,73.03333333333335,74.9,True
Горбачев Максим Левович,М,2021,заочная,Информатика и вычислительная техника,"к. Нарым, ул. пер. Заречный, д. 399, кв. 214",+70271693859,88.8,58.7,,,,,55.9,49.5,54.699999999999996,65.8,True
Степанов Фотий Феофанович,М,2021,очная,Экономика,"с. Снежногорск (Мурм.), ул. пер. Коммунистический, д. 6, кв. 38",87790147546,75.9,,49.6,63.0,41.2,,,,51.26666666666667,61.1,True
Громова Татьяна Луковна,Ж,2021,очно-заочная,Прикладная математика,"с. Черняховск, ул. алл. Черноморская, д. 2, кв. 161",82632967629,72.9,68.7,,,43.7,71.7,,,61.366666666666674,67.0,True
Романов Пахом Аверкиевич,М,2021,очно-заочная,Химия,"клх Темрюк, ул. пер. Колхозный, д. 1/6, кв. 50",+76032484137,72.1,,82.7,,,56.3,,63.7,67.56666666666666,71.1,False
Крылова Лариса Ефремовна,Ж,2021,очная,Медицинская биохимия,"клх Певек, ул. ул. Индустриальная, д. 293, кв. 3",88151185672,72.5,,,71.8,58.4,,,63.8,64.66666666666667,66.3,False
Егорова Нина Мирославовна,Ж,2021,заочная,Прикладная математика,"ст. Тымовское, ул. алл. Монтажников, д. 3, кв. 166",+73807017656,76.9,,57.1,40.0,52.6,,,,49.9,60.9,False
Ларионов Всеволод Максимильянович,М,2021,очно-заочная,Прикладная математика,"к. Городовиковск, ул. алл. Кузнецова, д. 990, кв. 84",+76004125777,79.4,,,,,67.7,63.3,54.5,61.833333333333336,67.3,True
Суворов Самуил Прокофиевич,М,2021,очно-заочная,Физика,"ст. Тверь, ул. бул. Красногвардейский, д. 145, кв. 226",+71837274220,79.1,,,,67.2,60.3,63.3,,63.6,67.5,True
Носов Мирон Левович,М,2021,очно-заочная,История,"к. Катав-Ивановск, ул. бул. Кочубея, д. 26, кв. 232",81241862104,82.4,71.0,,75.1,,,,57.6,67.89999999999999,74.5,True
Жданова Пелагея Велимировна,Ж,2021,заочная,Химия,"клх Тутаев, ул. пр. Высокий, д. 7/3, кв. 235",+77523083708,77.5,,,67.3,,,58.2,60.7,62.06666666666666,68.0,False
Юдина Дарья Эрнстовна,Ж,2021,очная,История,"г. Кедровый, ул. бул. Тимирязева, д. 4/4, кв. 91",+76470900633,86.1,64.1,,68.0,74.2,,,,68.76666666666667,73.5,True
Одинцова Анжелика Климентовна,Ж,2021,очно-заочная,Экономика,"ст. Южно-Сахалинск, ул. ул. Набережная, д. 9, кв. 83",83310600531,75.8,,70.3,,,49.2,,59.9,59.800000000000004,65.1,True
Рожкова Вера Тимофеевна,Ж,2021,очная,Биология,"г. Ноябрьск, ул. бул. Мира, д. 4/2, кв. 167",+71220681558,93.7,,66.1,58.1,,,66.2,,63.46666666666666,73.2,True
Белоусова Евпраксия Ярославовна,Ж,2021,очно-заочная,Экономика,"ст. Орск, ул. ш. Менделеева, д. 89, кв. 146",+79386613315,81.2,,49.8,,54.6,,65.9,,56.76666666666667,66.3,True
Артемьев Бажен Афиногенович,М,2021,очная,История,"к. Нефтеюганск, ул. ш. Пограничное, д. 464, кв. 101",82065063731,72.3,63.7,,,,55.5,60.2,,59.800000000000004,64.0,False
Якушев Адам Сильвестрович,М,2021,заочная,Экономика,"клх Данков, ул. ш. Тукая, д. 87, кв. 47",+79501364971,71.0,,,,81.2,75.8,,54.3,70.43333333333334,72.6,True
Авдеев Амвросий Фомович,М,2021,заочная,Прикладная математика,"г. Ершов, ул. пер. 60 лет СССР, д. 7/1, кв. 88",89241956252,80.3,,64.0,59.4,,,83.0,,68.8,71.0,True
Маслова Фаина Харлампиевна,Ж,2021,заочная,Экономика,"к. Ижевск, ул. пер. Нижний, д. 5/5, кв. 18",87150997683,76.1,77.5,48.1,,,75.9,,,67.16666666666667,69.7,True
Бурова Екатерина Анатолиевна,Ж,2021,очная,Экономика,"г. Асино, ул. ул. Кочубея, д. 4, кв. 86",89030914363,81.7,74.1,,58.3,,66.3,,,66.23333333333333,71.6,True
Осипов Устин Тихонович,М,2021,заочная,История,"с. Кунгур, ул. ул. Королева, д. 903, кв. 140",81025743263,80.2,61.9,69.7,,65.1,,,,65.56666666666666,70.7,True
Воронов Тимур Геннадиевич,М,2021,заочная,Прикладная математика,"п. Сусуман, ул. алл. Октябрьская, д. 3, кв. 125",+73975245086,77.0,70.8,,,,,44.9,72.0,62.56666666666666,66.9,True
Карпов Михей Захарович,М,2021,очно-заочная,Химия,"п. Ребриха, ул. алл. Кузнечная, д. 5, кв. 174",+70355338033,72.3,50.6,,,,,70.4,80.5,67.16666666666667,69.9,False
Гурьев Харитон Корнилович,М,2021,очная,Информатика и вычислительная техника,"с. Гатчина, ул. пер. Угловой, д. 4, кв. 238",86852701713,68.3,79.9,,54.4,63.2,,,,65.83333333333333,68.2,True
Суворова Вера Сидоровна,Ж,2021,очная,Прикладная математика,"д. Приозерск, ул. пер. Красный, д. 8/7, кв. 67",+72321298338,74.7,55.0,,,61.2,,,63.3,59.833333333333336,66.8,True
Тарасов Сократ Никонович,М,2021,очно-заочная,Информатика и вычислительная техника,"д. Иваново, ул. алл. З.Космодемьянской, д. 9, кв. 117",+76742336293,82.5,,,,81.0,74.8,,76.5,77.43333333333334,80.4,True
Овчинникова Майя Автономовна,Ж,2021,заочная,История,"ст. Моршанск, ул. ш. 60 лет Октября, д. 935, кв. 192",+74973471566,78.7,,58.8,46.5,,61.7,,,55.666666666666664,65.1,False
Якушев Изяслав Юриевич,М,2021,очно-заочная,Прикладная математика,"п. Сусуман, ул. ул. Просвещения, д. 4, кв. 6",+77768962706,69.9,,,71.3,,83.7,,58.3,71.10000000000001,70.9,True
Симонова Глафира Софоновна,Ж,2021,заочная,Физика,"ст. Усть-Калманка, ул. пер. Виноградный, д. 164, кв. 52",81498282467,78.4,67.6,,,,53.9,55.0,,58.833333333333336,67.0,True
Третьякова Вера Гордеевна,Ж,2021,очная,Биология,"п. Чита, ул. пер. Ключевой, д. 4/9, кв. 121",+77468971527,79.7,55.6,64.2,,,,,69.3,63.03333333333334,68.1,True
Воронцов Денис Феофанович,М,2021,заочная,Физика,"клх Новороссийск, ул. пер. Минский, д. 73, кв. 73",+72300857666,72.1,58.1,,,,73.0,,59.1,63.4,66.0,True
Зиновьев Галактион Святополкович,М,2021,очно-заочная,Физика,"с. Алексин, ул. ш. Ударное, д. 130, кв. 160",86749160169,78.3,,56.8,,,60.9,65.9,,61.199999999999996,66.5,True
Волкова Людмила Ефимовна,Ж,2021,заочная,История,"к. Калуга, ул. пер. Маркса Карла, д. 328, кв. 102",+73645875066,77.7,,,64.1,63.4,61.5,,,63.0,68.0,True
Жуков Севастьян Арсениевич,М,2021,очно-заочная,Медицинская биохимия,"к. Кулунда, ул. ш. Ольховое, д. 341, кв. 221",+73705024972,70.5,,,,,64.7,65.5,77.7,69.3,68.9,True
Фомин Капитон Игоревич,М,2021,заочная,Экономика,"г. Щелково, ул. ул. Декабристов, д. 8/3, кв. 2",+73992011669,79.5,66.8,,,,75.6,62.9,,68.43333333333332,74.2,True
Агафонов Андроник Елисеевич,М,2021,очная,Биология,"ст. Лагань, ул. ул. Южная, д. 579, кв. 26",+78362644886,80.8,,,,64.8,,69.9,70.3,68.33333333333333,71.9,True
Буров Спартак Мирославович,М,2021,очная,Медицинская биохимия,"п. Курумкан, ул. наб. Ставропольская, д. 809, кв. 183",84611952436,83.9,,48.2,,,,48.0,55.7,50.63333333333333,60.7,False
Воронов Никанор Радованович,М,2021,очная,Физика,"г. Добрянка, ул. алл. Энергетическая, д. 1/9, кв. 122",+70270116864,83.7,62.6,,84.4,,,,83.2,76.73333333333333,79.3,True
Волков Аникита Любомирович,М,2021,заочная,Физика,"клх Охотск, ул. наб. Плеханова, д. 32, кв. 96",82252237281,69.1,,,68.7,,46.3,71.2,,62.06666666666666,62.8,False
Крюкова Валентина Спиридоновна,Ж,2021,очно-заочная,Медицинская биохимия,"с. Макушино, ул. ш. Среднее, д. 14, кв. 68",89323023467,71.8,57.8,,,58.6,,56.1,,57.5,60.9,False
Щукина Ирина Каллистратовна,Ж,2021,очная,Медицинская биохимия,"п. Пятигорск, ул. ул. Олимпийская, д. 503, кв. 98",81214161415,80.5,,57.0,,41.7,,64.3,,54.333333333333336,62.4,False
Некрасова Фаина Филаретовна,Ж,2021,очно-заочная,Информатика и вычислительная техника,"г. Омск, ул. алл. Березовая, д. 1/3, кв. 140",+79377100409,80.5,,,50.2,,,62.6,67.7,60.166666666666664,67.1,True
Мельников Демид Наркисович,М,2021,очная,Биология,"с. Зеленогорск (Ленин.), ул. ул. Деповская, д. 609, кв. 200",+71380698477,80.5,40.0,,,57.4,,85.1,,60.833333333333336,67.4,True
Сафонова Майя Баженовна,Ж,2021,очная,Экономика,"с. Псков, ул. бул. Театральный, д. 495, кв. 105",89655553566,100.0,,74.9,,,58.3,85.8,,73.0,83.6,True
Максимов Софрон Назарович,М,2021,очная,Медицинская биохимия,"г. Невельск, ул. пр. Металлургов, д. 1, кв. 16",80551076209,80.8,56.5,,,,69.2,57.2,,60.96666666666667,68.9,True
Михеев Захар Онуфриевич,М,2021,очная,Медицинская биохимия,"с. Корсаков, ул. алл. Орджоникидзе, д. 407, кв. 158",+78435797863,84.2,46.2,58.9,,,,,87.4,64.16666666666667,70.9,True
Зыкова Людмила Мечиславовна,Ж,2021,очно-заочная,Информатика и вычислительная техника,"г. Калачинск, ул. ш. Строительное, д. 3/3, кв. 24",+75050573976,83.1,75.2,63.8,,63.3,,,,67.43333333333334,72.3,True
Вишняков Севастьян Светозарович,М,2021,очно-заочная,Биология,"п. Ульяновск, ул. ш. Максима Горького, д. 287, кв. 168",81567164932,81.3,,,,60.6,62.7,71.8,,65.03333333333335,70.0,True
Иванова Элеонора Сидоровна,Ж,2021,заочная,Биология,"с. Дмитров, ул. алл. Виноградная, д. 545, кв. 191",89802714872,75.5,73.9,,56.8,,,,68.7,66.46666666666665,70.7,True
Быкова Вера Григориевна,Ж,2021,очно-заочная,Химия,"ст. Вязьма, ул. пр. Заозерный, д. 28, кв. 122",81783332116,82.0,64.4,,,60.2,,,71.5,65.36666666666667,69.4,False
Воробьева Елизавета Софоновна,Ж,2021,заочная,Прикладная математика,"с. Красноуральск, ул. наб. Владимирская, д. 1/3, кв. 212",+72564347128,72.8,,43.1,,,,75.0,62.9,60.333333333333336,62.7,True
Соболева Ирина Геннадиевна,Ж,2021,очно-заочная,Прикладная математика,"ст. Малоярославец, ул. наб. Украинская, д. 35, кв. 24",81539915668,76.0,59.4,57.2,,,,,72.1,62.9,68.7,True
Яковлева Евгения Митофановна,Ж,2021,очно-заочная,Физика,"г. Добрянка, ул. наб. Байкальская, д. 59, кв. 194",83341411159,74.5,,61.3,40.0,76.8,,,,59.36666666666667,64.6,True
Терентьева Элеонора Викториновна,Ж,2021,очная,История,"п. Анадырь, ул. пер. Городской, д. 8, кв. 205",+71952569040,77.9,70.1,,,62.7,,,96.7,76.5,75.5,True
Аксенов Иван Максимильянович,М,2022,заочная,История,"п. Оймякон, ул. пер. Солнечный, д. 72, кв. 165",88366552899,91.6,,65.4,,74.7,64.6,,,68.23333333333333,75.4,True
Трофимов Викентий Самуилович,М,2022,очная,Биология,"к. Витим, ул. алл. Мельничная, д. 7/2, кв. 167",+71608752437,66.5,,72.7,66.5,,67.1,,,68.76666666666667,69.7,False
Никитина Ольга Харлампиевна,Ж,2022,очно-заочная,Экономика,"д. Малгобек, ул. бул. Железнодорожный, д. 64, кв. 212",82942095481,81.8,,,,,60.2,65.4,62.8,62.800000000000004,70.9,True
Юдин Гостомысл Остапович,М,2022,очно-заочная,Прикладная математика,"д. Ульяновск, ул. наб. Боровая, д. 1/3, кв. 28",+79737460523,68.0,75.3,,,69.9,,40.0,,61.73333333333333,64.8,False
Николаев Азарий Аникеевич,М,2022,очная,Химия,"д. Вытегра, ул. наб. Социалистическая, д. 96, кв. 226",+70276420865,74.9,65.5,,64.5,76.0,,,,68.66666666666667,70.8,True
Дроздов Владимир Христофорович,М,2022,заочная,Экономика,"ст. Лотошино, ул. бул. Красных Партизан, д. 8, кв. 143",87566184438,84.2,,78.1,,,,78.5,61.7,72.76666666666667,76.8,True
Кузьмина Галина Соломоновна,Ж,2022,очно-заочная,История,"ст. Токсово, ул. бул. 60 лет СССР, д. 83, кв. 98",81259047292,78.1,56.4,53.8,,,65.7,,,58.633333333333326,67.3,True
Рожков Андрон Филиппович,М,2022,очно-заочная,Медицинская биохимия,"г. Тарко-Сале, ул. пер. Угольный, д. 8, кв. 67",87423330591,71.2,,68.9,,,55.0,47.3,,57.06666666666666,63.9,False
Павлов Гедеон Гуриевич,М,2022,очная,Медицинская биохимия,"д. Киров (Вятка), ул. пр. Целинный, д. 890, кв. 75",+76620157201,73.4,,69.1,72.7,,,69.1,,70.3,70.2,False
Стрелкова Иванна Дмитриевна,Ж,2022,очно-заочная,Прикладная математика,"г. Сальск, ул. наб. Московская, д. 969, кв. 239",85962630136,81.8,,67.6,,,55.4,,70.9,64.63333333333334,71.9,True
Кондратьев Софрон Онуфриевич,М,2022,очно-заочная,История,"с. Шилка, ул. бул. Полярный, д. 45, кв. 72",84926176475,73.3,,,,71.6,,74.5,78.3,74.8,73.1,True
Лыткин Эммануил Феоктистович,М,2022,очно-заочная,История,"д. Сальск, ул. наб. Рылеева, д. 282, кв. 58",+71111783099,79.0,75.8,70.9,,76.5,,,,74.39999999999999,74.9,True
Шашков Адам Кондратиевич,М,2022,заочная,Экономика,"к. Кызыл, ул. пр. Технический, д. 30, кв. 17",87419267649,78.0,,60.0,,62.1,65.8,,,62.633333333333326,68.7,True
Рябов Борислав Прохорович,М,2022,очно-заочная,Физика,"п. Сухиничи, ул. бул. Тенистый, д. 155, кв. 225",+71518260688,73.8,,,59.2,,57.5,,67.1,61.26666666666667,65.3,False
Воронов Эрнст Светозарович,М,2022,очно-заочная,Химия,"ст. Кежма, ул. ул. Транспортная, д. 908, кв. 97",87189813129,90.6,,,,,57.1,42.2,59.8,53.03333333333334,67.9,True
Поляков Данила Остапович,М,2022,очно-заочная,Прикладная математика,"ст. Люберцы, ул. бул. Шолохова, д. 4/2, кв. 157",+70875102932,81.5,,67.0,64.7,,,57.0,,62.9,67.8,False
Баранов Эмиль Фортунатович,М,2022,очная,Физика,"г. Томари, ул. пер. Революционный, д. 741, кв. 205",+78401184582,65.5,,70.1,69.0,,50.3,,,63.133333333333326,64.0,False
Ефремова Евгения Сократовна,Ж,2022,очно-заочная,История,"г. Челюскин, ул. ш. Звездное, д. 3/4, кв. 36",80340848729,78.8,,,61.2,58.9,,55.1,,58.4,67.2,True
Сергеев Капитон Мефодиевич,М,2022,заочная,Прикладная математика,"п. Середниково, ул. бул. Высоцкого, д. 960, кв. 204",85859883103,73.7,,,72.7,,57.3,58.4,,62.800000000000004,68.2,False
Кириллов Радован Харлампиевич,М,2022,очно-заочная,Биология,"к. Урус-Мартан, ул. ш. Нижнее, д. 8/5, кв. 100",+73243298395,82.8,,69.1,43.8,49.6,,,,54.166666666666664,62.8,False
Данилов Архип Наркисович,М,2022,очно-заочная,Химия,"г. Белогорск (Амур.), ул. ул. Энергетическая, д. 73, кв. 31",+72961844626,72.9,,,,,81.5,71.9,61.0,71.46666666666667,71.4,True
Титов Никандр Велимирович,М,2022,заочная,Прикладная математика,"клх Костомукша, ул. пр. Нижний, д. 681, кв. 24",81462831435,77.0,71.3,,,52.2,40.0,,,54.5,62.9,False
Медведева Акулина Станимировна,Ж,2022,очно-заочная,Физика,"клх Кропоткин (Краснод.), ул. наб. О.Кошевого, д. 59, кв. 39",88926256609,80.7,74.6,,,,,62.0,84.2,73.60000000000001,74.7,True
Зимина Прасковья Панкратовна,Ж,2022,очная,История,"п. Крымск, ул. ш. Первомайское, д. 653, кв. 196",+71418186151,82.9,,72.3,62.1,,,56.3,,63.56666666666666,72.2,True
Кошелева Виктория Валериевна,Ж,2022,заочная,Физика,"к. Прохладный, ул. пр. Красноармейский, д. 6/7, кв. 242",85423401636,70.5,73.4,,76.0,66.4,,,,71.93333333333334,73.1,True
Мухин Демьян Юриевич,М,2022,очно-заочная,Медицинская биохимия,"к. Черемхово, ул. бул. Абрикосовый, д. 7/8, кв. 38",+71284971859,75.7,93.4,,,,68.3,55.3,,72.33333333333333,72.2,True
Петрова Фёкла Твердиславовна,Ж,2022,очная,Медицинская биохимия,"г. Беслан, ул. пер. Придорожный, д. 1, кв. 208",+78491025625,74.9,62.7,,45.1,,59.3,,,55.70000000000001,60.9,False
Ситников Сила Викторинович,М,2022,очно-заочная,Физика,"клх Улан-Удэ, ул. ул. 9 мая, д. 42, кв. 132",88967924082,73.8,68.0,,,64.0,,,57.6,63.199999999999996,65.3,False
Трофимова Анна Владиславовна,Ж,2022,заочная,Медицинская биохимия,"д. Лысьва, ул. ул. Учительская, д. 3/1, кв. 136",+72694053967,88.3,,,80.2,,,67.6,54.2,67.33333333333333,76.3,True
Потапова Элеонора Августовна,Ж,2022,очная,Медицинская биохимия,"д. Братск, ул. пр. Васильковый, д. 3, кв. 120",+77578446834,80.1,,,60.8,,64.2,64.9,,63.300000000000004,68.0,False
Галкин Петр Пантелеймонович,М,2022,заочная,Физика,"ст. Новороссийск, ул. бул. Тупиковый, д. 5/3, кв. 244",+74651113129,70.1,57.0,,,,,71.0,60.5,62.833333333333336,65.0,False
Уварова Маргарита Аникеевна,Ж,2022,очно-заочная,Экономика,"к. Сергиев Посад, ул. ул. Октябрьская, д. 2, кв. 41",+71487068277,83.2,,,,57.9,,55.9,61.6,58.46666666666667,66.9,True
Котова Светлана Ивановна,Ж,2022,очно-заочная,Физика,"ст. Уфа, ул. алл. Толстого, д. 781, кв. 241",88160930685,90.4,,72.4,,64.0,,60.2,,65.53333333333335,74.6,True
Вишнякова Ольга Наумовна,Ж,2022,очная,Физика,"клх Игнашино, ул. ш. Чернышевского, д. 1, кв. 74",+78909728321,83.9,,,,75.6,65.1,,64.4,68.36666666666666,72.1,True
Сафонов Милий Фирсович,М,2022,очная,Экономика,"г. Архыз, ул. ул. Металлистов, д. 13, кв. 68",82850676251,68.6,71.0,60.5,67.6,,,,,66.36666666666666,66.1,True
Родионов Валерьян Всеволодович,М,2022,очно-заочная,Химия,"с. Апшеронск, ул. ул. Кольцевая, д. 48, кв. 134",83814474430,74.8,40.0,65.1,,,62.9,,,56.0,64.3,False
Архипова Зоя Игоревна,Ж,2022,заочная,Физика,"с. Верхнее Пенжино, ул. ул. Родниковая, д. 33, кв. 146",86348079705,85.3,74.9,,75.2,,,78.5,,76.2,81.0,True
Бобров Борис Эммануилович,М,2022,очно-заочная,Физика,"г. Нижний Новгород, ул. ул. Кедровая, д. 648, кв. 3",+79754510526,73.5,,62.0,,74.3,,,67.0,67.76666666666667,70.9,True
Исаков Тихон Исаевич,М,2022,очно-заочная,История,"клх Рубцовск, ул. пр. Механизаторов, д. 54, кв. 98",80167318826,80.4,57.3,58.8,,75.6,,,,63.9,67.8,True
Иванов Евгений Аверьянович,М,2022,очно-заочная,Экономика,"к. Ижевск, ул. алл. Щетинкина, д. 4/5, кв. 99",+77024376545,82.3,,80.7,,56.2,,62.7,,66.53333333333335,71.4,True
Галкина Ульяна Викториновна,Ж,2022,заочная,Информатика и вычислительная техника,"г. Юрьев-Польский, ул. ул. Буденного, д. 60, кв. 128",82841772256,72.1,52.2,,,67.8,,70.5,,63.5,67.0,True
Иванов Спиридон Назарович,М,2022,заочная,История,"клх Миллерово, ул. пр. Учительский, д. 4, кв. 90",+75313402665,77.3,,41.6,,,,55.6,56.7,51.300000000000004,59.5,False
Пахомова Евфросиния Луковна,Ж,2022,очно-заочная,Информатика и вычислительная техника,"г. Сусуман, ул. пр. Краснодарский, д. 25, кв. 192",+72374167872,58.3,,,64.2,,60.5,,60.5,61.73333333333333,62.2,True
Денисов Осип Вацлавович,М,2022,очная,Экономика,"ст. Серпухов, ул. бул. Казанский, д. 8/1, кв. 131",86862110225,71.6,77.9,,,,72.0,,67.6,72.5,72.7,True
Котов Герман Фотиевич,М,2022,заочная,Физика,"ст. Пышма, ул. бул. Красина, д. 7, кв. 244",80305690674,76.2,,74.5,72.7,,56.8,,,68.0,69.2,False
Осипова Зоя Терентиевна,Ж,2022,очно-заочная,Биология,"ст. Гудермес, ул. наб. Магистральная, д. 7/9, кв. 114",+77163928234,70.2,,,66.6,,58.1,70.4,,65.03333333333333,68.5,False
Воронцова Наталья Михеевна,Ж,2022,очно-заочная,Медицинская биохимия,"ст. Юрюзань, ул. наб. Советской Армии, д. 2/3, кв. 149",+74363718923,87.5,,,,66.1,49.0,,75.9,63.666666666666664,73.8,True
Егоров Юлий Никонович,М,2022,очно-заочная,Экономика,"клх Каргополь, ул. наб. Пионерская, д. 961, кв. 78",82312604326,69.1,,56.7,,53.5,,,80.7,63.63333333333333,63.9,True
Тихонова Евфросиния Устиновна,Ж,2022,очная,Медицинская биохимия,"к. Домбай, ул. алл. Белорусская, д. 5, кв. 208",+79310668433,75.1,,55.9,,,77.4,,52.5,61.93333333333334,66.7,False
Трофимова Тамара Денисовна,Ж,2022,заочная,Экономика,"к. Белорецк, ул. наб. Маркса Карла, д. 9/3, кв. 243",86708604145,78.5,,,61.7,71.0,69.3,,,67.33333333333333,70.5,True
Шилов Моисей Федорович,М,2022,очно-заочная,Медицинская биохимия,"п. Верхнее Пенжино, ул. наб. Седова, д. 6, кв. 42",+75635020005,86.3,,,61.8,,61.1,,58.6,60.5,69.1,False
Максимова Ольга Леоновна,Ж,2022,заочная,Экономика,"к. Цимлянск, ул. ш. Коллективное, д. 564, кв. 165",+74749162475,69.1,56.7,,72.6,,,,56.5,61.93333333333334,63.2,False
Коновалов Флорентин Никонович,М,2022,очно-заочная,Экономика,"ст. Горячинск, ул. ул. 8-е Марта, д. 98, кв. 21",84110825559,84.7,,41.3,,,65.0,50.0,,52.1,63.8,True
Красильников Всеслав Викторинович,М,2022,очно-заочная,Физика,"с. Красная Поляна, ул. ул. Карла Либкнехта, д. 44, кв. 87",89534396112,77.8,,,64.6,71.2,,91.7,,75.83333333333333,78.4,True
Третьякова Елизавета Гостомысловна,Ж,2022,заочная,Прикладная математика,"д. Тверь, ул. ш. Республиканское, д. 588, кв. 151",81093371189,71.8,69.5,,65.9,,,65.1,,66.83333333333333,68.6,True
Соболев Варлаам Симонович,М,2022,очная,Информатика и вычислительная техника,"д. Апрелевка, ул. пр. Черемушки, д. 1, кв. 89",84738202368,80.5,69.9,,,75.7,,,48.1,64.56666666666668,68.5,True
Устинов Олег Мартьянович,М,2022,очная,Биология,"ст. Вологда, ул. ул. Саратовская, д. 525, кв. 51",+78557161768,78.9,,75.4,,72.6,,72.6,,73.53333333333333,75.9,True
Горбачев Ульян Антонинович,М,2022,заочная,Химия,"г. Кажим, ул. алл. Красноармейская, д. 560, кв. 157",80294240903,74.1,71.5,70.0,,64.1,,,,68.53333333333333,69.8,True
Колесникова Галина Аверкиевна,Ж,2022,заочная,Информатика и вычислительная техника,"г. Колпашево, ул. пр. Морской, д. 186, кв. 15",87881278686,78.1,,,,67.1,57.9,63.2,,62.73333333333333,69.5,True
Бирюкова Анна Галактионовна,Ж,2022,очно-заочная,Химия,"п. Бирск, ул. бул. Проезжий, д. 997, кв. 212",89432029390,75.4,,76.5,51.8,54.5,,,,60.93333333333334,65.7,False
Гущин Савва Эмилевич,М,2022,очно-заочная,Биология,"г. Верхний Уфалей, ул. ш. Томское, д. 503, кв. 236",87884434481,78.4,,,,66.9,,64.5,67.7,66.36666666666667,69.3,False
Беляева Нина Арсениевна,Ж,2022,заочная,Химия,"ст. Гдов, ул. алл. Загородная, д. 2/8, кв. 196",+73083402424,81.7,70.5,83.0,,,,,65.8,73.10000000000001,74.9,True
Поляков Каллистрат Моисеевич,М,2022,заочная,Физика,"г. Воронеж, ул. бул. Коминтерна, д. 15, кв. 185",+73381059551,87.2,,,47.3,,54.4,,65.7,55.79999999999999,67.9,False
Кошелева Анжелика Андреевна,Ж,2022,заочная,Экономика,"г. Черемхово, ул. бул. Балтийский, д. 9/6, кв. 223",84269450053,70.3,,66.5,,,,50.7,76.5,64.56666666666666,65.6,True
Тетерина Мария Олеговна,Ж,2022,очная,Экономика,"г. Яр-Сале, ул. ул. Магистральная, д. 67, кв. 58",+72408916498,90.5,68.1,60.4,,,,56.1,,61.53333333333333,72.7,True
Лапина Эмилия Спиридоновна,Ж,2022,очная,Прикладная математика,"д. Заводоуковск, ул. бул. Виноградный, д. 972, кв. 136",+77354396273,66.0,63.2,,60.7,,63.3,,,62.4,62.5,False
Кулаков Конон Эдуардович,М,2022,очная,Прикладная математика,"д. Агинское (Забайк.), ул. пр. Болотный, д. 1/4, кв. 120",85271727223,76.8,57.1,71.4,,73.3,,,,67.26666666666667,69.9,True
Блохин Арефий Демидович,М,2022,заочная,Химия,"с. Воскресенск, ул. пр. Береговой, д. 397, кв. 34",87240422693,81.2,,79.9,,,71.4,66.4,,72.56666666666668,75.5,True
Быкова Полина Автономовна,Ж,2022,заочная,История,"клх Шамары, ул. ш. Серова, д. 8, кв. 126",+72163761820,79.4,,57.3,54.3,,75.8,,,62.46666666666666,70.2,True
Якушева Евпраксия Спартаковна,Ж,2022,очно-заочная,Информатика и вычислительная техника,"д. Камень-на-Оби, ул. пр. Титова, д. 80, кв. 225",81660100231,74.0,,69.5,,,58.6,50.7,,59.6,66.4,True
Григорьев Конон Ананиевич,М,2022,очная,Экономика,"д. Воскресенск, ул. ул. Саратовская, д. 9, кв. 4",+72900185132,76.5,,58.0,,66.7,75.0,,,66.56666666666666,68.9,True
Панфилов Эммануил Софронович,М,2022,очная,Биология,"ст. Нижний Тагил, ул. пр. Громова, д. 502, кв. 172",89724572308,74.7,86.6,59.9,,,,,61.8,69.43333333333334,70.7,False
Горбачева Елизавета Давыдовна,Ж,2022,очная,Медицинская биохимия,"п. Двинской, ул. алл. Геологов, д. 22, кв. 101",+78100184186,74.2,45.8,,,70.5,81.2,,,65.83333333333333,67.4,False
Денисов Анатолий Изяславович,М,2022,очная,Прикладная математика,"ст. Оренбург, ул. пер. Кошевого, д. 8, кв. 67",+70303662543,82.8,58.5,60.1,,,64.2,,,60.93333333333334,68.6,True
Турова Агата Глебовна,Ж,2022,заочная,Биология,"клх Солнечногорск, ул. ул. 30 лет Победы, д. 6/2, кв. 112",81721314519,79.8,,57.8,,46.4,,81.3,,61.833333333333336,68.0,False
Егоров Боян Нифонтович,М,2022,очно-заочная,Химия,"п. Чебоксары, ул. ш. Радищева, д. 61, кв. 15",81510922685,73.5,,81.6,,61.3,,46.8,,63.23333333333333,68.4,True
Агафонова Людмила Николаевна,Ж,2022,очно-заочная,Информатика и вычислительная техника,"ст. Плесецк, ул. наб. Безымянная, д. 2/1, кв. 123",82624945147,83.1,,,58.7,,49.9,,71.3,59.96666666666666,69.8,True
Сафонова Милица Евстигнеевна,Ж,2022,очно-заочная,Экономика,"п. Камень-на-Оби, ул. наб. Шоссейная, д. 3, кв. 73",84102252677,79.5,,82.2,68.4,,,54.3,,68.30000000000001,71.8,True
Попов Спартак Архипович,М,2022,заочная,Химия,"клх Гаврилов-Ям, ул. пер. Минский, д. 94, кв. 219",+71964215226,82.6,63.4,68.6,,56.7,,,,62.9,69.8,True
Хохлов Будимир Кондратиевич,М,2022,очная,История,"д. Бологое, ул. алл. Железнодорожная, д. 741, кв. 154",85767695236,81.5,62.1,,,,70.1,,58.8,63.666666666666664,71.5,True
Фомичев Федот Фортунатович,М,2022,заочная,Прикладная математика,"ст. Амдерма, ул. наб. Курганная, д. 621, кв. 234",88788788361,72.7,60.5,,,87.5,76.5,,,74.83333333333333,75.3,True
Коновалов Милен Кириллович,М,2022,очная,Экономика,"с. Сортавала, ул. бул. Радищева, д. 5/7, кв. 183",86893135030,74.3,,52.7,53.1,,69.9,,,58.56666666666667,62.1,False
Кошелев Зиновий Евлампиевич,М,2022,заочная,Прикладная математика,"п. Эльтон, ул. ш. Ворошилова, д. 94, кв. 24",88721055247,82.2,56.9,,70.5,81.2,,,,69.53333333333335,73.2,True
Тетерина Оксана Олимпиевна,Ж,2022,очно-заочная,Биология,"г. Мурманск, ул. ул. Стадионная, д. 8, кв. 108",+78633302126,81.4,,74.6,,65.6,,52.0,,64.06666666666666,69.8,False
Иванов Фирс Казимирович,М,2022,очно-заочная,Биология,"ст. Ельня, ул. пр. З.Космодемьянской, д. 2/6, кв. 121",+76501917920,77.6,,,,71.2,63.0,,60.9,65.03333333333333,68.4,False
Исакова Дарья Сильвестровна,Ж,2022,очно-заочная,История,"д. Нарьян-Мар, ул. наб. Заозерная, д. 28, кв. 232",+75213109622,78.4,,61.5,,65.0,,,65.7,64.06666666666666,67.9,True
Шилов Вацлав Афанасиевич,М,2022,очно-заочная,Медицинская биохимия,"с. Мытищи, ул. ш. Гражданское, д. 63, кв. 196",82847657041,85.4,64.2,62.5,87.3,,,,,71.33333333333333,74.4,True
Анисимов Сила Матвеевич,М,2022,очная,Физика,"д. Внуково (метеост.), ул. наб. Коммунаров, д. 3, кв. 97",+70092820667,74.2,,,66.7,,61.4,73.2,,67.10000000000001,70.2,True
Брагина Валерия Соломоновна,Ж,2022,заочная,Физика,"ст. Шатки, ул. пр. Приморский, д. 16, кв. 40",84984362418,81.0,78.1,,59.5,,,,75.8,71.13333333333333,73.6,True
Шашкова Зоя Тимофеевна,Ж,2022,очная,Биология,"ст. Лянтор, ул. пр. Павлова, д. 7, кв. 198",82369036289,76.5,70.5,,,,,59.3,48.2,59.333333333333336,63.6,False
Максимов Фирс Провович,М,2022,заочная,Биология,"с. Диксон, ул. ул. Фурманова, д. 171, кв. 118",+77756620563,76.4,55.6,,74.9,,,,41.6,57.36666666666667,63.0,False
Воронцова Марина Святополковна,Ж,2022,очно-заочная,Информатика и вычислительная техника,"г. Тарко-Сале, ул. пр. Красногвардейский, д. 7, кв. 207",+71115950342,84.3,69.7,,,,52.8,,76.5,66.33333333333333,73.8,True
Симонов Илья Мартьянович,М,2022,очно-заочная,История,"ст. Ставрополь, ул. пер. Угловой, д. 1/4, кв. 26",81139043830,82.7,,,59.1,,65.0,,63.7,62.6,71.0,True
Федосеев Ратмир Родионович,М,2022,очно-заочная,Химия,"к. Меренга, ул. алл. Юбилейная, д. 57, кв. 211",+74199097005,82.6,,70.2,68.8,,,,68.9,69.3,73.9,True
Самойлов Фрол Алексеевич,М,2022,заочная,Физика,"ст. Малоярославец, ул. пер. Механизаторов, д. 3/7, кв. 13",+74054683565,85.5,,87.3,,51.3,,,79.1,72.56666666666666,76.8,True
Андреева Ольга Исидоровна,Ж,2022,очно-заочная,История,"д. Змеиногорск, ул. наб. Большевистская, д. 9/7, кв. 38",+71568182096,77.8,47.6,61.7,,,,60.1,,56.46666666666667,65.8,True
Щербакова Ангелина Ефимовна,Ж,2022,очная,Химия,"п. Усть-Катав, ул. пер. Чкалова, д. 776, кв. 65",89042271133,81.8,67.3,77.3,,65.5,,,,70.03333333333333,73.0,True
Лаврентьев Иван Лукович,М,2022,очная,Химия,"г. Светлогорск (Калин.), ул. бул. Репина, д. 82, кв. 243",+72889857254,75.8,84.4,67.4,,54.7,,,,68.83333333333333,70.1,True
Пестов Остромир Милованович,М,2022,очная,Химия,"ст. Каргасок, ул. наб. Снежная, д. 8/7, кв. 178",89606339912,79.6,,50.6,68.5,,,,71.0,63.36666666666667,68.2,True
Беляков Софрон Авксентиевич,М,2022,заочная,Прикладная математика,"к. Шелехов, ул. алл. Красноярская, д. 9/8, кв. 156",87102481717,76.9,60.7,40.0,,,68.2,,,56.300000000000004,62.2,False
Крылов Каллистрат Константинович,М,2022,очная,Физика,"с. Артем, ул. ш. Механическое, д. 4/3, кв. 15",82421495511,78.3,69.4,70.6,,,,,80.1,73.36666666666666,74.6,True
Власова Анна Мефодиевна,Ж,2022,очно-заочная,Медицинская биохимия,"ст. Обнинск, ул. ш. Белорусское, д. 1, кв. 89",+77474721970,81.3,,73.8,67.4,,,58.2,,66.46666666666665,73.3,True
Жданов Афиноген Денисович,М,2022,заочная,Информатика и вычислительная техника,"клх Туапсе, ул. ш. Безымянное, д. 4/7, кв. 191",84669275895,72.8,,,60.1,,,71.5,42.0,57.86666666666667,63.6,True
Веселов Савелий Минович,М,2022,очно-заочная,Химия,"к. Шамары, ул. ш. Химиков, д. 5/1, кв. 81",81687409038,90.3,,67.8,55.3,65.2,,,,62.76666666666667,72.1,True
Рожкова Екатерина Филипповна,Ж,2022,заочная,Физика,"клх Москва, МГУ, ул. пр. Курчатова, д. 878, кв. 128",+72146296136,71.7,,68.9,,,51.6,,61.0,60.5,66.2,False
Королева Ираида Евграфовна,Ж,2022,очная,Физика,"к. Красноселькуп, ул. алл. Спартака, д. 490, кв. 213",81577871121,70.4,52.7,,,67.7,57.5,,,59.300000000000004,61.4,False
Зиновьев Сигизмунд Евстигнеевич,М,2022,очно-заочная,Биология,"п. Иркутск, ул. пр. Союзный, д. 3/8, кв. 187",86365155973,84.6,43.2,69.2,,,69.1,,,60.5,67.8,False
Зиновьева Жанна Иларионовна,Ж,2022,очно-заочная,Физика,"п. Билибино, ул. бул. Смоленский, д. 82, кв. 27",81470827235,82.4,54.2,,,,72.8,,61.6,62.86666666666667,70.0,True
Ершов Капитон Иванович,М,2022,заочная,История,"ст. Бугуруслан, ул. ш. Металлистов, д. 8, кв. 110",80960567303,81.4,,,,71.6,,76.8,61.6,69.99999999999999,74.5,True
Щукин Егор Ипатович,М,2022,очно-заочная,Биология,"с. Воткинск, ул. пр. Тракторный, д. 942, кв. 96",+76442121461,81.5,60.9,61.2,,75.3,,,,65.8,69.5,False
Ефимова Юлия Германовна,Ж,2022,очная,Медицинская биохимия,"к. Курильск, ул. ш. 50 лет ВЛКСМ, д. 60, кв. 45",+77683420165,77.6,,,,70.3,65.2,,81.0,72.16666666666667,73.7,True
Ковалев Вацлав Богданович,М,2022,заочная,Экономика,"ст. Рославль, ул. пер. Октябрьский, д. 39, кв. 48",+72356778265,72.3,,,,55.5,60.7,,65.1,60.43333333333334,65.2,True
Горбачева Полина Аверьяновна,Ж,2022,очно-заочная,Физика,"п. Псебай, ул. пер. Луговой, д. 742, кв. 69",86089319925,78.2,,,75.5,,,67.4,77.9,73.60000000000001,76.0,True
Кондратьев Тит Андроникович,М,2022,заочная,Химия,"ст. Буйнакск, ул. ул. Челюскинцев, д. 817, кв. 227",80272751648,73.6,53.0,71.0,,,,56.4,,60.13333333333333,65.4,False
Давыдов Светозар Якубович,М,2022,очно-заочная,Медицинская биохимия,"п. Валдай, ул. пр. Каштановый, д. 1/6, кв. 176",+77279103368,83.6,71.8,,83.0,,,,61.1,71.96666666666667,75.3,True
Горшкова Лариса Фирсовна,Ж,2022,очная,Медицинская биохимия,"г. Люберцы, ул. пер. Выгонный, д. 72, кв. 214",+79635339055,76.8,,,94.6,,,58.9,67.5,73.66666666666667,73.1,True
Емельянова Ирина Добромысловна,Ж,2022,очная,Экономика,"п. Краснокамск, ул. наб. Достоевского, д. 81, кв. 41",+74481776655,72.7,73.3,,,62.9,,,72.9,69.7,70.5,True
Матвеева Раиса Никоновна,Ж,2022,очная,Прикладная математика,"ст. Сасово, ул. пр. Тульский, д. 183, кв. 190",86851276528,75.8,83.9,,,67.8,,64.7,,72.13333333333333,71.9,True
Ситников Ефрем Флорентинович,М,2022,очная,Прикладная математика,"ст. Мураши, ул. наб. Транспортная, д. 95, кв. 84",82866464911,80.2,,,74.0,69.1,66.2,,,69.76666666666667,75.2,True
Зайцев Владимир Степанович,М,2022,очно-заочная,Медицинская биохимия,"клх Шелехов, ул. алл. Хвойная, д. 37, кв. 195",+71096179817,74.3,59.0,,,,56.2,,54.6,56.6,62.7,False
Архипов Панфил Тимурович,М,2022,очная,Химия,"п. Ульяновск, ул. ш. Базарное, д. 29, кв. 211",89046337861,72.8,,,66.0,,,72.8,69.4,69.4,69.9,True
Овчинников Амос Миланович,М,2022,заочная,История,"п. Нижневартовск, ул. бул. Коммунистический, д. 7, кв. 16",+77157660538,79.2,60.9,,,,79.5,75.2,,71.86666666666667,75.5,True
Самойлова Марфа Демидовна,Ж,2022,очно-заочная,Экономика,"ст. Руза, ул. бул. Маркса Карла, д. 7/6, кв. 211",+74446306000,79.2,67.9,,48.6,,,64.2,,60.23333333333333,66.9,True
Турова Оксана Виссарионовна,Ж,2022,очная,Экономика,"с. Завьялиха, ул. пер. Свободы, д. 4, кв. 151",+75895529638,74.7,,,60.5,69.3,,,59.1,62.96666666666667,66.3,True
Рыбакова Регина Луковна,Ж,2022,заочная,История,"к. Юрюзань, ул. бул. Королева, д. 970, кв. 220",83960962626,74.9,,50.9,,68.6,56.2,,,58.56666666666666,65.5,True
Попов Авксентий Епифанович,М,2022,очно-заочная,Информатика и вычислительная техника,"к. Агата, ул. пр. Мая 1, д. 7, кв. 217",88263128196,79.1,,63.2,,,,66.9,73.2,67.76666666666667,73.2,True
Савина Марина Варлаамовна,Ж,2022,заочная,Прикладная математика,"п. Балашов, ул. пер. Комсомольский, д. 192, кв. 43",+78253110609,69.0,53.4,,,,61.3,,73.9,62.86666666666667,65.7,False
Денисова Лидия Юлиевна,Ж,2022,очно-заочная,Экономика,"ст. Буйнакск, ул. наб. Горького, д. 19, кв. 72",+70981960275,69.3,59.0,69.0,71.9,,,,,66.63333333333334,65.8,True
Герасимова Иванна Трофимовна,Ж,2022,заочная,История,"д. Хоста, ул. ул. Хвойная, д. 62, кв. 246",+73343836404,73.4,45.7,,75.6,,,,55.8,59.03333333333333,64.3,True
Фролова Иванна Карповна,Ж,2022,очная,Прикладная математика,"п. Каргасок, ул. алл. Лесная, д. 63, кв. 18",+72091179112,76.4,75.9,,55.9,,56.0,,,62.6,68.5,True
Кондратьев Савва Юлиевич,М,2022,заочная,Медицинская биохимия,"п. Озеры, ул. бул. Толстого, д. 1, кв. 30",+74211753617,79.6,,,,74.3,71.6,,77.9,74.6,74.9,True
Громов Мефодий Доброславович,М,2022,заочная,Биология,"к. Листвянка (Иркут.), ул. наб. Озерная, д. 96, кв. 209",+76171366572,86.6,,,,62.7,50.4,81.3,,64.8,71.3,True
Родионова Полина Епифановна,Ж,2022,очно-заочная,Медицинская биохимия,"клх Карпинск, ул. пер. Каштановый, д. 33, кв. 76",+74029901557,82.8,60.6,48.6,,,,65.0,,58.06666666666666,68.3,False
Филатов Панкрат Мокеевич,М,2022,очно-заочная,Биология,"с. Жуковский, ул. пер. Кузнецова, д. 90, кв. 7",89802841390,76.7,68.5,46.7,58.3,,,,,57.833333333333336,62.5,False
Красильникова Майя Олеговна,Ж,2022,очная,Экономика,"д. Углич, ул. бул. Камский, д. 524, кв. 24",80882351305,77.6,,,76.7,,,45.1,53.9,58.56666666666667,66.2,True
Савельев Климент Дмитриевич,М,2022,заочная,Химия,"д. Березники, ул. пр. Орджоникидзе, д. 6/3, кв. 244",+73124473158,71.7,,77.6,,,,60.5,47.9,62.0,65.3,False
Титов Филимон Фирсович,М,2022,заочная,История,"г. Дно, ул. алл. Минина, д. 4/2, кв. 124",+77768634234,77.6,,81.8,,,,51.6,63.2,65.53333333333335,69.5,True
Авдеева Елизавета Варлаамовна,Ж,2022,заочная,Химия,"к. Чехов, ул. наб. Литейная, д. 11, кв. 99",81994237676,76.0,65.5,,,,67.2,58.6,,63.76666666666666,66.1,False
Брагина Ираида Измаиловна,Ж,2022,заочная,История,"д. Курильск, ул. бул. Студенческий, д. 67, кв. 160",84591966395,79.6,,,77.7,,82.5,62.4,,74.2,77.4,True
Горбунова Тамара Наумовна,Ж,2022,очная,Физика,"д. Дагомыс, ул. алл. Димитрова, д. 2/4, кв. 26",81720849649,72.7,,53.9,,62.6,,64.3,,60.26666666666667,64.1,False
Куликова Евпраксия Геннадиевна,Ж,2022,очно-заочная,Экономика,"к. Кирово-Чепецк, ул. бул. Юности, д. 56, кв. 122",85601256253,80.8,,66.3,52.2,,,54.4,,57.63333333333333,65.9,True
Константинов Савватий Авксентиевич,М,2022,заочная,История,"п. Тикси, ул. бул. Маркса, д. 7, кв. 27",+73552510505,86.9,52.9,,63.5,,,,64.0,60.13333333333333,70.2,True
Гаврилова Дарья Сигизмундовна,Ж,2022,очная,Информатика и вычислительная техника,"клх Ардон, ул. пер. Шмидта, д. 173, кв. 2",+77953816493,77.0,,,72.1,,,61.5,56.9,63.5,69.0,True
Рожков Всеволод Софронович,М,2022,очная,Информатика и вычислительная техника,"клх Тымовское, ул. наб. Островского, д. 14, кв. 49",83184919665,80.1,,50.9,,71.4,,,50.3,57.53333333333334,67.3,True
Молчанова Синклитикия Луковна,Ж,2022,очная,Прикладная математика,"клх Воскресенск, ул. ул. 40 лет Октября, д. 65, кв. 3",83307704611,81.8,,59.6,52.9,,,53.9,,55.46666666666667,64.8,False
Петухов Севастьян Ипатиевич,М,2022,очная,Экономика,"г. Курумкан, ул. алл. Кленовая, д. 591, кв. 61",82959639040,75.3,55.0,,58.4,,52.4,,,55.26666666666667,61.9,False
Гордеева Тамара Ферапонтовна,Ж,2022,очная,Информатика и вычислительная техника,"д. Саратов, ул. пр. Кочубея, д. 84, кв. 155",80742608805,79.0,65.8,,,,,55.6,67.4,62.93333333333334,70.4,True
Афанасьев Анисим Валерьянович,М,2022,очно-заочная,Прикладная математика,"к. Красногорск (Моск.), ул. ш. Украинское, д. 91, кв. 140",+71716445561,77.8,62.5,63.4,57.6,,,,,61.166666666666664,67.6,False
Семенов Гремислав Ермолаевич,М,2022,очная,Физика,"клх Красноселькуп, ул. бул. Космонавтов, д. 192, кв. 78",85790647715,78.3,,,81.6,,,53.7,83.7,73.0,74.0,True
Мухина Зоя Валериевна,Ж,2022,очно-заочная,Экономика,"с. Байкальск, ул. пр. 8-е Марта, д. 4/4, кв. 226",81030021563,73.1,,,,51.5,77.5,73.6,,67.53333333333333,68.0,True
Кононова Нонна Марковна,Ж,2022,заочная,Экономика,"ст. Зеленоград, ул. пер. Парижской Коммуны, д. 2, кв. 92",+71358004010,77.8,,77.0,,54.8,,,73.5,68.43333333333334,73.1,True
Денисов Казимир Мирославович,М,2022,заочная,Информатика и вычислительная техника,"п. Невинномысск, ул. пр. Малиновый, д. 5/1, кв. 227",+71459642297,80.7,,,,52.6,70.7,70.8,,64.7,69.7,True
Наумова Тамара Исаевна,Ж,2022,очно-заочная,Медицинская биохимия,"клх Теберда, ул. ш. Гайдара, д. 38, кв. 250",+72529671883,86.4,,69.1,,,68.7,,70.5,69.43333333333334,76.0,True
Лебедева Любовь Остаповна,Ж,2022,очно-заочная,Биология,"клх Сальск, ул. бул. Дружба, д. 36, кв. 5",87745731441,83.5,78.4,80.9,,54.3,,,,71.2,75.4,True
Шестаков Виталий Эрнстович,М,2022,заочная,Физика,"с. Старая Русса, ул. алл. Радужная, д. 5, кв. 237",88331170303,90.6,65.4,,50.6,65.2,,,,60.4,69.8,False
Игнатьева Евпраксия Фирсовна,Ж,2022,очная,Химия,"ст. Морозовск, ул. бул. Королева, д. 396, кв. 143",86371539885,73.1,67.2,,,,64.9,,74.5,68.86666666666667,70.8,True
Захарова Синклитикия Кондратиевна,Ж,2022,заочная,Физика,"п. Ишим, ул. ш. Котовского, д. 318, кв. 91",+77281235679,82.9,58.0,73.4,72.2,,,,,67.86666666666667,71.4,True
Большакова Людмила Сократовна,Ж,2022,очная,Химия,"п. Малгобек, ул. пр. Коллективный, д. 4/5, кв. 226",83631462491,78.8,,,52.4,,62.7,57.8,,57.633333333333326,64.7,False
Носова Пелагея Прокофиевна,Ж,2022,очная,Прикладная математика,"клх Александровск-Сахалинский, ул. ул. Краснодарская, д. 53, кв. 23",+77113072407,90.8,70.5,,,,62.2,61.5,,64.73333333333333,74.0,True
Щербакова Анжелика Юриевна,Ж,2022,очно-заочная,История,"д. Хужир, ул. алл. Заречная, д. 796, кв. 44",87541815632,72.9,61.5,,,69.2,43.7,,,58.133333333333326,63.0,True
Суворова Ия Галактионовна,Ж,2022,очно-заочная,Химия,"г. Данков, ул. пр. Маркса, д. 145, кв. 247",88685074510,72.7,75.5,,50.8,84.5,,,,70.26666666666667,72.1,True
Кабанов Гурий Мартынович,М,2022,заочная,Прикладная математика,"с. Калязин, ул. алл. Ленинградская, д. 5/1, кв. 5",86343629489,74.1,,58.2,,,,69.4,69.8,65.8,70.0,True
Евдокимов Пантелеймон Юлиевич,М,2022,заочная,История,"д. Бугуруслан, ул. ул. Промышленная, д. 63, кв. 196",88610313100,65.0,,62.8,52.5,,70.2,,,61.833333333333336,64.0,True
Маслова Ульяна Аскольдовна,Ж,2022,очно-заочная,Физика,"д. Южноуральск, ул. алл. Элеваторная, д. 84, кв. 24",84318143966,74.5,,,51.9,,,53.1,57.4,54.13333333333333,59.4,False
Сорокина Анжелика Мефодиевна,Ж,2022,заочная,Информатика и вычислительная техника,"д. Кизел, ул. пр. Садовый, д. 960, кв. 37",81347323549,73.1,,,72.9,,,65.6,55.1,64.53333333333333,66.3,True
Веселов Зосима Лукьянович,М,2022,очно-заочная,Медицинская биохимия,"с. Ачинск, ул. наб. Ушакова, д. 7, кв. 29",+70128974325,78.6,64.6,58.1,,,79.2,,,67.3,71.4,False
Рогова Кира Карловна,Ж,2022,очно-заочная,Химия,"ст. Белоярский, ул. пр. Спартака, д. 56, кв. 56",+72257207650,79.8,,,72.0,,,65.4,64.6,67.33333333333333,73.4,True
Юдина Элеонора Николаевна,Ж,2022,заочная,Биология,"г. Амдерма, ул. пер. 40 лет Победы, д. 37, кв. 52",+74120957907,89.0,,,,71.1,69.8,52.0,,64.3,74.3,True
Белозеров Касьян Проклович,М,2022,очная,Медицинская биохимия,"с. Верхотурье, ул. пр. Шмидта, д. 23, кв. 53",+77100943882,83.4,,,74.9,68.8,,55.8,,66.5,73.8,True
Дементьева Майя Фроловна,Ж,2022,очная,Прикладная математика,"ст. Приморско-Ахтарск, ул. ул. Первомайская, д. 5, кв. 183",+71145775847,74.2,60.4,,,,65.9,,66.4,64.23333333333333,66.9,False
Меркушева Регина Радимовна,Ж,2022,очно-заочная,Прикладная математика,"с. Малая Вишера, ул. алл. Крымская, д. 565, кв. 231",+75705458971,72.3,72.3,54.2,,,,84.5,,70.33333333333333,70.7,True
Сергеев Остромир Доброславович,М,2022,заочная,Информатика и вычислительная техника,"г. Каменск-Шахтинский, ул. пр. Водопроводный, д. 8/7, кв. 134",+78026325703,80.7,,,,62.6,74.2,,49.0,61.93333333333334,68.4,True
Гусева Акулина Измаиловна,Ж,2022,очная,Биология,"с. Радужный, ул. ш. Речное, д. 4/5, кв. 155",86531361487,69.8,,53.2,,,77.8,,58.9,63.300000000000004,64.2,False
Субботина Зоя Богдановна,Ж,2022,очно-заочная,Экономика,"п. Юрюзань, ул. ул. Литейная, д. 2/8, кв. 84",82455696443,88.7,71.4,,84.8,,,61.8,,72.66666666666667,76.4,True
Сергеева Евфросиния Никоновна,Ж,2022,очно-заочная,Прикладная математика,"г. Тихорецк, ул. пер. Гончарова, д. 417, кв. 45",+79859167954,84.8,,,60.5,54.4,,,80.1,65.0,73.7,True
Белова Валентина Арсениевна,Ж,2022,заочная,Физика,"клх Ишим, ул. ул. Радужная, д. 9, кв. 57",+70727284982,74.9,,64.8,,68.3,,,67.7,66.93333333333334,68.7,False
Хохлова Олимпиада Аполлинариевна,Ж,2022,заочная,Биология,"к. Курганинск, ул. ш. Черемуховое, д. 472, кв. 69",+77414070349,67.4,,,46.0,,,66.5,65.5,59.333333333333336,61.1,False
Мамонтов Александр Никонович,М,2022,очно-заочная,Экономика,"с. Нарткала, ул. ш. Курортное, д. 5/8, кв. 146",+70740650042,85.8,74.1,,,,,55.7,56.8,62.20000000000001,68.8,True
Фадеева Светлана Борисовна,Ж,2022,очная,Информатика и вычислительная техника,"п. Новороссийск, ул. ш. Кирова, д. 4, кв. 97",84882142369,77.0,50.2,,,75.6,,,62.9,62.9,69.5,True
Белоусов Василий Янович,М,2022,заочная,Информатика и вычислительная техника,"с. Устюжна, ул. пер. Дачный, д. 8, кв. 45",+74307536661,85.1,,,63.8,,65.0,,76.6,68.46666666666667,74.6,True
Михайлов Герман Никитович,М,2022,заочная,История,"д. Рязань, ул. бул. Физкультурный, д. 600, кв. 59",+74942965923,68.1,,,,62.1,73.7,,71.6,69.13333333333334,69.4,True
Данилова Ксения Иосифовна,Ж,2022,заочная,Прикладная математика,"клх Мичуринск, ул. пр. Флотский, д. 71, кв. 186",+72683441497,74.1,58.6,,54.3,,,,52.6,55.166666666666664,63.4,False
Зуева Ия Ярославовна,Ж,2022,очная,Медицинская биохимия,"п. Москва, ул. ш. Юбилейное, д. 893, кв. 137",82661287585,77.7,,75.3,,,,92.4,47.7,71.8,73.2,True
Титов Владлен Степанович,М,2022,очная,Физика,"к. Ростов, ул. ул. Маяковского, д. 7/2, кв. 76",85676670806,78.0,51.4,65.5,,,,70.1,,62.333333333333336,68.3,False
Новиков Данила Ананиевич,М,2022,очно-заочная,Экономика,"с. Териберка, ул. пер. Васильковый, д. 4, кв. 118",+72943985298,75.0,,,,74.0,65.5,60.4,,66.63333333333334,67.7,True
Самойлова Людмила Любосмысловна,Ж,2022,заочная,Прикладная математика,"с. Оймякон, ул. ул. Микрорайон, д. 7, кв. 66",84062607870,81.4,40.0,,,68.5,71.0,,,59.833333333333336,66.1,False
Абрамов Савелий Тимурович,М,2022,очная,Биология,"ст. Снежинск, ул. алл. Коминтерна, д. 96, кв. 237",+70415914975,71.3,58.7,67.3,,,53.0,,,59.666666666666664,65.1,False
Хохлов Ким Проклович,М,2022,очная,Медицинская биохимия,"к. Макаров, ул. бул. Базарный, д. 9, кв. 192",+71980382872,76.8,,,97.0,69.7,,58.1,,74.93333333333332,76.7,True
Лыткин Всемил Тимурович,М,2022,заочная,Прикладная математика,"г. Дудинка, ул. пр. Шишкина, д. 29, кв. 3",+72440793110,78.4,71.2,,,,,76.4,69.3,72.30000000000001,73.8,True
Капустин Демьян Эдуардович,М,2022,очная,Прикладная математика,"к. Бавлы, ул. бул. Смирнова, д. 1/5, кв. 250",+79181331708,80.8,,73.2,,,57.4,84.6,,71.73333333333333,74.4,True
Евдокимов Ратибор Феоктистович,М,2022,очно-заочная,Прикладная математика,"к. Приозерск, ул. ш. Панфилова, д. 450, кв. 181",86014672384,82.0,,,,,56.6,69.9,71.3,65.93333333333334,71.7,True
Назаров Платон Творимирович,М,2022,очная,История,"с. Курганинск, ул. пр. Высоковольтный, д. 70, кв. 124",87916202232,71.0,,58.1,,,59.0,,61.6,59.56666666666666,61.6,False
Бурова Ксения Милановна,Ж,2022,очная,История,"клх Каспийск, ул. ул. Черемушки, д. 2/9, кв. 239",88377441975,68.5,69.9,,,50.1,,73.1,,64.36666666666666,64.8,True
Потапов Светозар Зосимович,М,2022,очно-заочная,Химия,"п. Ишим, ул. пр. Халтурина, д. 5/2, кв. 158",+76617662047,85.4,52.0,,62.8,53.0,,,,55.93333333333334,65.1,False
Зуева Анна Леоновна,Ж,2022,заочная,Физика,"ст. Тобольск, ул. пр. Тукая, д. 6/4, кв. 129",+79609409705,79.7,60.9,84.3,,,,60.4,,68.53333333333333,71.4,True
Тихонова Майя Казимировна,Ж,2022,очная,Медицинская биохимия,"клх Шатки, ул. ш. Шоссейное, д. 8/4, кв. 147",+77740258835,73.2,,,,,46.5,72.1,62.5,60.36666666666667,66.1,False
Антонов Герман Автономович,М,2022,очно-заочная,Физика,"п. Междуреченский, ул. бул. Краснодарский, д. 7/1, кв. 190",86812259572,87.0,,,,48.7,,86.5,78.3,71.16666666666667,75.8,True
Галкина Агата Всемиловна,Ж,2022,заочная,Физика,"ст. Мостовской, ул. ш. Рабочее, д. 3, кв. 36",+74617679298,78.4,,71.3,,,45.3,,83.8,66.8,69.6,False
Дмитриева Любовь Рюриковна,Ж,2022,очно-заочная,Прикладная математика,"клх Серебряные Пруды, ул. ул. Васильковая, д. 2/9, кв. 222",84259959961,84.8,69.3,,41.2,59.8,,,,56.76666666666667,66.6,False
Кузнецова Синклитикия Селиверстовна,Ж,2022,очная,Информатика и вычислительная техника,"клх Саров (Морд.), ул. ул. Плеханова, д. 4/3, кв. 215",+70231177533,78.1,73.5,,,66.0,,66.1,,68.53333333333333,73.3,True
Петухов Самсон Авксентиевич,М,2022,очно-заочная,Физика,"ст. Братск, ул. пр. Тополиный, д. 373, кв. 197",+72661094101,90.1,,61.0,,,,51.3,50.9,54.4,65.9,False
Лаврентьев Петр Кузьмович,М,2022,очная,Экономика,"клх Хасавюрт, ул. ш. Большое, д. 2/9, кв. 40",85902517629,88.2,,,,62.6,71.0,54.0,,62.53333333333333,69.8,True
Жуков Эдуард Аверьянович,М,2022,заочная,История,"клх Мостовской, ул. ш. Одесское, д. 27, кв. 118",83347743326,76.2,,,,,67.7,54.6,70.6,64.3,67.9,True
Давыдов Трофим Евгениевич,М,2022,заочная,Биология,"д. Ревда (Сверд.), ул. ш. Свердлова, д. 3, кв. 104",83190130205,83.5,,50.2,64.3,,,61.5,,58.666666666666664,68.3,False
Бобылева Надежда Феликсовна,Ж,2022,очно-заочная,Физика,"п. Артем, ул. алл. Белорусская, д. 535, кв. 176",89815287339,81.6,,,62.7,,58.1,,88.5,69.76666666666667,74.1,True
Афанасьев Поликарп Ипатович,М,2022,очная,Медицинская биохимия,"г. Липецк, ул. наб. Правды, д. 1/7, кв. 154",88559821766,85.9,,,,,77.5,75.4,52.5,68.46666666666667,75.8,True
Терентьев Гремислав Никитович,М,2022,заочная,Экономика,"г. Югорск, ул. наб. Октября, д. 60, кв. 67",+79128411730,71.9,63.9,,,70.2,83.6,,,72.56666666666666,74.2,True
Полякова Марина Каллистратовна,Ж,2022,очно-заочная,Биология,"к. Кирово-Чепецк, ул. пер. Литейный, д. 30, кв. 201",88503446512,81.8,,74.6,65.8,,64.3,,,68.23333333333333,74.2,True
Родионов Богдан Ярославович,М,2022,заочная,Прикладная математика,"с. Углич, ул. ул. Зои Космодемьянской, д. 9/1, кв. 99",+71893898469,84.1,,,,59.8,77.7,55.4,,64.3,71.6,True
Михеев Изяслав Юлиевич,М,2022,заочная,Прикладная математика,"клх Курумкан, ул. бул. Минский, д. 158, кв. 27",+78197400564,67.1,64.7,54.8,,,,66.2,,61.9,63.7,False
Бобров Ким Твердиславович,М,2022,очная,Физика,"клх Краснодар, ул. ш. Морское, д. 450, кв. 241",+75023850371,70.6,68.7,,,,58.4,73.3,,66.8,66.3,False
Тихонова Ираида Евгениевна,Ж,2022,заочная,Прикладная математика,"ст. Баргузин, ул. ул. Металлургов, д. 792, кв. 162",89051699187,65.5,71.9,,,43.0,,67.1,,60.666666666666664,64.3,False
Королев Архип Всемилович,М,2022,заочная,Медицинская биохимия,"г. Светлогорск (Калин.), ул. ул. Одесская, д. 188, кв. 133",+74010783567,76.1,,62.8,,64.7,75.3,,,67.60000000000001,70.1,False
Макарова Кира Ратиборовна,Ж,2022,очная,История,"с. Ессентуки, ул. пр. Кавказский, д. 79, кв. 141",+73000389608,82.0,,,62.5,,48.9,72.4,,61.26666666666667,67.1,True
Савельева Юлия Кимовна,Ж,2022,заочная,Медицинская биохимия,"клх Майкоп, ул. ш. Горького, д. 1, кв. 170",80662668217,86.7,,,60.1,,61.4,55.0,,58.833333333333336,69.3,False
Емельянова Юлия Евгениевна,Ж,2022,заочная,История,"с. Домодедово, ул. пер. 9 мая, д. 3, кв. 165",+79553560331,78.1,,,59.9,,,41.7,62.9,54.833333333333336,62.1,False
Соколова Лидия Георгиевна,Ж,2022,очная,Физика,"клх Кыштым, ул. ул. Фабричная, д. 9/1, кв. 109",80368900301,87.5,,,67.8,72.1,,75.9,,71.93333333333332,77.7,True
Лыткина Алла Творимировна,Ж,2022,очная,Биология,"клх Шатура, ул. пр. Рябиновый, д. 77, кв. 101",+72724055934,69.4,,,67.0,,,64.3,50.3,60.53333333333334,64.0,False
Герасимов Азарий Варфоломеевич,М,2022,заочная,Химия,"г. Усть-Кут, ул. ул. Запрудная, д. 239, кв. 117",+79671114837,67.5,67.8,,,52.9,,,67.6,62.76666666666666,64.2,False
Федотова Ия Владленовна,Ж,2022,заочная,Прикладная математика,"клх Игарка, ул. пр. Омский, д. 5, кв. 69",83745843845,77.4,,81.8,,68.8,65.1,,,71.89999999999999,75.2,True
Артемьева Нинель Авксентиевна,Ж,2022,заочная,Биология,"к. Шали, ул. пр. Воронежский, д. 6, кв. 134",88105697413,80.0,,60.7,,76.2,,74.9,,70.60000000000001,72.9,True
Тарасова Елизавета Георгиевна,Ж,2022,заочная,Химия,"г. Ведено, ул. алл. Заречная, д. 3, кв. 77",+78348315203,77.5,,,52.2,77.0,,71.3,,66.83333333333333,70.4,True
Горшков Агафон Ерофеевич,М,2022,очно-заочная,Информатика и вычислительная техника,"клх Одинцово, ул. алл. Макаренко, д. 391, кв. 245",87107044964,65.3,,63.4,77.3,,,68.1,,69.6,68.2,True
Гаврилова Лукия Леонтиевна,Ж,2022,заочная,Химия,"с. Ногинск (Моск.), ул. алл. Зеленая, д. 58, кв. 146",+70496706670,77.2,,,62.4,70.6,,,65.8,66.26666666666667,70.7,True
Давыдова Полина Ростиславовна,Ж,2022,очная,Биология,"с. Бийск, ул. алл. Достоевского, д. 1/3, кв. 236",+73626804085,69.9,66.7,,,83.3,65.8,,,71.93333333333334,72.4,True
Суханов Амос Болеславович,М,2022,очная,Биология,"п. Оймякон, ул. наб. Запрудная, д. 1, кв. 91",+79549305966,81.7,72.6,,71.8,,,65.8,,70.06666666666666,73.7,True
Павлова Вероника Карловна,Ж,2022,очная,Медицинская биохимия,"п. Рославль, ул. наб. О.Кошевого, д. 687, кв. 200",+71864876998,79.9,,56.7,68.0,,82.9,,,69.2,73.5,True
Богданова Марфа Тихоновна,Ж,2022,очная,Химия,"клх Амурск, ул. алл. Ушакова, д. 9, кв. 140",+72673204413,72.1,,57.7,,,59.1,60.4,,59.06666666666667,62.2,False
Королев Рюрик Евдокимович,М,2022,заочная,Информатика и вычислительная техника,"г. Нижний Тагил, ул. ш. Микрорайон, д. 4/9, кв. 95",84596094544,74.6,,,65.3,,57.0,,55.3,59.199999999999996,66.3,True
Зыкова Зоя Наумовна,Ж,2022,заочная,Биология,"клх Петропавловск-Камчатский, ул. пр. Деповский, д. 42, кв. 110",80149542770,71.3,,,,,71.3,55.3,64.3,63.633333333333326,65.8,False
Ильин Агап Ипатович,М,2022,очно-заочная,Экономика,"с. Печенга, ул. ш. Надежды, д. 5/2, кв. 34",80705783609,77.3,80.0,,,74.3,,54.2,,69.5,73.1,True
Мамонтова Мария Прововна,Ж,2022,заочная,Медицинская биохимия,"д. Минеральные Воды, ул. пер. Водников, д. 12, кв. 244",+74985172444,83.4,,,,,60.9,69.4,78.0,69.43333333333334,72.4,True
Зиновьева Зинаида Ананиевна,Ж,2022,очная,Прикладная математика,"п. Шенкурск, ул. пер. Красина, д. 72, кв. 145",82322903102,71.8,,,74.8,51.1,70.0,,,65.3,66.4,False
Рыбакова Евпраксия Валентиновна,Ж,2022,заочная,Биология,"г. Оренбург, ул. пр. Розы Люксембург, д. 779, кв. 46",87950830440,80.7,,,48.8,59.0,,,70.6,59.46666666666666,66.8,False
Харитонов Спиридон Емельянович,М,2022,очно-заочная,Экономика,"к. Октябрьское (Хант.), ул. пер. Поселковый, д. 63, кв. 193",88093511871,74.5,,52.9,,71.8,74.0,,,66.23333333333333,70.6,True
Колесников Савватий Леонтиевич,М,2022,заочная,Прикладная математика,"ст. Петропавловск-Камчатский, ул. пер. Металлистов, д. 8/3, кв. 96",81335956164,72.9,,,48.6,77.0,48.6,,,58.06666666666666,63.4,False
Яковлев Любомир Андроникович,М,2022,заочная,Информатика и вычислительная техника,"г. Малоярославец, ул. ул. Лазурная, д. 9, кв. 45",+70595565749,77.1,69.4,,,75.2,,54.8,,66.46666666666668,71.9,True
Галкин Ульян Виталиевич,М,2022,очная,История,"д. Красногорск (Моск.), ул. пер. Лазурный, д. 953, кв. 191",+72504290193,71.5,,54.4,65.6,,69.8,,,63.26666666666667,66.1,True
Трофимова Зоя Лаврентиевна,Ж,2022,очно-заочная,История,"ст. Шатой, ул. ул. Поселковая, д. 16, кв. 8",88895369026,74.4,65.4,,49.9,,,44.9,,53.400000000000006,60.7,False
Денисов Евстафий Антонинович,М,2022,заочная,Физика,"г. Льгов, ул. наб. Клубная, д. 7/3, кв. 216",+71398986818,70.5,,57.1,,53.8,,64.2,,58.366666666666674,61.1,False
Туров Ерофей Вениаминович,М,2023,заочная,Медицинская биохимия,"ст. Мезень, ул. бул. Моховой, д. 249, кв. 56",+79788754394,89.8,76.1,,,65.4,,,63.2,68.23333333333333,77.0,True
Калашников Измаил Платонович,М,2023,очно-заочная,Медицинская биохимия,"г. Анадырь, ул. алл. Мая 1, д. 3, кв. 231",+75353751376,78.2,,,,66.0,,64.7,75.2,68.63333333333333,71.0,False
Попова Лидия Гуриевна,Ж,2023,заочная,История,"п. Аршан (Бурят.), ул. пер. Демьяна Бедного, д. 7, кв. 77",81588157937,73.8,69.0,,,73.0,,,51.6,64.53333333333333,69.4,True
Логинова Ирина Виссарионовна,Ж,2023,очно-заочная,Физика,"клх Двинской, ул. наб. Заречная, д. 3, кв. 15",83928369294,79.3,,57.6,,,,73.2,54.3,61.70000000000001,69.5,True
Вишнякова Марфа Ильовна,Ж,2023,очно-заочная,Экономика,"п. Нарым, ул. ш. Инженерное, д. 797, кв. 110",+75511668297,77.3,71.7,,60.4,,,61.2,,64.43333333333334,70.7,True
Лыткина Агафья Андрониковна,Ж,2023,очная,Прикладная математика,"д. Кудымкар, ул. пер. Юности, д. 99, кв. 236",+72702164871,76.7,52.2,,,,,79.8,78.1,70.03333333333333,72.4,True
Шарова Фаина Савелиевна,Ж,2023,заочная,Информатика и вычислительная техника,"клх Нязепетровск, ул. пр. Украинский, д. 617, кв. 63",+70602128866,81.7,,,,67.3,76.2,66.9,,70.13333333333334,74.9,True
Степанов Эдуард Мокеевич,М,2023,очно-заочная,Прикладная математика,"с. Энгельс, ул. пр. Глинки, д. 686, кв. 123",82683415599,82.5,,71.4,,84.3,78.2,,,77.96666666666665,80.7,True
Крылов Бронислав Глебович,М,2023,очно-заочная,Информатика и вычислительная техника,"ст. Любань, ул. ш. Лесное, д. 4, кв. 204",81015767647,74.8,,67.1,,,,70.5,71.6,69.73333333333333,70.0,True
Тарасова Полина Яновна,Ж,2023,очно-заочная,Химия,"с. Красноуфимск, ул. ул. Ростовская, д. 4, кв. 247",+72981209957,74.5,,66.2,,,80.8,56.7,,67.89999999999999,70.6,True
Тетерина Лукия Ярославовна,Ж,2023,очная,Биология,"клх Калязин, ул. пр. Куйбышева, д. 2/1, кв. 14",85728941347,76.3,69.3,,54.2,,,,76.8,66.76666666666667,68.2,False
Семенов Аристарх Мирович,М,2023,заочная,Информатика и вычислительная техника,"с. Таганрог, ул. алл. Краснодарская, д. 175, кв. 58",80988986456,64.2,,52.2,,43.2,,,66.1,53.833333333333336,57.5,False
Филатова Виктория Терентиевна,Ж,2023,очная,Информатика и вычислительная техника,"г. Чайковский, ул. ш. Республиканское, д. 225, кв. 152",82203684995,68.9,,,,,72.9,63.8,69.7,68.8,67.5,False
Гусева Валентина Севастьяновна,Ж,2023,очная,Медицинская биохимия,"д. Стерлитамак, ул. алл. Союзная, д. 1/4, кв. 77",+75421447732,86.2,,84.8,61.9,,60.0,,,68.89999999999999,73.7,True
Филиппов Игорь Федосиевич,М,2023,очно-заочная,Химия,"ст. Магадан, ул. ш. Гоголя, д. 8, кв. 74",+74913421388,87.9,83.5,,59.3,,,80.4,,74.4,78.6,True
Константинова Любовь Порфириевна,Ж,2023,очно-заочная,Медицинская биохимия,"ст. Курумкан, ул. пр. Автомобилистов, д. 778, кв. 222",+70908830705,76.5,,76.5,,,,64.7,83.2,74.8,75.1,True
Лебедева Евдокия Наркисовна,Ж,2023,очно-заочная,Медицинская биохимия,"ст. Кимры, ул. наб. Песчаная, д. 676, кв. 20",+74967827411,81.5,55.1,55.3,,80.2,,,,63.53333333333334,70.3,False
Владимирова Людмила Всеволодовна,Ж,2023,очно-заочная,Медицинская биохимия,"ст. Соликамск, ул. бул. Озерный, д. 2, кв. 124",86741241513,79.9,,73.0,80.3,,,57.5,,70.26666666666667,71.9,True
Мясникова Зоя Андроновна,Ж,2023,очная,Прикладная математика,"клх Завьялиха, ул. ш. Белинского, д. 745, кв. 50",+75285478150,96.5,,62.0,60.0,87.6,,,,69.86666666666666,79.2,True
Крюков Святослав Порфириевич,М,2023,очно-заочная,Физика,"г. Шенкурск, ул. ш. Уральское, д. 9, кв. 1",81853800329,84.7,,,76.7,,,63.9,81.0,73.86666666666666,76.4,True
Анисимова Тамара Титовна,Ж,2023,заочная,Химия,"к. Урюпинск, ул. бул. Крестьянский, д. 557, кв. 70",83347272742,77.2,72.4,,65.1,,,,65.9,67.8,71.4,True
Пономарев Селиван Ферапонтович,М,2023,очная,Прикладная математика,"клх Норильск, ул. алл. Огородная, д. 1/8, кв. 211",+71830617893,72.3,,65.1,,41.0,72.5,,,59.53333333333333,64.6,False
Некрасова Евгения Миленовна,Ж,2023,очно-заочная,Химия,"г. Белогорск (Амур.), ул. наб. Заречная, д. 50, кв. 82",+70649693578,68.4,68.4,,63.0,,56.3,,,62.56666666666666,64.8,True
Гурьева Лидия Руслановна,Ж,2023,заочная,Прикладная математика,"г. Улан-Удэ, ул. наб. Пролетарская, д. 99, кв. 39",+74347769587,79.2,,60.9,,,,77.7,78.0,72.2,75.6,True
Беспалова Ирина Эммануиловна,Ж,2023,очно-заочная,Биология,"г. Улан-Удэ, ул. ул. Санаторная, д. 7/3, кв. 197",+71314675361,73.5,,55.8,67.8,64.4,,,,62.666666666666664,65.8,False
Сорокин Фадей Архипович,М,2023,заочная,Физика,"п. Токсово, ул. наб. Маркса, д. 1, кв. 169",+77515627796,69.5,67.4,,55.0,65.4,,,,62.6,66.1,False
Степанова Светлана Радимовна,Ж,2023,очно-заочная,История,"д. Ульяновск, ул. ул. Деповская, д. 6/3, кв. 156",+70448360854,74.1,,,69.9,56.2,68.1,,,64.73333333333333,67.7,True
Зыкова Кира Каллистратовна,Ж,2023,очно-заочная,Медицинская биохимия,"г. Онега, ул. наб. Николаева, д. 43, кв. 88",86676640473,71.5,59.8,57.0,,,77.6,,,64.8,67.1,False
Громова София Радовановна,Ж,2023,очная,Прикладная математика,"п. Камышлов, ул. ул. Окружная, д. 5/5, кв. 218",80476392831,88.1,,,71.9,,,63.8,68.6,68.1,75.7,True
Носов Август Сильвестрович,М,2023,очно-заочная,Химия,"д. Терскол, ул. ул. Космодемьянской, д. 1/9, кв. 185",89529800615,83.3,,,72.0,61.9,,,63.8,65.89999999999999,70.1,True
Гурьева Марина Доброславовна,Ж,2023,заочная,Медицинская биохимия,"г. Шамары, ул. алл. Дачная, д. 299, кв. 139",88108358328,78.0,67.7,57.5,,,,,63.2,62.800000000000004,68.7,False
Орехов Адам Михаилович,М,2023,заочная,Биология,"ст. Кизел, ул. ул. Звездная, д. 72, кв. 97",83425563830,86.9,53.8,,,60.3,,,65.2,59.76666666666667,69.7,True
Журавлев Якуб Любимович,М,2023,очная,Информатика и вычислительная техника,"г. Нарткала, ул. пер. Томский, д. 9, кв. 13",+70818670244,78.5,65.4,,58.4,64.7,,,,62.833333333333336,67.6,False
Прохорова Ангелина Тимофеевна,Ж,2023,очно-заочная,Биология,"п. Петрозаводск, ул. алл. Производственная, д. 719, кв. 9",+73304166241,72.8,,73.0,56.7,74.2,,,,67.96666666666665,68.0,False
Пономарев Никанор Станиславович,М,2023,очная,Прикладная математика,"с. Ершов, ул. алл. Пролетарская, д. 4, кв. 154",+71860089219,87.1,,,48.8,,58.2,,56.2,54.4,64.2,False
Комиссаров Сергей Устинович,М,2023,очно-заочная,Медицинская биохимия,"клх Алагир, ул. пр. Беляева, д. 6, кв. 183",83945680447,81.2,,,62.5,56.6,,53.9,,57.666666666666664,67.6,False
Костина Виктория Кондратовна,Ж,2023,очная,Прикладная математика,"к. Сочи, ул. бул. Коммунальный, д. 23, кв. 114",+71497646136,71.8,59.0,62.2,,,,,74.7,65.3,68.3,True
Исаков Любомир Любимович,М,2023,очно-заочная,Экономика,"к. Охотск, ул. бул. Уральский, д. 4, кв. 148",84748836076,76.9,,53.5,,,58.0,,65.9,59.13333333333333,63.9,True
Белова Валерия Станимировна,Ж,2023,очно-заочная,Информатика и вычислительная техника,"с. Ступино, ул. ш. Красина, д. 3/7, кв. 47",88173906375,72.7,66.5,,,,61.0,69.5,,65.66666666666667,67.6,False
Соловьев Артем Владиславович,М,2023,очная,Химия,"к. Чебаркуль, ул. пр. Центральный, д. 4, кв. 250",89145211823,69.7,,60.0,,71.0,,48.5,,59.833333333333336,63.7,False
Уваров Денис Амосович,М,2023,очная,Физика,"п. Оренбург, ул. ул. Мичурина, д. 825, кв. 209",89312697893,83.6,64.9,,,,,68.6,96.5,76.66666666666667,80.4,True
Киселева Евпраксия Святославовна,Ж,2023,очная,Прикладная математика,"г. Кашхатау, ул. пр. Юности, д. 750, кв. 61",+77464520599,89.5,,,42.6,66.9,,,56.0,55.166666666666664,65.4,False
Комарова Евдокия Амосовна,Ж,2023,очная,Информатика и вычислительная техника,"с. Пенза, ул. алл. Блюхера, д. 350, кв. 188",80438787535,69.6,59.9,,,59.5,,72.8,,64.06666666666666,64.9,False
Носкова Ульяна Никаноровна,Ж,2023,очно-заочная,Физика,"клх Яшкуль, ул. пр. Физкультурный, д. 298, кв. 3",87881161620,81.4,58.3,64.5,,,,59.7,,60.833333333333336,69.6,True
Назаров Селиван Ярополкович,М,2023,очно-заочная,Информатика и вычислительная техника,"д. Балашиха, ул. пер. Стадионный, д. 40, кв. 164",+78123710672,74.1,,66.3,,,82.0,,84.2,77.5,74.3,True
Сидорова Феврония Антиповна,Ж,2023,заочная,Физика,"п. Ноглики, ул. алл. Солнечная, д. 6, кв. 41",87286604164,75.1,69.0,70.6,,,,75.8,,71.8,71.8,True
Полякова Майя Эрнстовна,Ж,2023,очно-заочная,Экономика,"ст. Сковородино, ул. ш. Степана Разина, д. 6/4, кв. 220",+78595922483,74.4,,,67.9,47.2,,,59.7,58.26666666666667,65.7,True
Попова Анжела Емельяновна,Ж,2023,очная,История,"д. Казань, ул. пр. Дачный, д. 798, кв. 12",85894773522,72.8,,,69.6,66.9,50.9,,,62.46666666666667,66.5,True
Гущина Пелагея Богдановна,Ж,2023,очная,Химия,"ст. Сладково, ул. наб. 8-е Марта, д. 6, кв. 66",87056227104,78.3,,75.1,82.7,,,63.3,,73.7,74.4,True
Брагина Октябрина Аркадиевна,Ж,2023,очно-заочная,Физика,"клх Чита, ул. алл. Московская, д. 5, кв. 192",+73187510979,73.0,74.0,,66.3,,,62.0,,67.43333333333334,67.6,False
Наумова Майя Павеловна,Ж,2023,заочная,История,"клх Лотошино, ул. наб. Хвойная, д. 118, кв. 162",+71583503446,79.6,,,45.8,,,80.5,59.9,62.06666666666666,66.3,False
Евсеева Маргарита Арефиевна,Ж,2023,заочная,Физика,"клх Уссурийск, ул. пер. 30 лет Победы, д. 6, кв. 136",84596488319,77.7,,,66.1,,61.5,,58.5,62.03333333333333,66.5,False
Федотов Яков Стоянович,М,2023,очно-заочная,Химия,"к. Липецк, ул. ш. Тургенева, д. 7/3, кв. 222",+71342491289,76.6,80.7,83.1,88.0,,,,,83.93333333333334,82.9,True
Гурьева Алина Аскольдовна,Ж,2023,очная,Прикладная математика,"д. Обнинск, ул. алл. Волжская, д. 8/1, кв. 81",85999497320,72.6,,71.4,48.0,65.2,,,,61.53333333333334,65.1,False
Воробьев Лазарь Ермолаевич,М,2023,очная,Информатика и вычислительная техника,"с. Александровск, ул. алл. Глинки, д. 562, кв. 139",+73192227051,74.5,49.0,,,78.2,,,67.6,64.93333333333334,69.2,True
Белов Спартак Варлаамович,М,2023,очно-заочная,История,"г. Северобайкальск, ул. ул. Чапаева, д. 3/7, кв. 231",+72876754813,82.5,,,,57.9,58.7,,62.6,59.73333333333333,69.4,True
Лукина Елизавета Никандровна,Ж,2023,заочная,Медицинская биохимия,"г. Гусь-Хрустальный, ул. алл. К.Маркса, д. 658, кв. 7",86667548581,81.0,,,62.5,,63.2,61.0,,62.23333333333333,68.4,False
Григорьев Евграф Степанович,М,2023,очно-заочная,Химия,"к. Камышин, ул. бул. Новый, д. 273, кв. 109",83242687741,72.1,,50.2,,,,64.2,73.4,62.6,64.7,True
Ермаков Ипат Ярославович,М,2023,очно-заочная,Прикладная математика,"ст. Витим, ул. наб. Олега Кошевого, д. 858, кв. 147",86520575639,78.6,,62.8,,53.1,,73.6,,63.166666666666664,68.6,True
Наумов Денис Федосиевич,М,2023,очно-заочная,Химия,"к. Губкинский, ул. алл. Ореховая, д. 2, кв. 54",83652037583,82.5,,75.5,,63.2,70.0,,,69.56666666666666,75.7,True
Дементьев Павел Вацлавович,М,2023,очно-заочная,Прикладная математика,"д. Муром, ул. наб. Щербакова, д. 1, кв. 182",+79451548094,68.0,49.8,,,,71.0,60.2,,60.333333333333336,64.2,False
Ефимов Флорентин Ратмирович,М,2023,очная,Экономика,"к. Норильск, ул. алл. Фестивальная, д. 8, кв. 150",+74760440907,81.3,,,69.9,64.1,,74.1,,69.36666666666666,71.8,True
Доронин Парфен Василиевич,М,2023,очная,Экономика,"к. Сковородино, ул. ул. Российская, д. 7/5, кв. 217",87727810509,74.0,56.9,,,,73.6,,58.8,63.1,67.7,True
Вишняков Гурий Дмитриевич,М,2023,очно-заочная,История,"д. Качканар, ул. пр. Тургенева, д. 2/9, кв. 61",+72216107051,81.4,,73.0,,,,63.4,71.0,69.13333333333334,73.7,True
Власов Ульян Силантиевич,М,2023,заочная,Информатика и вычислительная техника,"к. Шереметьево, ул. пр. Путевой, д. 7/9, кв. 245",84390552958,73.4,,,,43.6,61.0,,63.1,55.9,63.7,False
Прохоров Мартын Глебович,М,2023,очно-заочная,Экономика,"к. Снежногорск (Мурм.), ул. ул. Производственная, д. 87, кв. 206",+76601382412,67.2,,59.7,,,,59.7,58.4,59.26666666666667,60.5,True
Моисеев Творимир Провович,М,2023,очная,Физика,"д. Кунгур, ул. алл. Лесная, д. 392, кв. 7",80493862044,68.2,41.9,,,64.7,67.8,,,58.133333333333326,61.8,False
Лихачева Людмила Луковна,Ж,2023,очная,История,"с. Сунтар, ул. алл. Тамбовская, д. 82, кв. 55",85157919711,78.3,,47.9,,,,54.5,65.8,56.06666666666666,65.4,False
Большаков Ульян Мокеевич,М,2023,заочная,Физика,"п. Ханты-Мансийск, ул. ш. Черемушки, д. 5, кв. 11",+72125902035,79.6,56.6,40.0,,,58.0,,,51.53333333333333,61.0,False
Фадеев Остромир Петрович,М,2023,очно-заочная,Химия,"ст. Ухта, ул. алл. Космонавтов, д. 72, кв. 240",81343240642,72.6,,,59.6,81.0,,73.2,,71.26666666666667,71.7,True
Кошелева Лидия Иларионовна,Ж,2023,очная,Прикладная математика,"с. Южно-Курильск, ул. ш. Техническое, д. 3, кв. 113",+72956334324,81.8,47.2,,,70.2,,70.4,,62.6,67.6,True
Некрасова Татьяна Ермиловна,Ж,2023,очная,Прикладная математика,"п. Юрьев-Польский, ул. бул. Большой, д. 68, кв. 167",+77417595587,68.0,68.5,,,70.6,100.0,,,79.7,74.7,True
Комиссарова Марина Ульяновна,Ж,2023,очно-заочная,Биология,"г. Дербент, ул. алл. Саратовская, д. 591, кв. 177",+70962893654,77.6,42.2,,,82.6,,62.2,,62.333333333333336,67.0,False
Денисов Ираклий Радиславович,М,2023,очно-заочная,Информатика и вычислительная техника,"г. Ревда (Сверд.), ул. пер. Севастопольский, д. 92, кв. 72",+75884183437,70.7,64.6,,,,,69.0,57.3,63.633333333333326,67.9,True
Кондратьев Прохор Никонович,М,2023,заочная,Информатика и вычислительная техника,"п. Катав-Ивановск, ул. наб. Культуры, д. 999, кв. 39",+70182727955,74.1,50.9,,60.9,,,70.5,,60.76666666666667,64.6,False
Владимиров Август Ананиевич,М,2023,заочная,Информатика и вычислительная техника,"ст. Старый Оскол, ул. наб. Ломоносова, д. 654, кв. 33",86905150267,78.3,61.5,75.9,,,,57.0,,64.8,69.4,True
Кириллова Ия Аггеевна,Ж,2023,заочная,Биология,"г. Саров (Морд.), ул. наб. Спартака, д. 438, кв. 32",85125427820,72.8,,55.8,,,73.0,,61.1,63.300000000000004,67.3,False
Кузьмин Спартак Ладиславович,М,2023,очно-заочная,Информатика и вычислительная техника,"г. Палана, ул. ш. Балтийское, д. 33, кв. 48",89799667345,75.7,,,69.4,,75.2,,59.2,67.93333333333334,69.3,True
Петухов Аверьян Ефремович,М,2023,очно-заочная,Экономика,"клх Ейск, ул. алл. 8-е Марта, д. 8/8, кв. 56",85764038166,84.0,71.0,,,84.9,,63.2,,73.03333333333335,76.8,True
Гордеева Екатерина Луковна,Ж,2023,заочная,История,"г. Псков, ул. бул. 1 Мая, д. 566, кв. 187",+79690282498,74.5,,82.5,,63.9,73.0,,,73.13333333333334,74.6,True
Мамонтова Акулина Кирилловна,Ж,2023,очная,Медицинская биохимия,"г. Саров (Морд.), ул. ул. Портовая, д. 1, кв. 61",+79225014257,83.0,57.6,64.9,,75.5,,,,66.0,73.4,True
Панфилова Таисия Федоровна,Ж,2023,очная,Физика,"ст. Асино, ул. наб. Комарова, д. 99, кв. 204",82702324412,71.2,61.6,,,,63.1,62.3,,62.333333333333336,65.9,False
Гущин Филимон Филимонович,М,2023,очно-заочная,Физика,"п. Ясный (Оренб.), ул. наб. Промышленная, д. 174, кв. 34",+73613285072,81.2,,67.0,,,,63.2,77.8,69.33333333333333,74.2,True
Белов Герман Андреевич,М,2023,очная,Информатика и вычислительная техника,"к. Анапа, ул. бул. Блюхера, д. 6/9, кв. 43",81786376731,86.6,,62.6,,,,71.8,75.9,70.10000000000001,74.4,True
Ефимов Родион Германович,М,2023,очно-заочная,Медицинская биохимия,"с. Радужный, ул. алл. Попова, д. 162, кв. 216",82526546968,63.2,78.5,,,,58.4,78.2,,71.7,70.5,False
Белоусов Всеслав Михеевич,М,2023,заочная,Биология,"п. Пинега, ул. алл. Тукая, д. 7, кв. 227",+75790392355,73.2,,63.3,,,57.7,76.0,,65.66666666666667,66.8,False
Крылова Фаина Игоревна,Ж,2023,очно-заочная,История,"с. Бреды, ул. наб. Никитина, д. 6, кв. 153",88099613273,81.5,,,,60.7,46.8,,72.6,60.03333333333333,68.6,True
Корнилов Исай Ладимирович,М,2023,очно-заочная,Биология,"клх Черский, ул. алл. Крайняя, д. 89, кв. 192",+73461562624,76.8,67.4,57.8,,,,61.0,,62.06666666666666,66.3,False
Дроздов Вадим Нифонтович,М,2023,очно-заочная,Медицинская биохимия,"ст. Шатки, ул. ш. Сибирское, д. 9, кв. 110",+76704622681,80.2,,63.3,54.7,,,,67.1,61.699999999999996,69.9,False
Фомичева Татьяна Ерофеевна,Ж,2023,очная,История,"д. Юровск, ул. наб. Матросова, д. 449, кв. 37",81516025298,74.4,40.0,,,59.7,,,47.0,48.9,58.7,False
Владимирова Анжела Любосмысловна,Ж,2023,очно-заочная,Химия,"ст. Салехард, ул. наб. Полтавская, д. 42, кв. 250",87076604641,78.5,,77.8,,72.3,,,70.9,73.66666666666667,76.4,True
Захарова Ольга Севастьяновна,Ж,2023,очная,Прикладная математика,"с. Вологда, ул. алл. Сельская, д. 98, кв. 207",87857585126,77.1,80.2,,,,82.5,,55.7,72.8,73.2,True
Зыков Флорентин Валентинович,М,2023,заочная,История,"клх Воркута, ул. наб. Рязанская, д. 4, кв. 65",86120594389,85.0,,72.4,,,80.8,,57.9,70.36666666666666,75.3,True
Носкова Фёкла Ладимировна,Ж,2023,заочная,Прикладная математика,"г. Брянск, ул. алл. Курчатова, д. 3/3, кв. 233",86074017750,79.5,,54.0,,56.1,,61.4,,57.166666666666664,65.5,False
Гурьев Андрей Флорентинович,М,2023,очная,Информатика и вычислительная техника,"ст. Чокурдах, ул. пер. Свободы, д. 5/3, кв. 212",85465408424,80.0,,,77.2,58.2,,49.9,,61.76666666666667,69.2,True
Федорова Марина Аполлоновна,Ж,2023,очно-заочная,Физика,"к. Пермь, ул. бул. Кочубея, д. 2/9, кв. 199",86075409150,75.5,59.0,66.2,,70.1,,,,65.10000000000001,67.2,False
Шестакова Лора Платоновна,Ж,2023,заочная,Биология,"п. Карабулак, ул. пр. Клары Цеткин, д. 558, кв. 18",86321812276,75.1,,,47.2,,45.2,,71.2,54.53333333333334,63.6,False
Тетерин Панкратий Виссарионович,М,2023,очно-заочная,Информатика и вычислительная техника,"д. Белгород, ул. пр. Магистральный, д. 64, кв. 103",+75793897015,75.4,,,53.6,87.5,68.1,,,69.73333333333333,73.3,True
Дементьева Елизавета Эрастовна,Ж,2023,очная,Медицинская биохимия,"с. Цимлянск, ул. пер. Поперечный, д. 1/6, кв. 132",80291681546,80.4,,,,,65.1,72.8,78.3,72.06666666666666,74.1,True
Калашникова Агафья Наумовна,Ж,2023,очно-заочная,Прикладная математика,"клх Сасово, ул. пер. Угольный, д. 4/9, кв. 62",80241613944,75.5,,71.0,,53.5,62.7,,,62.4,68.3,True
Тимофеева Алла Станиславовна,Ж,2023,заочная,Экономика,"ст. Юровск, ул. ш. 9 Января, д. 73, кв. 206",88830597364,79.7,80.4,67.7,,70.1,,,,72.73333333333333,75.2,True
Филиппов Андроник Тимурович,М,2023,очно-заочная,Химия,"г. Урус-Мартан, ул. ул. Малая, д. 2/7, кв. 103",+74809624406,90.5,,72.8,,,,51.6,50.3,58.23333333333333,69.4,True
Алексеева Татьяна Макаровна,Ж,2023,заочная,Химия,"г. Волгоград, ул. пр. Энергетиков, д. 6, кв. 188",+70624479513,83.2,,,,,56.6,68.5,64.9,63.333333333333336,69.5,True
Игнатов Сила Ефремович,М,2023,очно-заочная,История,"клх Терней, ул. пр. Литейный, д. 8, кв. 171",+70531949796,76.0,73.6,,,,,84.6,87.5,81.89999999999999,80.2,True
Васильева Виктория Никодимовна,Ж,2023,заочная,Прикладная математика,"к. Мценск, ул. ш. Гайдара, д. 6/2, кв. 248",85867805555,85.2,62.7,63.0,,55.5,,,,60.4,70.0,True
Ситникова Нонна Чеславовна,Ж,2023,заочная,Экономика,"к. Советский, ул. пр. Прохладный, д. 700, кв. 135",82773826460,75.6,50.9,,,,61.2,,63.9,58.666666666666664,64.2,True
Селезнева Ульяна Будимировна,Ж,2023,заочная,Информатика и вычислительная техника,"к. Тотьма, ул. ш. Зои Космодемьянской, д. 14, кв. 92",81785138544,65.8,,,68.1,47.0,,,63.0,59.36666666666667,62.1,False
Горбунова Елена Корниловна,Ж,2023,очная,История,"с. Онега, ул. наб. Ореховая, д. 2, кв. 40",87702992959,72.0,,,85.0,59.1,,56.6,,66.89999999999999,69.5,True
Куликова Марфа Власовна,Ж,2023,очная,Биология,"к. Махачкала, ул. наб. Верхняя, д. 5/1, кв. 37",86048736826,66.8,,,72.3,,67.2,,56.6,65.36666666666666,66.7,False
Михайлова Лукия Савелиевна,Ж,2023,очная,Химия,"п. Тура, ул. пр. Кузнецова, д. 683, кв. 211",81163319422,75.9,,47.5,63.6,,,74.2,,61.76666666666667,64.9,True
Кононов Филимон Антипович,М,2023,очно-заочная,Химия,"ст. Байкальск, ул. бул. Вишневый, д. 1/4, кв. 105",88653694551,78.1,50.1,,,64.4,,,80.3,64.93333333333334,71.0,True
Власов Трофим Каллистратович,М,2023,очно-заочная,Биология,"г. Юрьевец (Иван.), ул. наб. Флотская, д. 93, кв. 165",88886367747,88.1,,,,77.1,57.8,,54.2,63.033333333333324,71.6,True
Власова Анжелика Сидоровна,Ж,2023,очно-заочная,Экономика,"г. Иваново, ул. ул. Буденного, д. 989, кв. 58",+72640857216,80.0,63.5,,,,,40.0,54.6,52.699999999999996,61.3,True
Носова Нина Владиславовна,Ж,2023,заочная,История,"д. Лабинск, ул. бул. Верхний, д. 14, кв. 150",86663093299,76.7,,,55.6,78.9,,72.8,,69.10000000000001,70.7,True
Трофимов Всемил Федотович,М,2023,очно-заочная,Экономика,"клх Бологое, ул. ш. Металлургов, д. 8/3, кв. 216",81996059329,83.0,,81.2,49.1,60.6,,,,63.63333333333333,70.3,True
Мартынова Евпраксия Николаевна,Ж,2023,очная,Биология,"к. Елабуга, ул. пер. Угольный, д. 735, кв. 157",81509688327,64.7,,71.7,67.7,,,,63.9,67.76666666666667,68.2,False
Лазарева Ульяна Феликсовна,Ж,2023,очная,Биология,"д. Александровск-Сахалинский, ул. наб. Карла Маркса, д. 673, кв. 193",83273524103,79.4,,41.4,60.7,62.0,,,,54.699999999999996,62.9,False
Зиновьева Эмилия Станиславовна,Ж,2023,заочная,Физика,"ст. Сухиничи, ул. наб. Луговая, д. 8, кв. 164",87739732781,82.6,,,,59.6,72.9,,51.7,61.4,69.8,True
Николаев Иосиф Аскольдович,М,2023,заочная,Информатика и вычислительная техника,"д. Красногорск (Моск.), ул. бул. Степной, д. 9, кв. 12",85237100687,69.1,,,64.8,66.1,,67.4,,66.1,65.5,False
Носова Ираида Петровна,Ж,2023,очно-заочная,Медицинская биохимия,"клх Рыльск, ул. ул. Радужная, д. 5, кв. 38",81648198077,84.9,,,,62.8,50.6,61.1,,58.166666666666664,67.4,False
Зимина Лидия Фирсовна,Ж,2023,заочная,Информатика и вычислительная техника,"ст. Кировск (Мурм.), ул. ул. 40 лет Октября, д. 95, кв. 72",+74605687611,80.0,68.5,,67.6,58.2,,,,64.76666666666667,72.1,True
Макаров Бронислав Остромирович,М,2023,очная,Биология,"с. Калевала, ул. ш. Труда, д. 40, кв. 25",+74912565237,75.5,70.0,,,,48.2,76.4,,64.86666666666667,69.7,True
Громова Наталья Миленовна,Ж,2023,очная,История,"клх Сибай, ул. пр. Февральский, д. 8/6, кв. 157",+74151773454,81.8,,,78.9,57.3,,,65.6,67.26666666666667,71.2,True
Марков Евграф Мечиславович,М,2023,очная,Информатика и вычислительная техника,"г. Миллерово, ул. ул. Шмидта, д. 9, кв. 185",85749490228,91.6,,,,74.0,,59.5,49.5,61.0,71.7,True
Лапина Фёкла Акимовна,Ж,2023,очная,История,"п. Агинское (Забайк.), ул. пер. Карьерный, д. 9, кв. 224",+70359544294,79.1,55.3,,,79.1,,,62.4,65.6,69.3,True
Романова Ксения Милиевна,Ж,2023,заочная,Информатика и вычислительная техника,"клх Токсово, ул. ш. Энергетическое, д. 396, кв. 63",87422294643,79.5,60.6,57.9,,,65.6,,,61.36666666666667,67.4,False
Бирюкова Эмилия Прововна,Ж,2023,очно-заочная,Медицинская биохимия,"п. Рубцовск, ул. ул. Ватутина, д. 5/3, кв. 118",+73942904588,75.2,,,,,55.7,69.6,63.3,62.86666666666667,68.3,False
Куликова Юлия Потаповна,Ж,2023,очно-заочная,Химия,"ст. Ставрополь, ул. наб. Санаторная, д. 173, кв. 99",87925298585,72.9,,65.2,,63.6,56.6,,,61.800000000000004,66.8,True
Стрелкова Алина Игоревна,Ж,2023,заочная,Прикладная математика,"п. Чита, ул. алл. Дальняя, д. 2, кв. 208",87287276015,83.0,,68.8,47.3,79.8,,,,65.3,70.4,True
Зимин Евстигней Мстиславович,М,2023,очно-заочная,Биология,"с. Ульяновск, ул. пер. Кавказский, д. 3, кв. 227",+74332491357,72.9,65.2,,,,69.9,,69.8,68.30000000000001,71.6,True
Симонов Герман Бориславович,М,2023,очная,Биология,"ст. Новый Оскол, ул. ш. 50 лет Октября, д. 7, кв. 160",89083350615,78.4,,49.4,,,84.1,,65.2,66.23333333333333,70.9,True
Гришин Вениамин Аполлинариевич,М,2023,заочная,Медицинская биохимия,"с. Елабуга, ул. алл. Запрудная, д. 3/4, кв. 168",81488810798,75.1,86.1,,,79.8,,62.0,,75.96666666666665,75.2,True
Блохин Илья Якубович,М,2023,заочная,Экономика,"г. Североуральск, ул. пер. Р.Люксембург, д. 422, кв. 121",+73423372094,80.9,,,,69.1,,70.5,66.7,68.76666666666667,73.0,True
Беспалова Вероника Константиновна,Ж,2023,очная,Информатика и вычислительная техника,"г. Ростов-на-Дону, ул. наб. Абрикосовая, д. 1/9, кв. 72",84131284033,80.0,81.8,,61.3,69.6,,,,70.89999999999999,74.5,True
Александрова Агафья Венедиктовна,Ж,2023,очно-заочная,Физика,"с. Челябинск, ул. наб. Большевистская, д. 876, кв. 81",+79977180513,84.2,49.9,,61.0,,,,56.9,55.93333333333334,66.1,False
Савельев Лев Саввович,М,2023,заочная,Химия,"п. Чусовой, ул. пер. Сибирский, д. 873, кв. 132",81717318939,74.9,75.7,66.0,,66.6,,,,69.43333333333332,71.3,True
Суханова Акулина Епифановна,Ж,2023,очно-заочная,Прикладная математика,"к. Черкесск, ул. ул. Ломоносова, д. 1/9, кв. 149",84909617399,76.4,,,,46.6,64.0,44.9,,51.833333333333336,60.5,False
Соболева Синклитикия Елизаровна,Ж,2023,очная,Информатика и вычислительная техника,"к. Тихвин, ул. пер. Разина, д. 96, кв. 54",80469472587,72.1,69.6,,64.4,73.5,,,,69.16666666666667,68.9,True
Галкина София Исидоровна,Ж,2023,очно-заочная,Биология,"д. Тобольск, ул. пр. Халтурина, д. 18, кв. 221",84448354884,75.3,,,,76.6,,58.3,74.2,69.69999999999999,72.9,True
Трофимов Трофим Януариевич,М,2023,заочная,Медицинская биохимия,"г. Сосьва (Хант.), ул. пр. Российский, д. 73, кв. 175",81270587722,80.3,72.5,,,,71.7,,61.1,68.43333333333332,72.8,True
Шубин Вячеслав Адамович,М,2023,заочная,История,"п. Галич, ул. бул. Береговой, д. 2, кв. 141",+76417582313,82.5,77.0,74.9,,,,,58.2,70.03333333333335,72.9,True
Логинова Марина Степановна,Ж,2023,очно-заочная,Экономика,"п. Хасавюрт, ул. бул. Красина, д. 182, кв. 167",+74845871493,72.5,,,,64.6,,74.8,59.9,66.43333333333332,69.6,True
Сидоров Аникей Данилович,М,2023,заочная,Прикладная математика,"г. Петушки, ул. пр. Подгорный, д. 307, кв. 57",82523622925,83.2,,,65.8,54.8,,,70.0,63.53333333333333,72.1,True
Боброва Анастасия Евстигнеевна,Ж,2023,очно-заочная,Прикладная математика,"ст. Домодедово, ул. пер. Средний, д. 9/4, кв. 58",87964347452,86.1,,,66.5,,52.5,,50.6,56.53333333333333,68.7,True
Дорофеев Ян Аполлинариевич,М,2023,заочная,Физика,"клх Тихорецк, ул. бул. Николаева, д. 8, кв. 236",+75557469660,80.5,52.7,65.9,,,,65.8,,61.46666666666667,67.6,False
Лапина Октябрина Авксентиевна,Ж,2023,заочная,Медицинская биохимия,"п. Моздок, ул. ул. Фадеева, д. 6/8, кв. 131",80652740334,89.3,,,,72.2,61.3,58.9,,64.13333333333334,71.5,True
Колесникова Ангелина Касьяновна,Ж,2023,заочная,Прикладная математика,"ст. Торжок, ул. ш. Хвойное, д. 65, кв. 177",+75056658833,73.4,77.4,79.6,,,,,60.9,72.63333333333334,73.0,True
Князева Майя Велимировна,Ж,2023,очно-заочная,Информатика и вычислительная техника,"г. Суздаль, ул. пр. Заовражный, д. 223, кв. 83",88741132579,70.5,,65.8,72.1,,,,59.2,65.69999999999999,65.8,False
Калинина Акулина Никандровна,Ж,2023,заочная,Медицинская биохимия,"к. Яшалта, ул. ул. Карла Маркса, д. 1/6, кв. 33",80673499601,67.3,,,49.7,,67.7,69.1,,62.166666666666664,65.7,False
Щербакова Елизавета Симоновна,Ж,2023,заочная,Физика,"д. Сосногорск, ул. пер. Минский, д. 5, кв. 68",+75485741721,87.0,,74.9,69.9,,,65.9,,70.23333333333333,74.8,True
Лихачева Антонина Луковна,Ж,2023,очно-заочная,Биология,"к. Нурлат, ул. пер. Санаторный, д. 214, кв. 79",86229493817,81.9,63.1,,,64.6,,,52.1,59.93333333333333,66.6,False
Князева Пелагея Эдуардовна,Ж,2023,очно-заочная,Химия,"г. Волоколамск, ул. ш. Амурское, д. 15, кв. 51",+75984884021,77.7,84.6,,,,69.7,73.2,,75.83333333333333,76.1,True
Беляева Синклитикия Дорофеевна,Ж,2023,очная,Химия,"д. Сасово, ул. ул. Механизаторов, д. 9/2, кв. 191",85732573755,79.7,69.6,,,,55.5,65.8,,63.633333333333326,68.8,True
Овчинникова Евпраксия Ратмировна,Ж,2023,очно-заочная,История,"д. Самара, ул. ш. Курчатова, д. 9/1, кв. 224",+74490216667,71.2,,,71.3,,48.6,67.2,,62.366666666666674,66.6,True
Гущина Тамара Азариевна,Ж,2023,очно-заочная,Медицинская биохимия,"п. Махачкала, ул. ш. Черемуховое, д. 7, кв. 132",+78085096085,92.7,64.4,,,73.7,58.9,,,65.66666666666667,75.0,True
Крылова Алина Тарасовна,Ж,2023,заочная,История,"к. Приозерск, ул. пр. Кирова, д. 736, кв. 245",87495119181,78.8,73.2,,,,,57.6,54.8,61.866666666666674,66.5,True
Миронов Лев Селиванович,М,2023,очная,История,"ст. Апатиты, ул. ул. Космодемьянской, д. 62, кв. 123",82819793164,78.7,52.7,,,60.0,73.0,,,61.9,66.8,True
Кононов Никодим Глебович,М,2023,очно-заочная,Экономика,"ст. Тамбей, ул. пер. Снежный, д. 859, кв. 94",87251295786,82.4,,,,63.6,,40.0,58.9,54.166666666666664,64.1,True
Коновалов Адам Милованович,М,2023,заочная,Химия,"клх Железногорск(Курск.), ул. пер. Братский, д. 4/2, кв. 131",+76940960035,80.9,49.4,,55.2,57.5,,,,54.03333333333333,62.0,False
Исаева Людмила Ладиславовна,Ж,2023,очно-заочная,Биология,"д. Карпинск, ул. бул. Почтовый, д. 29, кв. 85",82439587395,79.3,81.8,62.8,,72.1,,,,72.23333333333333,75.2,True
Овчинников Измаил Кириллович,М,2023,заочная,Прикладная математика,"клх Междуреченский, ул. бул. Ростовский, д. 33, кв. 77",82323421089,73.3,56.3,,,62.2,,69.7,,62.73333333333333,66.7,False
Исаев Аркадий Исаевич,М,2023,заочная,Биология,"с. Объячево, ул. ул. Белинского, д. 9, кв. 64",+72851553334,80.8,50.3,,,43.9,,59.7,,51.29999999999999,62.5,False
Белозеров Никанор Амвросиевич,М,2023,заочная,Физика,"ст. Оха, ул. ул. Ульянова, д. 54, кв. 204",+76433502716,89.3,61.6,,64.1,,,,59.3,61.666666666666664,73.1,True
Блохин Федор Климентович,М,2023,очная,Прикладная математика,"ст. Соликамск, ул. бул. Краснопартизанский, д. 3/2, кв. 89",+77360776336,86.1,,58.1,58.2,,,75.6,,63.96666666666667,73.4,True
Алексеева Елена Матвеевна,Ж,2023,заочная,Физика,"д. Листвянка (Иркут.), ул. бул. Нижний, д. 5/2, кв. 109",81128981231,87.6,,,,49.8,75.0,50.1,,58.300000000000004,70.3,True
Прохорова Марфа Всеславовна,Ж,2023,очно-заочная,Прикладная математика,"с. Агинское (Забайк.), ул. наб. Полевая, д. 22, кв. 132",89556331857,74.9,,,59.0,55.6,,52.3,,55.633333333333326,61.4,False
Артемьева Анна Наумовна,Ж,2023,очно-заочная,Физика,"с. Хабаровск, ул. пер. Мостовой, д. 2, кв. 59",+78170066615,72.1,,,,68.2,70.9,73.8,,70.96666666666668,69.9,True
Кондратьев Спиридон Юлиевич,М,2023,заочная,Экономика,"ст. Кызыл, ул. бул. Ильича, д. 1/5, кв. 210",84164316704,77.2,,57.9,63.7,,,70.2,,63.93333333333334,67.8,True
Зимин Ярослав Зосимович,М,2023,заочная,Экономика,"клх Суздаль, ул. ш. Химиков, д. 1, кв. 189",80232902822,78.3,74.5,,,55.3,,57.2,,62.333333333333336,69.5,True
Журавлева Наина Филипповна,Ж,2023,заочная,История,"д. Гремячинск (Перм.), ул. пер. Черемушки, д. 4, кв. 249",80093459626,84.6,75.1,,71.9,,,80.5,,75.83333333333333,80.8,True
Котов Герасим Леонтиевич,М,2023,очная,Медицинская биохимия,"ст. Арсеньев, ул. ш. Деповское, д. 6/1, кв. 148",+72822512073,67.8,57.2,,,,68.7,,90.3,72.06666666666666,72.0,True
Суханова Элеонора Прохоровна,Ж,2023,заочная,Прикладная математика,"клх Казань, ул. ул. Севастопольская, д. 7/8, кв. 118",+76549500507,87.2,59.9,,,46.7,,48.8,,51.79999999999999,62.6,False
Титов Тит Елисеевич,М,2023,очная,История,"д. Октябрьское (Хант.), ул. пр. Красных Партизан, д. 2/1, кв. 36",+72608698221,77.1,71.8,,,62.9,,,46.5,60.4,68.0,True
Савина Вера Титовна,Ж,2023,заочная,Биология,"клх Партизанск, ул. алл. Литейная, д. 30, кв. 204",+75316117768,75.4,,,71.8,,66.6,64.3,,67.56666666666666,70.0,True
Самойлов Егор Всеславович,М,2023,очно-заочная,Экономика,"п. Кетченеры, ул. наб. Вокзальная, д. 737, кв. 142",82904774258,71.9,71.0,54.9,,,,73.6,,66.5,66.4,True
Пахомов Леонид Станиславович,М,2023,очная,Химия,"с. Сузун, ул. наб. Юбилейная, д. 277, кв. 84",89177932382,68.1,60.3,,53.1,,,,73.9,62.43333333333334,64.2,True
Горбунова Вера Галактионовна,Ж,2023,заочная,Экономика,"клх Междуреченский, ул. наб. 50 лет ВЛКСМ, д. 144, кв. 158",+73116491334,82.9,,69.6,70.0,,,76.9,,72.16666666666667,74.1,True
Фомичев Феофан Глебович,М,2023,заочная,Химия,"п. Кострома, ул. ш. Котовского, д. 774, кв. 233",+74579889425,78.4,,78.5,,78.2,53.9,,,70.2,73.2,True
Виноградов Лукьян Федосиевич,М,2023,заочная,Прикладная математика,"с. Меренга, ул. алл. Достоевского, д. 718, кв. 64",85290603202,70.3,,45.5,,,,72.6,79.0,65.7,66.7,False
Блохина Синклитикия Викториновна,Ж,2023,заочная,Прикладная математика,"ст. Губкин, ул. пр. Красноярский, д. 699, кв. 189",+73265097753,70.2,,,,,72.3,60.6,53.6,62.166666666666664,64.9,False
Филиппов Доброслав Галактионович,М,2023,очно-заочная,Физика,"д. Яшкуль, ул. наб. Декабристов, д. 82, кв. 176",86737948714,76.0,72.1,57.6,,,,78.8,,69.5,72.2,True
Фадеева Алевтина Лучезаровна,Ж,2023,очная,Химия,"с. Кулу, ул. ш. Звездное, д. 1, кв. 7",85524578715,88.0,71.5,54.7,,,,63.4,,63.199999999999996,73.4,True
Силин Остромир Остапович,М,2023,заочная,Информатика и вычислительная техника,"ст. Усолье Сибирское, ул. наб. Центральная, д. 65, кв. 17",84156082137,76.4,,,71.8,79.7,59.6,,,70.36666666666666,73.1,True
Зуев Лазарь Кирович,М,2023,очная,Биология,"ст. Курумкан, ул. ш. Рязанское, д. 9, кв. 103",+71842547681,69.0,,,,45.5,67.8,,63.3,58.86666666666667,62.1,False
Гуляева Виктория Евгениевна,Ж,2023,очная,История,"п. Ирбит, ул. пер. Курганный, д. 447, кв. 245",82683230358,76.5,,,49.7,47.8,,82.6,,60.03333333333333,67.1,True
Титова Валентина Доброславовна,Ж,2023,заочная,Физика,"г. Краснодар, ул. наб. Томская, д. 2/6, кв. 176",82988085838,76.4,,,48.1,,,71.8,79.4,66.43333333333334,71.5,True
Фадеева Алевтина Юлиевна,Ж,2023,заочная,Прикладная математика,"к. Челябинск, ул. ш. Ивановское, д. 25, кв. 30",+75212932896,61.8,,69.7,,,64.2,71.2,,68.36666666666667,64.5,False
Федотова Эмилия Эрнстовна,Ж,2023,очная,Биология,"клх Чехов, ул. пр. Ульянова, д. 4, кв. 17",+74064686775,77.7,,,51.0,96.4,80.4,,,75.93333333333334,76.7,True
Костина Татьяна Игнатиевна,Ж,2023,очная,История,"ст. Алапаевск, ул. наб. Луговая, д. 5, кв. 63",+74014843991,76.6,,,,74.3,,71.9,64.7,70.3,71.6,True
Жуков Эдуард Игнатиевич,М,2023,очная,Медицинская биохимия,"с. Салават, ул. пр. Кубанский, д. 90, кв. 206",+76227236266,82.2,,,71.0,,,56.5,50.5,59.333333333333336,65.5,False
Ефимов Александр Богданович,М,2023,очно-заочная,Информатика и вычислительная техника,"д. Белокуриха, ул. ул. Сиреневая, д. 4/2, кв. 80",83351342619,89.1,,69.8,73.0,,,,69.8,70.86666666666667,77.9,True
Кузьмина Ольга Силовна,Ж,2023,очно-заочная,Химия,"д. Вендинга, ул. наб. Звездная, д. 743, кв. 124",+73724501848,84.8,,76.0,,70.2,65.0,,,70.39999999999999,76.9,True
Воронова Элеонора Мстиславовна,Ж,2023,очно-заочная,Химия,"п. Яхрома, ул. ул. Пионерская, д. 9/2, кв. 141",+79737418972,76.4,,,77.2,,,58.3,53.0,62.833333333333336,66.2,True
Красильников Доброслав Никанорович,М,2023,очная,Физика,"г. Балтийск, ул. пер. Кольцова, д. 7, кв. 78",+75406417692,71.4,,60.5,,,,81.6,59.8,67.3,70.0,True
Мухин Селиверст Всеславович,М,2023,очно-заочная,Информатика и вычислительная техника,"к. Сергиев Посад, ул. ш. Цветочное, д. 9/1, кв. 37",84381199537,93.4,51.2,,74.7,,,,73.4,66.43333333333334,77.3,True
Григорьева Галина Зиновиевна,Ж,2023,заочная,Медицинская биохимия,"ст. Чегем, ул. бул. Ивановский, д. 61, кв. 242",86014448564,78.4,64.5,,56.5,84.9,,,,68.63333333333334,73.7,True
Исакова Александра Агафоновна,Ж,2023,очная,Экономика,"п. Каменск-Уральский, ул. ул. 50 лет ВЛКСМ, д. 402, кв. 14",81017397396,78.1,,60.6,64.8,,,69.9,,65.10000000000001,68.7,True
Селиверстов Касьян Остромирович,М,2023,очно-заочная,Биология,"д. Рыльск, ул. ш. Щорса, д. 1, кв. 173",+71789969860,77.9,68.3,,76.1,60.6,,,,68.33333333333333,73.3,True
Кононов Ефрем Егорович,М,2023,заочная,Прикладная математика,"ст. Джубга, ул. алл. Рязанская, д. 314, кв. 7",81919113599,79.2,,,79.4,,,77.7,58.9,72.00000000000001,73.8,True
Голубев Елизар Демьянович,М,2023,заочная,Экономика,"с. Сочи, ул. ул. Пушкинская, д. 2, кв. 66",86057798066,77.1,70.2,61.0,,,,67.6,,66.26666666666667,70.3,True
Князев Порфирий Яковович,М,2023,очно-заочная,Прикладная математика,"клх Чехов, ул. пер. Морской, д. 716, кв. 229",+73920514607,74.6,,44.5,,52.4,60.6,,,52.5,58.4,False
Пахомова Пелагея Любосмысловна,Ж,2023,заочная,Физика,"п. Торжок, ул. алл. Раздольная, д. 52, кв. 10",+75553470574,74.7,,,,44.9,,82.4,75.8,67.7,68.3,False
Белозеров Ратмир Иосифович,М,2023,заочная,Прикладная математика,"к. Кирово-Чепецк, ул. ш. Мельничное, д. 12, кв. 96",+73885652715,77.8,,,,60.2,55.9,,60.7,58.93333333333334,66.4,False
Маслов Парфен Андроникович,М,2023,очная,Информатика и вычислительная техника,"п. Армавир, ул. ул. Шоссейная, д. 513, кв. 137",89835411659,74.7,,,,,40.2,74.7,65.8,60.23333333333333,65.1,False
Зиновьев Ювеналий Натанович,М,2023,заочная,Информатика и вычислительная техника,"п. Кизилюрт, ул. пер. Сельский, д. 33, кв. 94",82634755752,73.7,,,,75.7,55.2,,71.5,67.46666666666667,68.7,True
Карпова Лариса Юлиевна,Ж,2023,очная,Биология,"д. Октябрьское (Челяб.), ул. ул. Прибрежная, д. 53, кв. 86",+75013948848,78.6,52.4,,,57.3,,82.7,,64.13333333333333,68.0,False
Кириллов Филимон Терентиевич,М,2023,заочная,Физика,"клх Листвянка (Иркут.), ул. наб. Подлесная, д. 34, кв. 129",82691311964,76.5,74.4,,,,64.8,,51.7,63.633333333333326,68.8,False
Носкова Светлана Андреевна,Ж,2023,очная,Биология,"к. Макушино, ул. пер. Азина, д. 1/3, кв. 68",+75856261499,87.0,,,57.2,52.7,,,64.4,58.1,66.2,False
Киселева Регина Радиславовна,Ж,2023,заочная,Медицинская биохимия,"с. Калуга, ул. наб. Локомотивная, д. 495, кв. 112",+75370382407,62.1,80.1,,,74.1,,,71.6,75.26666666666667,71.9,True
Шарапова Оксана Андрониковна,Ж,2023,очно-заочная,История,"клх Соловки, ул. бул. Харьковский, д. 9, кв. 164",+73337320430,84.5,64.3,,72.7,,83.9,,,73.63333333333334,75.8,True
Михеева Зинаида Тимофеевна,Ж,2023,заочная,Прикладная математика,"п. Юрьев-Польский, ул. пр. Инженерный, д. 7, кв. 214",87768893628,85.5,,,74.2,,90.3,,53.1,72.53333333333333,75.8,True
Зиновьева Марфа Андроновна,Ж,2023,очно-заочная,Химия,"к. Ижевск, ул. пр. 50 лет ВЛКСМ, д. 6, кв. 145",86964546553,65.6,,,56.6,67.4,64.2,,,62.73333333333333,63.3,False
Колесникова Тамара Софроновна,Ж,2023,заочная,Прикладная математика,"к. Сузун, ул. ш. Разина, д. 45, кв. 224",88512538921,75.9,75.0,,,,63.6,,51.7,63.43333333333334,67.7,True
Пономарев Антип Кузьмович,М,2023,очно-заочная,Информатика и вычислительная техника,"д. Пушкино (Моск.), ул. пр. Чкалова, д. 647, кв. 57",87851935837,75.8,,,90.7,,59.5,,66.7,72.3,72.9,True
Афанасьев Потап Лазаревич,М,2023,очно-заочная,Прикладная математика,"с. Черемхово, ул. бул. Степана Разина, д. 84, кв. 200",+79079779612,69.6,69.7,,,,47.5,,79.1,65.43333333333334,66.2,False
Суворов Конон Гуриевич,М,2023,очная,Биология,"ст. Партизанск, ул. пр. Карла Маркса, д. 45, кв. 144",+78780572151,73.3,73.9,65.6,63.8,,,,,67.76666666666667,71.6,True
Анисимов Панфил Юлиевич,М,2023,очно-заочная,Экономика,"п. Чебаркуль, ул. пер. Лазо, д. 52, кв. 52",+79409762637,71.3,,71.6,,69.7,54.7,,,65.33333333333333,68.0,True
Пахомова Алла Софроновна,Ж,2023,заочная,Физика,"с. Чулым, ул. алл. Строителей, д. 257, кв. 41",+78453986289,88.5,75.0,,46.6,,,82.4,,68.0,73.3,True
Суворов Вячеслав Радиславович,М,2023,очно-заочная,Прикладная математика,"ст. Пышма, ул. алл. Вольная, д. 5, кв. 55",80905911918,83.6,,,47.5,53.6,,82.5,,61.199999999999996,68.8,True
Молчанов Будимир Сидорович,М,2023,заочная,История,"с. Уссурийск, ул. наб. Громова, д. 4/1, кв. 106",82339220715,85.6,,,60.4,,,84.7,67.7,70.93333333333334,77.6,True
Королев Вениамин Фотиевич,М,2023,очно-заочная,Прикладная математика,"с. Углич, ул. алл. Чапаева, д. 4/9, кв. 202",+71696667252,82.3,73.1,,,,66.3,51.6,,63.66666666666666,69.4,True
Кузьмин Трифон Никодимович,М,2023,заочная,Информатика и вычислительная техника,"с. Владикавказ, ул. наб. Вольная, д. 916, кв. 168",+74526471246,71.2,,,,81.9,79.9,,57.6,73.13333333333334,70.8,True
Марков Остромир Радимович,М,2023,заочная,Экономика,"клх Славгород, ул. ул. Кооперативная, д. 80, кв. 207",+73515718409,74.9,,62.0,70.1,,,,84.6,72.23333333333333,74.2,True
Борисов Аким Радованович,М,2023,заочная,Информатика и вычислительная техника,"с. Гудермес, ул. пр. Привокзальный, д. 3/1, кв. 242",+78051208005,80.9,,55.0,68.2,,,,66.0,63.06666666666666,69.7,True
Самсонов Харлампий Егорович,М,2023,заочная,Физика,"к. Уварово, ул. пер. Олега Кошевого, д. 9/1, кв. 143",84099512397,70.7,,73.9,,61.9,64.1,,,66.63333333333334,68.3,False
Тарасова Оксана Ипатиевна,Ж,2023,заочная,Медицинская биохимия,"с. Кырен, ул. пер. Портовый, д. 521, кв. 102",+78351295927,82.3,63.1,,,,,44.8,63.2,57.03333333333334,64.1,False
Шубина Лидия Гремиславовна,Ж,2023,очно-заочная,Медицинская биохимия,"д. Макаров, ул. ш. Щербакова, д. 3/6, кв. 165",+78270908144,76.6,66.6,,,,,59.4,54.0,60.0,64.4,False
Тарасова Варвара Викентиевна,Ж,2023,заочная,Экономика,"ст. Добрянка, ул. бул. Тракторный, д. 5/6, кв. 193",+75298217392,75.8,,,51.8,,45.9,50.9,,49.53333333333333,59.2,True
Калашникова Нонна Митофановна,Ж,2023,очно-заочная,Информатика и вычислительная техника,"п. Калевала, ул. пер. Приозерный, д. 3/5, кв. 3",85786718153,82.3,59.9,,,,,82.1,56.5,66.16666666666667,70.6,True
Назаров Борислав Несторович,М,2023,очная,Медицинская биохимия,"с. Хоста, ул. наб. З.Космодемьянской, д. 712, кв. 180",82373605079,80.7,,,65.0,71.1,66.8,,,67.63333333333333,72.2,True
Костин Сократ Гордеевич,М,2023,очная,Медицинская биохимия,"клх Лянтор, ул. пер. Бажова, д. 896, кв. 173",+78158998868,75.8,,,,56.4,83.7,63.9,,68.0,70.9,False
Хохлова Марина Натановна,Ж,2023,очно-заочная,Физика,"с. Усть-Джегута, ул. алл. Красноярская, д. 4, кв. 154",+74527346666,85.0,,,55.4,,81.8,,47.3,61.5,68.9,True
Комиссарова Алина Даниловна,Ж,2023,заочная,История,"г. Воронеж, ул. пр. Олимпийский, д. 15, кв. 30",+77071587964,71.5,,51.8,,,59.4,67.7,,59.633333333333326,65.6,False
Воронцова Лора Геннадиевна,Ж,2023,очно-заочная,Биология,"ст. Котельнич, ул. пер. Городской, д. 413, кв. 60",84080314998,81.7,62.1,87.4,76.1,,,,,75.2,78.8,True
Беспалов Гремислав Галактионович,М,2023,очная,Физика,"к. Кашира, ул. пр. Маркса Карла, д. 4/5, кв. 137",+75080046358,81.6,,,,74.9,73.6,,63.6,70.7,75.4,True
Комиссаров Денис Антонинович,М,2023,очно-заочная,Химия,"к. Балтийск, ул. ш. Кузнецкое, д. 701, кв. 127",+76882850317,76.1,62.7,67.3,,,56.8,,,62.26666666666667,65.4,True
Тимофеева Наина Леонидовна,Ж,2023,очно-заочная,Химия,"г. Бугульма, ул. наб. Социалистическая, д. 560, кв. 149",+73513739900,80.0,75.5,,,52.4,,64.0,,63.96666666666667,68.0,True
Дмитриев Прокофий Ярославович,М,2023,заочная,Экономика,"ст. Аргаяш, ул. ул. Труда, д. 30, кв. 136",83140352635,70.5,,64.1,,,,61.6,65.7,63.79999999999999,66.1,True
Ковалева Евгения Власовна,Ж,2023,очная,Физика,"ст. Пушкинские Горы, ул. ул. 50 лет ВЛКСМ, д. 119, кв. 64",80229394694,83.5,,,54.1,,66.7,81.4,,67.4,71.7,True
Смирнов Егор Януариевич,М,2023,заочная,Информатика и вычислительная техника,"п. Городовиковск, ул. ш. Путейское, д. 9, кв. 230",+74606664374,76.9,82.1,65.1,,,,,87.6,78.26666666666667,79.7,True
Попов Ипполит Ратмирович,М,2023,заочная,Биология,"к. Усть-Калманка, ул. наб. Прудовая, д. 435, кв. 20",80607231112,74.9,,70.3,,62.5,,72.1,,68.3,69.2,True
Красильников Сергей Сигизмундович,М,2023,очно-заочная,Химия,"г. Сосногорск, ул. пер. Гаражный, д. 2/4, кв. 236",81285246484,84.3,,72.8,59.3,,,,44.1,58.73333333333333,67.6,True
Константинова София Аверкиевна,Ж,2023,очно-заочная,Экономика,"г. Валаам, ул. наб. Мусы Джалиля, д. 217, кв. 53",+79411631873,73.8,,61.9,,68.9,73.5,,,68.10000000000001,69.6,True
Бобылев Ювеналий Семенович,М,2023,очно-заочная,Медицинская биохимия,"ст. Внуково (метеост.), ул. пер. Некрасова, д. 824, кв. 172",+78077113062,69.5,88.9,,55.6,,,63.0,,69.16666666666667,69.8,False
Рябов Изот Харитонович,М,2023,очно-заочная,Экономика,"п. Тотьма, ул. пер. Целинный, д. 2, кв. 31",+71369572790,68.7,,58.2,80.0,,56.7,,,64.96666666666665,64.8,True
Панов Савелий Осипович,М,2023,заочная,Информатика и вычислительная техника,"ст. Тында, ул. пр. Горького, д. 3, кв. 233",83350902542,81.6,,,,,75.1,68.2,64.7,69.33333333333333,73.3,True
Федоров Пров Эмилевич,М,2023,заочная,Прикладная математика,"клх Бугуруслан, ул. ш. Горняцкое, д. 8/9, кв. 95",87306624813,70.3,,,,59.6,54.0,,51.9,55.166666666666664,59.6,False
Иванова Фёкла Иннокентиевна,Ж,2023,очно-заочная,Химия,"с. Магас, ул. ш. Панфилова, д. 29, кв. 62",+73570713984,88.5,64.4,,,,69.5,,64.7,66.2,75.6,True
Матвеева Таисия Якубовна,Ж,2023,очно-заочная,Медицинская биохимия,"г. Тамбов, ул. наб. Заозерная, д. 2/5, кв. 44",82285011688,65.5,80.4,45.0,62.7,,,,,62.70000000000001,61.8,False
Зыкова Тамара Емельяновна,Ж,2023,очная,Физика,"клх Екатеринбург, ул. ул. Тельмана, д. 1, кв. 20",+79255021306,88.2,,,79.1,82.0,,71.2,,77.43333333333334,82.9,True
Герасимов Антип Гедеонович,М,2023,заочная,Медицинская биохимия,"г. Нарткала, ул. алл. Толстого, д. 769, кв. 248",+79069130981,79.3,,,,,73.8,74.5,66.2,71.5,75.6,True
Лапина Анастасия Миленовна,Ж,2023,заочная,Биология,"с. Бомнак, ул. пр. Прудный, д. 6, кв. 43",+77964967379,77.4,,,60.5,84.6,,,74.2,73.10000000000001,73.8,True
Куликова Александра Амосовна,Ж,2023,заочная,Биология,"п. Тайшет, ул. бул. Труда, д. 602, кв. 73",+75772785324,74.7,49.9,,51.1,73.9,,,,58.300000000000004,65.2,False
Дьячкова Ульяна Эрастовна,Ж,2023,очно-заочная,Информатика и вычислительная техника,"клх Бодайбо, ул. бул. Ульянова, д. 9, кв. 135",+76425064207,80.4,,66.7,,,65.5,,59.5,63.9,67.8,True
Суханова Клавдия Бояновна,Ж,2023,очно-заочная,Медицинская биохимия,"с. Охотск, ул. пер. Запорожский, д. 10, кв. 95",88362536667,77.8,78.1,,,71.3,,,73.8,74.39999999999999,77.5,True
Киселева Алла Панкратиевна,Ж,2023,очно-заочная,История,"д. Яр-Сале, ул. бул. 50 лет Октября, д. 8/6, кв. 241",87675556283,84.6,,,60.5,,65.4,57.1,,61.0,69.4,True
Сорокина Дарья Кондратиевна,Ж,2023,очная,Экономика,"п. Норильск, ул. наб. Дарвина, д. 3, кв. 219",+73393957865,78.7,,59.0,,56.8,,63.7,,59.833333333333336,65.6,True
Нестеров Юлиан Чеславович,М,2023,очно-заочная,Экономика,"с. Верхнее Пенжино, ул. пр. Прудовой, д. 7/3, кв. 195",+73627187496,78.9,53.0,,59.3,54.5,,,,55.6,63.2,True
Устинов Филипп Феликсович,М,2023,очная,История,"с. Ноябрьск, ул. ул. Большевистская, д. 1/8, кв. 6",+73358268627,75.8,40.0,75.2,,85.5,,,,66.89999999999999,68.3,True
Меркушева Дарья Ратиборовна,Ж,2023,очно-заочная,История,"г. Магас, ул. ш. Прохладное, д. 730, кв. 131",+73692492693,77.7,,,65.8,64.1,56.9,,,62.26666666666666,69.6,True
Денисова Фаина Анатолиевна,Ж,2024,заочная,Медицинская биохимия,"ст. Ирбит, ул. наб. Дорожная, д. 2/1, кв. 1",+76573275998,80.1,78.4,,84.8,,,62.5,,75.23333333333333,75.1,True
Комиссарова Анна Ладимировна,Ж,2024,очная,Химия,"с. Урай, ул. пер. Привокзальный, д. 2, кв. 125",+71110005155,68.0,,70.9,,,56.0,,72.8,66.56666666666666,67.7,False
Фомин Любомир Натанович,М,2024,очно-заочная,Физика,"д. Диксон, ул. ул. Дорожников, д. 3/4, кв. 129",+72341595977,70.2,,62.3,,56.7,,,61.1,60.03333333333333,63.4,False
Мишин Артем Парфенович,М,2024,очно-заочная,Информатика и вычислительная техника,"г. Нижний Новгород, ул. ш. Алтайское, д. 33, кв. 142",82441822261,82.8,,,,67.6,65.3,,68.6,67.16666666666666,74.4,True
Голубев Ульян Кузьмович,М,2024,заочная,История,"п. Игарка, ул. пер. Поселковый, д. 1, кв. 138",89628874312,79.3,,,,,61.4,56.5,59.2,59.03333333333334,65.1,False
Кузьмин Савва Виталиевич,М,2024,очно-заочная,Биология,"с. Муром, ул. ш. Прудовое, д. 55, кв. 9",81026767209,77.2,,,,57.3,76.1,47.0,,60.133333333333326,66.2,True
Суханова Ирина Степановна,Ж,2024,заочная,Информатика и вычислительная техника,"к. Видное, ул. ул. Флотская, д. 2/4, кв. 96",87992707955,78.4,,,,78.3,79.2,58.2,,71.89999999999999,74.1,True
Назаров Остромир Епифанович,М,2024,очно-заочная,Химия,"клх Гатчина, ул. алл. Белинского, д. 653, кв. 248",+75122946213,80.4,,,40.0,,,68.2,59.3,55.833333333333336,65.2,False
Костин Епифан Арефиевич,М,2024,очная,Информатика и вычислительная техника,"п. Забайкальск, ул. ш. Украинское, д. 264, кв. 164",84159709962,75.1,,,54.3,,64.3,,79.1,65.89999999999999,67.4,True
Дроздова Валентина Стояновна,Ж,2024,очная,Экономика,"с. Усть-Кулом, ул. ул. Металлистов, д. 30, кв. 238",84384807520,73.6,54.4,,52.7,74.7,,,,60.6,63.9,True
Трофимова Анна Эрнестовна,Ж,2024,заочная,История,"ст. Брянск, ул. ул. Чкалова, д. 694, кв. 63",+74476504715,79.5,75.2,64.5,63.4,,,,,67.7,70.7,True
Котова Ия Ювеналиевна,Ж,2024,очно-заочная,Биология,"г. Элиста, ул. наб. Подлесная, д. 844, кв. 143",80290904637,72.4,55.7,88.2,,,70.0,,,71.3,72.6,True
Осипов Лукьян Степанович,М,2024,заочная,Физика,"ст. Сергиев Посад, ул. наб. Раздольная, д. 921, кв. 173",86046558665,80.7,,68.2,,,67.7,72.1,,69.33333333333333,72.1,False
Ефремова Ульяна Миновна,Ж,2024,заочная,Прикладная математика,"г. Орехово-Зуево, ул. алл. Чайковского, д. 9/1, кв. 173",+75483744171,68.1,80.0,,54.5,60.9,,,,65.13333333333334,66.5,False
Горбачева Василиса Феоктистовна,Ж,2024,очно-заочная,Биология,"с. Усть-Ордынский, ул. пер. Пограничный, д. 41, кв. 211",88102131251,84.5,,60.4,,70.9,63.7,,,65.0,70.7,True
Галкин Сергей Сергеевич,М,2024,очная,Биология,"к. Колпашево, ул. ш. Шолохова, д. 955, кв. 83",+79311005912,81.1,,,64.2,73.1,,50.3,,62.53333333333334,70.5,True
Константинова Полина Дмитриевна,Ж,2024,очная,Химия,"с. Объячево, ул. пер. Фрунзе, д. 384, кв. 148",87519102312,79.8,61.8,,,,73.6,72.3,,69.23333333333333,74.7,True
Жукова Эмилия Корниловна,Ж,2024,заочная,Информатика и вычислительная техника,"ст. Пятигорск, ул. пер. Парижской Коммуны, д. 345, кв. 134",+71063301658,84.2,,57.9,85.6,50.2,,,,64.56666666666666,71.5,True
Смирнова Евдокия Викториновна,Ж,2024,заочная,Биология,"г. Октябрьское (Хант.), ул. ул. Сосновая, д. 6/7, кв. 118",+77379274907,88.3,,65.7,,,66.8,59.7,,64.06666666666666,72.0,True
Абрамова Алевтина Ярославовна,Ж,2024,заочная,Медицинская биохимия,"п. Семлячики, ул. ш. Абрикосовое, д. 8, кв. 229",+78012342893,84.4,71.1,41.5,,,,,80.7,64.43333333333334,70.4,True
Зиновьева Варвара Емельяновна,Ж,2024,очная,История,"г. Петрозаводск, ул. наб. Средняя, д. 7/2, кв. 238",+71325326949,67.3,,,40.0,,53.9,,66.6,53.5,56.5,False
Аксенов Яков Остромирович,М,2024,очная,Физика,"с. Уфа, ул. ул. Горького, д. 425, кв. 163",88436453804,70.6,,,80.4,50.1,,,57.4,62.63333333333333,64.5,False
Миронов Аникита Милиевич,М,2024,очная,Физика,"д. Лазаревское, ул. алл. Серафимовича, д. 3/7, кв. 76",+72101750961,74.6,,85.7,,47.7,60.4,,,64.60000000000001,68.7,False
Константинова Тамара Еремеевна,Ж,2024,заочная,Биология,"к. Сибай, ул. ш. ДОС, д. 15, кв. 137",80159591945,78.5,,,82.6,,,54.1,75.7,70.8,73.6,True
Кабанова Агафья Егоровна,Ж,2024,заочная,История,"клх Йошкар-Ола, ул. алл. Малая, д. 3, кв. 55",85757475833,81.4,54.1,,,60.4,,84.7,,66.39999999999999,73.4,True
Сидорова Ия Артемовна,Ж,2024,очная,История,"д. Адлер, ул. ш. Речное, д. 2, кв. 117",82056775677,73.9,,,80.3,70.2,56.3,,,68.93333333333334,70.3,True
Петухова Ксения Сильвестровна,Ж,2024,заочная,Информатика и вычислительная техника,"к. Вытегра, ул. бул. Тургенева, д. 4, кв. 242",82266025626,79.4,,72.9,,67.9,,,60.9,67.23333333333333,72.3,True
Маркова Таисия Аверьяновна,Ж,2024,очная,История,"д. Всеволожск, ул. наб. Титова, д. 8, кв. 73",80622923106,73.8,,75.0,,,,84.8,51.4,70.4,71.5,True
Зимин Викентий Марианович,М,2024,очная,Физика,"с. Ивдель, ул. ш. ДОС, д. 1/3, кв. 72",82453076248,74.6,65.0,,,70.4,,,78.1,71.16666666666667,72.4,False
Афанасьева Лукия Филаретовна,Ж,2024,очная,Биология,"к. Семлячики, ул. ул. Волочаевская, д. 33, кв. 159",+73379766270,69.9,80.1,,,64.5,,50.0,,64.86666666666666,65.7,True
Кондратьев Яков Алексеевич,М,2024,очно-заочная,Экономика,"клх Шатура, ул. наб. Гайдара, д. 23, кв. 83",81157942387,72.8,,,59.4,,49.7,,64.7,57.93333333333334,63.0,True
Григорьева Дарья Максимильяновна,Ж,2024,очно-заочная,Химия,"д. Оса, ул. алл. Шоссейная, д. 1, кв. 234",+76704254969,70.2,44.6,,66.4,,88.1,,,66.36666666666666,67.6,False
Стрелкова Лукия Самуиловна,Ж,2024,заочная,Физика,"д. Салават, ул. пр. Воронежский, д. 272, кв. 125",+79284552597,72.4,63.7,72.8,,60.4,,,,65.63333333333334,68.8,False
Лаврентьева Олимпиада Анатолиевна,Ж,2024,очно-заочная,Экономика,"п. Шатура, ул. алл. Украинская, д. 741, кв. 119",+70756335357,84.6,50.6,72.3,,,,56.3,,59.73333333333333,70.2,True
Трофимов Всемил Германович,М,2024,очная,Информатика и вычислительная техника,"г. Новороссийск, ул. бул. Слободской, д. 76, кв. 155",+78595325939,72.6,,,73.4,44.8,,80.5,,66.23333333333333,67.8,True
Рожкова Оксана Терентиевна,Ж,2024,заочная,Прикладная математика,"с. Адыгейск, ул. пр. Черноморский, д. 15, кв. 249",83379705816,94.1,79.8,64.4,,,,,70.9,71.7,77.7,True
Суворов Марк Остромирович,М,2024,очная,Информатика и вычислительная техника,"г. Киров (Вятка), ул. пер. Депутатский, д. 648, кв. 2",+79518779417,81.3,,72.5,,70.9,,,60.7,68.03333333333335,72.7,True
Щукина Анастасия Спиридоновна,Ж,2024,очная,Биология,"п. Балтийск, ул. пр. Кубанский, д. 419, кв. 165",83425073305,79.4,,,,65.6,,65.7,83.1,71.46666666666667,74.4,True
Воронцова Клавдия Луковна,Ж,2024,заочная,Биология,"п. Одинцово, ул. пер. Космический, д. 8/2, кв. 155",89782457598,73.1,57.4,,,55.1,73.1,,,61.86666666666667,64.5,False
Беляков Федор Адамович,М,2024,очная,Информатика и вычислительная техника,"г. Беслан, ул. бул. Рабочий, д. 69, кв. 111",+73991403884,82.5,,55.6,,,,61.1,57.3,58.0,67.6,True
Игнатьев Емельян Максимильянович,М,2024,очно-заочная,Экономика,"с. Домбай, ул. алл. 50 лет Октября, д. 5/8, кв. 17",+76604432400,74.8,,,84.2,87.9,,,77.6,83.23333333333333,82.2,True
Голубева Людмила Геннадиевна,Ж,2024,заочная,Информатика и вычислительная техника,"к. Шатура, ул. наб. Центральная, д. 3/4, кв. 1",81572768297,79.0,,,62.4,53.2,,,52.2,55.93333333333334,65.8,True
Одинцова Ирина Амвросиевна,Ж,2024,очно-заочная,История,"ст. Нефедова, ул. бул. Тамбовский, д. 23, кв. 247",81474397429,93.7,56.8,59.5,,,,79.7,,65.33333333333333,74.1,True
Мельникова Лукия Ярославовна,Ж,2024,очно-заочная,Биология,"клх Ямбург, ул. пр. Вавилова, д. 745, кв. 75",+75010587525,77.7,71.2,62.0,,,,80.7,,71.3,75.0,True
Одинцов Творимир Григориевич,М,2024,заочная,Физика,"клх Луховицы, ул. ш. Владимирское, д. 1/2, кв. 158",88065625904,85.2,76.0,90.6,,,50.1,,,72.23333333333333,77.6,True
Кошелев Филимон Никитович,М,2024,очная,История,"ст. Новая Игирма, ул. алл. Крайняя, д. 777, кв. 249",89908027112,74.1,,78.5,,78.9,59.0,,,72.13333333333334,72.6,True
Кириллова Евгения Викторовна,Ж,2024,очно-заочная,Физика,"клх Ростов-на-Дону, ул. наб. Майская, д. 3, кв. 169",+71823155516,78.1,,,,63.2,68.0,,58.6,63.26666666666666,68.6,False
Крюков Леон Лукович,М,2024,очно-заочная,История,"клх Пышма, ул. ул. Кедровая, д. 992, кв. 23",81768086628,88.9,87.6,,,67.7,,,55.7,70.33333333333333,78.2,True
Дорофеева Александра Остромировна,Ж,2024,очно-заочная,Информатика и вычислительная техника,"с. Усолье Сибирское, ул. ул. Плеханова, д. 390, кв. 34",+73721433080,74.5,53.3,,62.6,76.2,,,,64.03333333333335,67.6,True
Чернова Анна Изотовна,Ж,2024,заочная,Информатика и вычислительная техника,"г. Гагарин, ул. пр. Дружба, д. 1/7, кв. 162",+73700332285,89.2,,,51.0,,,76.1,61.4,62.833333333333336,71.6,True
Савельева Маргарита Ладиславовна,Ж,2024,очная,Физика,"клх Ростов, ул. алл. Щорса, д. 32, кв. 51",86608470681,82.5,,,64.1,,70.0,,68.5,67.53333333333333,72.7,True
Назаров Ермолай Ладиславович,М,2024,очная,Физика,"г. Улан-Удэ, ул. наб. Прудовая, д. 926, кв. 185",+73903397051,74.9,,,,71.0,72.4,76.8,,73.39999999999999,74.2,True
Макаров Демид Мстиславович,М,2024,заочная,Прикладная математика,"клх Тобольск, ул. наб. Зои Космодемьянской, д. 27, кв. 22",85826328094,82.1,,56.0,64.0,73.3,,,,64.43333333333334,69.4,True
Гуляев Андрей Егорович,М,2024,заочная,История,"ст. Екатеринбург, ул. пер. Труда, д. 10, кв. 8",+78586239453,84.1,,,77.1,,,53.3,67.6,65.99999999999999,73.9,True
Зуев Вадим Сильвестрович,М,2024,очная,Прикладная математика,"с. Нарым, ул. ш. Высоковольтное, д. 23, кв. 54",84614707986,82.0,47.2,,,,61.4,,89.3,65.96666666666665,72.3,True
Лаврентьева Алевтина Святополковна,Ж,2024,заочная,История,"к. Сальск, ул. наб. Р.Люксембург, д. 7/4, кв. 33",+72106133943,68.9,,57.8,,,75.7,56.2,,63.23333333333333,65.7,False
Степанов Сидор Евграфович,М,2024,заочная,Медицинская биохимия,"ст. Тюмень, ул. бул. Отрадный, д. 478, кв. 206",84570394380,73.9,,66.6,,,58.5,54.7,,59.93333333333334,63.2,True
Стрелкова Лукия Святополковна,Ж,2024,заочная,Прикладная математика,"с. Неплюевка, ул. пер. Мостовой, д. 4, кв. 236",+70325376576,76.8,73.1,63.2,56.7,,,,,64.33333333333333,69.1,True
Никифоров Станислав Макарович,М,2024,очная,История,"г. Витим, ул. ул. Прохладная, д. 365, кв. 180",82778943191,77.9,,70.5,,,61.6,68.9,,67.0,69.3,False
Комиссаров Гаврила Валерьянович,М,2024,очная,Химия,"с. Лянтор, ул. алл. Автомобилистов, д. 4/6, кв. 17",+70900404769,82.0,,,,71.0,67.0,68.1,,68.7,71.7,True
Ларионов Софрон Власович,М,2024,очно-заочная,История,"с. Ишим, ул. наб. Куйбышева, д. 4, кв. 247",+71053365146,79.4,50.8,,,60.5,62.1,,,57.800000000000004,65.5,False
Владимирова Евфросиния Анатолиевна,Ж,2024,очная,Физика,"с. Норильск, ул. бул. Ветеранов, д. 7, кв. 158",+74014247310,70.3,,,61.2,,56.5,,59.0,58.9,62.5,False
Колесников Родион Станимирович,М,2024,очная,Физика,"с. Крымск, ул. пер. Гончарова, д. 7, кв. 41",82011379844,80.6,,,,64.2,72.0,69.7,,68.63333333333333,73.2,True
Иванов Виктор Леонтиевич,М,2024,очно-заочная,Медицинская биохимия,"к. Чебоксары, ул. наб. Нахимова, д. 704, кв. 161",+79712316600,82.0,,68.1,69.1,,59.3,,,65.5,69.6,True
Зимина Алина Чеславовна,Ж,2024,очно-заочная,Экономика,"к. Адыгейск, ул. пр. Карьерный, д. 6/7, кв. 137",86762090144,81.7,,66.4,,,69.8,,57.0,64.39999999999999,70.2,True
Миронова Анна Руслановна,Ж,2024,очная,История,"ст. Выборг, ул. алл. Трактовая, д. 3/8, кв. 225",83404337009,84.8,,,42.6,,63.8,71.1,,59.166666666666664,66.8,False
Орлова Алина Спиридоновна,Ж,2024,заочная,Физика,"клх Сызрань, ул. алл. Камская, д. 1, кв. 158",88730451957,83.3,83.8,,65.4,70.2,,,,73.13333333333333,78.6,True
Лебедева Ксения Флорентиновна,Ж,2024,очно-заочная,История,"д. Кашира, ул. наб. Угольная, д. 31, кв. 148",88255882556,81.1,71.0,59.7,,,,,65.3,65.33333333333333,71.1,True
Кабанова Ксения Епифановна,Ж,2024,очная,Биология,"к. Сальск, ул. ш. Попова, д. 422, кв. 75",+79657542786,77.9,82.3,69.6,,,,50.4,,67.43333333333332,71.8,True
Медведева Лидия Евдокимовна,Ж,2024,очная,Физика,"с. Усть-Джегута, ул. ш. Лесное, д. 6, кв. 249",86194255778,68.3,,73.5,,,,64.7,68.0,68.73333333333333,67.9,False
Егоров Конон Твердиславович,М,2024,очно-заочная,Медицинская биохимия,"клх Хасавюрт, ул. пр. Болотный, д. 2, кв. 222",+70582958292,80.9,,,,,73.3,50.9,73.1,65.76666666666667,69.4,True
Мамонтова Лариса Потаповна,Ж,2024,заочная,Химия,"клх Беломорск, ул. пр. Железнодорожный, д. 93, кв. 35",+76161880819,79.5,61.5,,,64.2,75.1,,,66.93333333333334,73.2,True
Дорофеев Викторин Геннадиевич,М,2024,заочная,Химия,"к. Семлячики, ул. пер. Средний, д. 83, кв. 166",+74823571558,79.9,,78.3,,,,61.0,67.4,68.9,71.9,True
Егорова Галина Викентиевна,Ж,2024,очная,Физика,"клх Белый Яр (Томск.), ул. пер. Просторный, д. 2, кв. 184",88639561372,70.6,,63.6,,,,56.4,58.6,59.53333333333333,63.1,False
Кондратьев Агафон Януариевич,М,2024,очно-заочная,Физика,"с. Петропавловск-Камчатский, ул. ш. 9 Января, д. 763, кв. 162",+70817214364,71.8,69.8,80.9,,67.2,,,,72.63333333333333,72.9,True
Копылов Федот Варфоломеевич,М,2024,очно-заочная,Информатика и вычислительная техника,"клх Дивногорск, ул. ш. Кузнецова, д. 20, кв. 18",+78130004132,84.6,,,,53.0,94.1,,65.0,70.7,73.7,True
Потапов Елисей Милиевич,М,2024,очно-заочная,Медицинская биохимия,"ст. Екатеринбург, ул. ул. Клубная, д. 9, кв. 236",+71471656094,78.1,,63.6,76.5,68.5,,,,69.53333333333333,73.8,True
Филиппова Таисия Касьяновна,Ж,2024,заочная,Информатика и вычислительная техника,"п. Осташков, ул. ш. Прудное, д. 43, кв. 109",86534699799,82.4,,,,77.5,,78.0,77.5,77.66666666666667,79.5,True
Фокина Вероника Кондратиевна,Ж,2024,заочная,Физика,"клх Чебаркуль, ул. пр. Солнечный, д. 78, кв. 128",+77075504768,78.5,,60.7,,63.5,75.2,,,66.46666666666667,69.8,False
Николаева Ульяна Даниловна,Ж,2024,заочная,История,"клх Каргасок, ул. пр. Октябрьский, д. 5, кв. 156",+76995706071,78.5,,,64.4,67.3,78.3,,,70.0,71.2,True
Никифорова Анжела Юлиевна,Ж,2024,очно-заочная,Биология,"с. Шатой, ул. алл. Железнодорожная, д. 7, кв. 72",84811317653,83.9,,79.3,,82.1,,,54.3,71.89999999999999,74.7,True
Потапов Мартьян Проклович,М,2024,очная,Прикладная математика,"г. Калач, ул. алл. Лесхозная, д. 2, кв. 233",87054873961,75.2,,,,59.9,58.3,64.9,,61.03333333333333,67.6,False
Титова Алла Алексеевна,Ж,2024,заочная,Экономика,"к. Белогорск (Амур.), ул. ш. Советское, д. 515, кв. 101",+72908718274,78.9,56.4,66.6,,,,77.1,,66.7,71.7,True
Лихачева Олимпиада Антиповна,Ж,2024,очно-заочная,Физика,"с. Нефтегорск (Самар.), ул. ш. Таежное, д. 938, кв. 148",86804918727,75.5,51.2,67.8,,,51.5,,,56.833333333333336,62.4,False
Блинова Валентина Аполлинариевна,Ж,2024,очно-заочная,История,"к. Краснотурьинск, ул. бул. Профсоюзный, д. 540, кв. 62",+72049561213,75.7,,,,64.7,72.5,,43.0,60.06666666666666,63.8,False
Котов Боян Никифорович,М,2024,очная,Прикладная математика,"к. Плес, ул. пр. 50 лет Октября, д. 435, кв. 134",87306260423,76.4,,65.3,99.9,90.0,,,,85.06666666666666,82.8,True
Крюкова Дарья Эдуардовна,Ж,2024,очная,Биология,"к. Тольятти, ул. бул. Тамбовский, д. 5/8, кв. 82",89737112229,79.6,68.7,,,,,65.0,75.4,69.7,73.5,True
Евдокимова Феврония Прокофиевна,Ж,2024,очно-заочная,История,"д. Белогорск (Амур.), ул. алл. Западная, д. 916, кв. 239",80775608581,75.4,,47.3,,78.9,47.1,,,57.76666666666667,63.6,False
Ефимова Эмилия Леонтиевна,Ж,2024,очная,История,"с. Лесной (Сверд.), ул. пр. Рябиновый, д. 8/9, кв. 68",87046861114,85.8,,54.8,65.6,,,,69.9,63.43333333333334,70.7,True
Зыкова Лора Евстафиевна,Ж,2024,заочная,Физика,"г. Шилка, ул. ул. Поселковая, д. 2/7, кв. 230",87683210219,72.9,,,47.0,,,72.6,56.7,58.76666666666667,62.6,False
Федорова Синклитикия Рубеновна,Ж,2024,очно-заочная,Прикладная математика,"с. Волхов, ул. пр. Студенческий, д. 758, кв. 109",+73785847129,77.2,,,47.2,,,57.2,74.1,59.5,66.4,False
Титова Татьяна Вадимовна,Ж,2024,заочная,История,"г. Верещагино (Перм.), ул. пер. Чайкиной, д. 8/6, кв. 149",81803324260,75.7,,76.8,64.2,66.1,,,,69.03333333333333,73.2,True
Белова Октябрина Ратиборовна,Ж,2024,очно-заочная,Экономика,"клх Камышин, ул. алл. Красных Партизан, д. 670, кв. 222",80801849804,87.0,,59.2,,56.7,,64.4,,60.1,68.2,True
Зимин Леонид Рубенович,М,2024,заочная,Информатика и вычислительная техника,"к. Уварово, ул. алл. Грибоедова, д. 64, кв. 165",+75373377731,79.5,,56.1,,71.1,,49.9,,59.03333333333333,66.6,True
Жуков Рюрик Захарович,М,2024,очная,Химия,"д. Нижневартовск, ул. пр. Чернышевского, д. 3/9, кв. 95",+76881228217,84.5,58.0,,,65.4,,66.8,,63.4,70.5,False
Самойлова Вероника Якововна,Ж,2024,очная,Биология,"к. Колпашево, ул. алл. Ростовская, д. 3, кв. 100",81923653460,69.4,66.3,,44.2,,,63.4,,57.96666666666667,61.8,False
Сысоев Исидор Михаилович,М,2024,заочная,Биология,"клх Дмитров, ул. ул. Семашко, д. 6/9, кв. 12",80560356793,79.9,,75.9,53.5,,62.9,,,64.10000000000001,68.6,True
Королева Марфа Максимильяновна,Ж,2024,очно-заочная,Прикладная математика,"клх Набережные Челны, ул. пер. Флотский, д. 7/9, кв. 125",+77986239847,83.6,,,67.5,,56.4,81.3,,68.39999999999999,75.0,True
Панов Любосмысл Севастьянович,М,2024,очно-заочная,История,"г. Канск, ул. ул. Деповская, д. 4, кв. 41",+76906181205,78.8,71.4,46.3,,60.8,,,,59.5,66.2,False
Голубева Алевтина Савелиевна,Ж,2024,заочная,Химия,"п. Сосьва (Хант.), ул. ш. Серова, д. 9/4, кв. 66",+76475489547,84.7,,81.9,,71.6,,,67.8,73.76666666666667,77.8,True
Шестакова Валерия Самуиловна,Ж,2024,заочная,Прикладная математика,"г. Обнинск, ул. ш. Транспортное, д. 35, кв. 224",87698999275,75.2,,56.9,,,,66.7,70.4,64.66666666666667,67.6,False
Сазонова Октябрина Даниловна,Ж,2024,очная,Информатика и вычислительная техника,"к. Россошь, ул. ул. Волочаевская, д. 487, кв. 241",+77588914444,86.8,,72.2,65.1,,70.9,,,69.4,74.2,True
Комиссарова Ия Миленовна,Ж,2024,очная,Информатика и вычислительная техника,"д. Фатеж, ул. пр. Кедровый, д. 973, кв. 222",88355393543,92.1,69.5,,,81.3,,,60.7,70.5,76.4,True
Игнатьев Эрнест Владимирович,М,2024,заочная,Медицинская биохимия,"с. Сорочинск, ул. пр. Макарова, д. 518, кв. 36",88644963924,76.1,,59.0,63.1,,,76.4,,66.16666666666667,70.5,True
Орлова Раиса Онуфриевна,Ж,2024,заочная,Экономика,"п. Ставрополь, ул. бул. Дарвина, д. 4/1, кв. 200",+75885379821,75.6,44.4,,59.2,,,,59.8,54.46666666666666,60.6,True
Большаков Вацлав Федорович,М,2024,очно-заочная,Медицинская биохимия,"г. Саров (Морд.), ул. ул. Краснофлотская, д. 502, кв. 37",+73395275367,87.0,,50.3,,,,44.3,66.6,53.73333333333333,66.1,True
Вишняков Аскольд Ладиславович,М,2024,очно-заочная,Физика,"к. Любань, ул. пр. Полтавский, д. 857, кв. 121",+79785249141,87.8,,,40.3,,,61.8,63.1,55.06666666666666,66.1,False
Суворова Синклитикия Олеговна,Ж,2024,заочная,Медицинская биохимия,"ст. Южно-Сахалинск, ул. ш. Войкова, д. 899, кв. 28",88601347789,75.2,,,62.6,53.3,55.8,,,57.23333333333333,63.2,False
Тихонов Харлампий Изяславович,М,2024,очно-заочная,Экономика,"к. Шуя, ул. пр. Котовского, д. 7/8, кв. 105",+78963406791,75.8,,72.2,,,68.0,57.7,,65.96666666666665,69.3,True
Николаева Юлия Трофимовна,Ж,2024,очная,Медицинская биохимия,"г. Шереметьево, ул. пер. Репина, д. 53, кв. 200",86651221500,76.6,,,,69.1,61.5,74.5,,68.36666666666666,70.7,True
Туров Гордей Светозарович,М,2024,очно-заочная,История,"г. Анадырь, ул. пер. Осипенко, д. 52, кв. 242",+74188421630,70.2,64.2,,72.3,,,76.0,,70.83333333333333,69.0,False
Голубева Мария Матвеевна,Ж,2024,заочная,Медицинская биохимия,"клх Оленегорск (Якут.), ул. бул. Радищева, д. 47, кв. 246",80015944633,72.8,68.0,,,58.5,,,69.2,65.23333333333333,67.1,True
Авдеев Емельян Харлампиевич,М,2024,очная,Прикладная математика,"п. Верхний Тагил, ул. пер. Фабричный, д. 4, кв. 160",+79994853208,72.3,,,,67.5,65.1,57.7,,63.43333333333334,67.2,False
Шаров Петр Платонович,М,2024,очная,Экономика,"с. Анива, ул. наб. Балтийская, д. 4/7, кв. 13",85326389021,73.7,54.2,,51.3,,,,58.6,54.699999999999996,62.0,True
Устинова Татьяна Мефодиевна,Ж,2024,очная,Биология,"к. Сызрань, ул. ш. Донское, д. 250, кв. 12",89471136337,78.1,,,,54.3,67.9,,53.2,58.46666666666667,64.5,False
Шубин Тихон Измаилович,М,2024,очно-заочная,Физика,"с. Екатеринбург, ул. пр. Зеленый, д. 380, кв. 103",82234103469,79.7,,,65.4,47.2,,69.8,,60.800000000000004,67.3,False
Нестеров Дементий Баженович,М,2024,очно-заочная,Экономика,"д. Холмск, ул. бул. Снежный, д. 8, кв. 233",86733116772,87.6,,,,55.7,,69.5,75.9,67.03333333333335,73.0,True
Дьячкова Ульяна Севастьяновна,Ж,2024,очная,Прикладная математика,"д. Серебряные Пруды, ул. ш. Одесское, д. 55, кв. 130",89608437685,72.3,,67.5,,65.2,61.3,,,64.66666666666667,66.2,False
Капустина Валерия Эдуардовна,Ж,2024,очная,Информатика и вычислительная техника,"к. Сухиничи, ул. ул. Техническая, д. 749, кв. 121",80789679352,84.2,,,45.8,56.7,,,57.4,53.300000000000004,62.2,True
Большакова Октябрина Федоровна,Ж,2024,очно-заочная,Химия,"ст. Краснодар, ул. пр. Харьковский, д. 7/5, кв. 174",+79626335564,77.0,63.9,,56.0,,67.0,,,62.300000000000004,69.0,False
Бирюкова Антонина Прокловна,Ж,2024,очно-заочная,Информатика и вычислительная техника,"ст. Ельня, ул. ул. Портовая, д. 772, кв. 109",+74369709317,78.0,,,61.1,,69.8,,63.6,64.83333333333333,68.3,True
Тимофеев Демьян Онуфриевич,М,2024,очная,История,"п. Томск, ул. алл. Гоголя, д. 9/6, кв. 68",+76955607676,82.3,,,,74.4,,63.0,59.1,65.5,70.3,True
Моисеева Ангелина Велимировна,Ж,2024,очно-заочная,Химия,"клх Тамбей, ул. бул. Раздольный, д. 1, кв. 11",+76453454722,71.6,,75.0,,53.0,,67.5,,65.16666666666667,66.5,False
Мамонтова Фёкла Натановна,Ж,2024,очно-заочная,Прикладная математика,"клх Диксон, ул. ул. Черняховского, д. 714, кв. 203",+79898306503,80.6,,73.6,,,,61.0,61.9,65.5,69.3,True
Горшкова Лидия Аркадиевна,Ж,2024,очно-заочная,Прикладная математика,"к. Верхнее Пенжино, ул. пер. Железнодорожный, д. 5, кв. 54",+72198041847,79.3,51.1,54.2,,,76.5,,,60.6,67.7,False
Рябова Анна Вышеславовна,Ж,2024,очно-заочная,История,"с. Галич, ул. пр. Краснознаменный, д. 633, кв. 231",+74264236428,81.3,,,63.3,,73.4,65.3,,67.33333333333333,70.5,True
Лихачев Фома Августович,М,2024,заочная,Физика,"ст. Кедровый, ул. пр. Путейский, д. 110, кв. 185",+73190924876,80.0,,,58.7,,55.6,,62.0,58.76666666666667,64.7,False
Нестеров Гедеон Геннадиевич,М,2024,заочная,Медицинская биохимия,"д. Беломорск, ул. пер. Белорусский, д. 987, кв. 30",+73039111428,93.0,,,,62.0,,74.7,46.8,61.166666666666664,72.9,True
Лукин Радислав Кузьмович,М,2024,заочная,Физика,"ст. Минеральные Воды, ул. ш. Красное, д. 48, кв. 86",+77852282305,74.5,86.2,,,78.3,,,70.8,78.43333333333334,76.4,True
Горбачева Мария Флорентиновна,Ж,2024,очная,Прикладная математика,"г. Нарткала, ул. пер. Осенний, д. 193, кв. 237",+74808806220,75.1,,57.2,,,47.8,,65.5,56.833333333333336,64.1,False
Лазарев Прокофий Елисеевич,М,2024,очно-заочная,Прикладная математика,"клх Кетченеры, ул. бул. Сурикова, д. 7/2, кв. 63",82239594737,74.6,,,64.6,,80.0,,68.2,70.93333333333334,72.4,True
Петухов Лукьян Филаретович,М,2024,заочная,История,"с. Зеленоград, ул. пер. Восточный, д. 722, кв. 134",+71329016204,75.0,,,68.0,,60.6,,51.9,60.166666666666664,64.4,False
Русакова Клавдия Платоновна,Ж,2024,очно-заочная,Экономика,"к. Холмск, ул. наб. Гафури, д. 8, кв. 217",88768868785,74.5,,48.2,56.3,70.4,,,,58.300000000000004,64.6,True
Беляев Мечислав Фортунатович,М,2024,заочная,Информатика и вычислительная техника,"ст. Нефтеюганск, ул. бул. Проточный, д. 610, кв. 175",89648628720,85.4,65.5,,,58.3,,59.2,,61.0,68.0,True
Костин Авксентий Сократович,М,2024,очная,Медицинская биохимия,"клх Костомукша, ул. ул. Седова, д. 4/8, кв. 159",+71954196664,86.8,67.5,,,,61.5,58.4,,62.46666666666667,71.1,True
Сазонова Милица Владимировна,Ж,2024,очная,Физика,"п. Витим, ул. пер. Свободный, д. 3, кв. 171",80573036279,74.9,,83.8,66.0,,54.5,,,68.10000000000001,70.2,False
Семенов Куприян Моисеевич,М,2024,заочная,Медицинская биохимия,"д. Кировск (Мурм.), ул. пр. Макаренко, д. 1, кв. 194",+74632037476,73.3,62.0,54.8,,,,,77.4,64.73333333333333,66.8,True
Меркушева Таисия Аполлинариевна,Ж,2024,очная,Физика,"с. Ступино, ул. пр. Серафимовича, д. 887, кв. 102",87537260321,81.1,53.7,47.1,,,,72.0,,57.6,66.2,False
Крюков Август Федотович,М,2024,очно-заочная,Информатика и вычислительная техника,"клх Тутаев, ул. пер. Полтавский, д. 4/7, кв. 140",+75057661945,75.0,,76.2,,,77.3,,53.8,69.10000000000001,72.7,True
Макаров Мирон Кондратович,М,2024,очно-заочная,Прикладная математика,"г. Верхний Баскунчак, ул. бул. М.Горького, д. 77, кв. 45",88707155348,82.1,48.3,,,,64.0,67.3,,59.86666666666667,69.6,True
Фролова Алевтина Пименовна,Ж,2024,очная,История,"п. Рославль, ул. пр. Демьяна Бедного, д. 9/9, кв. 3",+70128400838,79.5,,64.9,,,49.6,70.0,,61.5,68.2,False
Карпов Харлампий Ярославович,М,2024,очно-заочная,Биология,"с. Переславль-Залесский, ул. ул. Геологов, д. 3, кв. 48",80765975954,69.2,69.8,,,52.9,,,67.3,63.333333333333336,65.0,False
Кулакова Лариса Наумовна,Ж,2024,заочная,Биология,"с. Люберцы, ул. пер. Тульский, д. 9, кв. 28",80891776808,87.6,,43.8,,,59.0,,68.4,57.06666666666666,66.7,True
Щербакова Милица Платоновна,Ж,2024,заочная,Медицинская биохимия,"к. Невьянск, ул. пер. Беляева, д. 8/3, кв. 112",88126574223,89.1,,73.4,74.7,72.6,,,,73.56666666666668,78.0,True
Соболева София Дементиевна,Ж,2024,заочная,Химия,"д. Таганрог, ул. пр. Чапаева, д. 983, кв. 95",+79646300402,74.6,63.4,,,,54.0,,45.5,54.300000000000004,61.3,False
Кудрявцева Олимпиада Евгениевна,Ж,2024,очно-заочная,Химия,"к. Артем, ул. ул. Ленина, д. 771, кв. 85",+76936268943,76.0,68.6,,79.1,,75.3,,,74.33333333333333,74.4,True
Блинов Федор Мирославович,М,2024,заочная,Химия,"д. Череповец, ул. алл. Ленинская, д. 69, кв. 223",+71204713727,80.0,72.3,,,,70.2,,58.8,67.10000000000001,73.3,True
Степанов Панкратий Константинович,М,2024,очная,Биология,"к. Вилюйск, ул. пер. Гончарова, д. 914, кв. 110",+71759574988,80.3,68.8,52.5,80.3,,,,,67.2,71.3,True
Кузьмина Василиса Автономовна,Ж,2024,заочная,Прикладная математика,"г. Новочеркасск, ул. ш. Московское, д. 592, кв. 70",85829849330,82.3,,79.4,79.3,58.1,,,,72.26666666666667,75.3,True
Юдин Аскольд Аггеевич,М,2024,очно-заочная,Информатика и вычислительная техника,"д. Северо-Курильск, ул. пер. Победа, д. 8, кв. 13",87458476094,90.4,,72.4,60.9,,,,52.4,61.900000000000006,71.4,True
Молчанов Гаврила Севастьянович,М,2024,очно-заочная,Медицинская биохимия,"клх Анадырь, ул. ш. Малое, д. 20, кв. 27",+71283337218,77.2,77.2,,,53.3,,,71.2,67.23333333333333,72.1,True
Туров Поликарп Всемилович,М,2024,заочная,Экономика,"к. Яшкуль, ул. ул. Вишневая, д. 1/8, кв. 71",85666954132,73.5,,55.1,,64.7,,50.7,,56.833333333333336,63.3,True
Кудрявцев Борислав Павелович,М,2024,очная,Физика,"д. Апрелевка, ул. пр. Чайковского, д. 32, кв. 59",87150666267,70.0,,68.9,,67.1,70.5,,,68.83333333333333,69.7,False
Рожкова Оксана Эрнестовна,Ж,2024,очная,Информатика и вычислительная техника,"с. Шенкурск, ул. алл. Стадионная, д. 162, кв. 4",+75514377693,73.9,67.7,,,88.6,,,68.9,75.06666666666668,74.0,True
Ефремов Парамон Дмитриевич,М,2024,очная,История,"клх Каменск-Уральский, ул. ул. Геологическая, д. 3, кв. 232",86343925295,78.1,,,58.2,49.4,,,63.8,57.133333333333326,65.7,False
Панфилова Оксана Парамоновна,Ж,2024,очно-заочная,Информатика и вычислительная техника,"клх Ревда (Сверд.), ул. алл. Большевистская, д. 6/4, кв. 121",86111102867,89.1,,,,79.9,62.4,,75.0,72.43333333333334,76.4,True
Зыков Устин Радимович,М,2024,очная,Медицинская биохимия,"г. Муром, ул. пр. Звездный, д. 5, кв. 101",+72007202455,75.2,,,58.0,63.5,75.8,,,65.76666666666667,70.6,True
Казаков Нестор Зиновиевич,М,2024,очно-заочная,Прикладная математика,"с. Таганрог, ул. наб. Клубная, д. 9/8, кв. 202",81024510910,79.6,,,73.0,,,81.5,74.9,76.46666666666667,77.6,True
Родионова Евгения Эрнестовна,Ж,2024,заочная,Химия,"к. Междуреченский, ул. наб. Жуковского, д. 64, кв. 186",80326714949,78.2,,,73.9,68.7,80.7,,,74.43333333333334,75.3,True
Игнатьева Агата Сигизмундовна,Ж,2024,заочная,Экономика,"к. Оленек, ул. бул. Карла Либкнехта, д. 6/9, кв. 51",81942179428,85.4,,,47.3,,57.7,55.4,,53.46666666666667,64.6,True
Кулакова Жанна Сидоровна,Ж,2024,очно-заочная,Биология,"д. Камышин, ул. ш. Чапаева, д. 95, кв. 242",+77934065277,93.5,62.4,,64.7,,,,73.4,66.83333333333333,76.8,True
Тихонова Ираида Трифоновна,Ж,2024,очно-заочная,Прикладная математика,"клх Ессентуки, ул. ш. Баумана, д. 4/7, кв. 101",88446634533,75.1,,74.6,41.7,,,,62.7,59.666666666666664,63.1,False
Громов Флорентин Ананиевич,М,2024,заочная,Информатика и вычислительная техника,"д. Мичуринск, ул. алл. Сенная, д. 677, кв. 135",82201091217,75.4,,,,58.5,,70.0,71.8,66.76666666666667,71.3,True
Ермакова Александра Святополковна,Ж,2024,заочная,Биология,"г. Тикси, ул. пер. Ленина, д. 72, кв. 198",+72145593766,84.6,54.9,53.1,,,71.8,,,59.93333333333334,68.4,True
Макарова Маргарита Фомовна,Ж,2024,очно-заочная,Физика,"клх Красногорск (Моск.), ул. наб. Петровская, д. 6/9, кв. 9",+78943705263,82.4,71.3,,56.7,85.4,,,,71.13333333333334,74.4,True
Силин Светозар Богданович,М,2024,заочная,Химия,"г. Мезень, ул. наб. Таежная, д. 1, кв. 153",81004627765,89.4,,,64.9,,62.5,62.0,,63.13333333333333,70.9,False
Артемьев Вячеслав Степанович,М,2024,заочная,Прикладная математика,"д. Курск, ул. пр. Надежды, д. 10, кв. 118",82565920246,81.8,78.0,60.0,,,70.7,,,69.56666666666666,73.6,True
Абрамова Ирина Софроновна,Ж,2024,очная,Экономика,"к. Змеиногорск, ул. ш. Привольное, д. 477, кв. 235",+77520238974,76.1,,75.5,68.0,,80.1,,,74.53333333333333,75.1,True
Галкина Анжелика Юлиановна,Ж,2024,очная,Прикладная математика,"п. Чита, ул. наб. Просторная, д. 1, кв. 62",+72600559550,81.8,,64.5,64.7,,,62.9,,64.03333333333333,69.9,True
Николаева Анна Саввовна,Ж,2024,заочная,Химия,"г. Раменское, ул. алл. Щорса, д. 2, кв. 91",+77833258486,85.0,,,79.5,,,45.9,85.2,70.2,76.1,True
Зимина Анжела Тимуровна,Ж,2024,заочная,Медицинская биохимия,"клх Дагомыс, ул. бул. Новый, д. 6, кв. 6",89993607984,83.2,56.9,59.6,,71.4,,,,62.63333333333333,69.5,True
Никифорова Фаина Юлиевна,Ж,2024,очная,Экономика,"д. Витим, ул. наб. Санаторная, д. 4, кв. 227",87045069176,81.3,,,,,71.1,62.6,69.4,67.7,74.3,True
Лихачева Алла Мефодиевна,Ж,2024,заочная,Экономика,"п. Слюдянка, ул. пер. Кузнецкий, д. 83, кв. 159",89935937440,84.7,84.5,67.2,,71.4,,,,74.36666666666666,78.4,True
Гуляева Синклитикия Автономовна,Ж,2024,очно-заочная,Химия,"п. Быково (метеост.), ул. ш. Сиреневое, д. 623, кв. 148",+79464083037,85.3,78.6,,81.3,,,57.8,,72.56666666666666,78.3,True
Панов Рюрик Соломонович,М,2024,заочная,Прикладная математика,"к. Завьялиха, ул. пр. Фурманова, д. 57, кв. 39",+76060148860,86.6,57.1,,,,65.6,,93.3,72.0,75.5,True
Дроздова Олимпиада Максимильяновна,Ж,2024,заочная,Медицинская биохимия,"ст. Оленек, ул. алл. Чайковского, д. 608, кв. 127",84907938841,82.2,,55.3,,,,48.5,73.7,59.166666666666664,66.8,True
Казакова Наина Куприяновна,Ж,2024,очно-заочная,Физика,"д. Калуга, ул. пер. Котовского, д. 5, кв. 88",+76852830615,77.3,87.8,,55.5,,,44.2,,62.5,67.0,False
Сергеев Корнил Анатолиевич,М,2024,очная,История,"к. Яшалта, ул. ш. Автомобилистов, д. 491, кв. 83",+77012424462,79.2,,,46.5,62.9,,68.8,,59.4,66.6,False
Дементьев Эдуард Лазаревич,М,2024,заочная,Медицинская биохимия,"г. Сосновый Бор, ул. бул. Свободы, д. 6, кв. 81",83251448811,85.5,44.7,64.4,44.4,,,,,51.166666666666664,64.6,True
Осипова Татьяна Аркадиевна,Ж,2024,очная,История,"клх Серафимович, ул. бул. Речной, д. 3/8, кв. 48",+71031421751,73.4,66.7,80.6,,,,,63.0,70.10000000000001,69.6,True
Савина Олимпиада Давыдовна,Ж,2024,очная,Физика,"с. Серебряные Пруды, ул. алл. Покровская, д. 5/7, кв. 25",88781794151,80.5,,67.9,,,,65.9,52.9,62.23333333333334,66.9,False
Зайцева Ульяна Кузьмовна,Ж,2024,заочная,Экономика,"ст. Верхнее Пенжино, ул. бул. Карла Маркса, д. 6/7, кв. 185",82638409112,75.9,,,,67.5,,51.9,66.9,62.1,68.3,True
Козлова Юлия Кононовна,Ж,2024,заочная,Информатика и вычислительная техника,"ст. Рославль, ул. наб. Сельская, д. 16, кв. 132",+75288375056,78.5,,,60.3,,56.6,,42.1,53.0,60.8,False
Михайлов Святослав Владленович,М,2024,очная,Химия,"д. Глазов, ул. пер. Щербакова, д. 3/1, кв. 151",81863239791,86.0,55.8,62.2,,70.7,,,,62.9,71.7,True
Воробьева Прасковья Клавдиевна,Ж,2024,заочная,Экономика,"с. Холмогоры, ул. алл. Народная, д. 4/1, кв. 203",+77876553007,79.4,,,,,59.2,68.0,68.8,65.33333333333333,70.4,True
Титова Зоя Якововна,Ж,2024,заочная,Экономика,"д. Шатки, ул. наб. Уральская, д. 8/1, кв. 80",+70950556057,78.6,70.7,62.1,59.9,,,,,64.23333333333333,70.6,True
Егоров Климент Исаевич,М,2024,очная,Химия,"г. Мытищи, ул. бул. Волгоградский, д. 86, кв. 59",+72198819277,70.1,,59.5,84.9,,,66.8,,70.39999999999999,68.8,False
Гришин Агафон Вениаминович,М,2024,очная,Биология,"п. Кашира, ул. наб. Курганная, д. 648, кв. 218",88519053486,82.8,,45.7,,,,47.0,73.4,55.366666666666674,63.5,False
Захарова Элеонора Харлампиевна,Ж,2024,очно-заочная,Химия,"клх Люберцы, ул. бул. Деповский, д. 425, кв. 103",+70104246245,82.2,59.1,60.7,,,,62.7,,60.833333333333336,68.5,False
Прохорова Виктория Прокофиевна,Ж,2024,заочная,Информатика и вычислительная техника,"к. Баргузин, ул. ш. Безымянное, д. 23, кв. 64",81851744600,91.3,,,86.0,,,67.7,69.2,74.3,82.0,True
Константинов Моисей Демидович,М,2024,очно-заочная,Физика,"п. Соликамск, ул. наб. Степана Разина, д. 7/8, кв. 48",+75212899151,76.5,73.8,57.4,,,,49.2,,60.133333333333326,65.5,False
Шарова Иванна Измаиловна,Ж,2024,очная,Прикладная математика,"г. Надым, ул. наб. Железнодорожная, д. 5, кв. 50",+74551293913,79.6,,57.9,,70.1,40.0,,,56.0,63.6,False
Королев Святослав Стоянович,М,2024,заочная,Прикладная математика,"д. Канск, ул. бул. Горького, д. 66, кв. 58",+74488189848,79.8,63.3,67.7,63.9,,,,,64.96666666666667,70.6,True
Александров Амос Бориславович,М,2024,очная,История,"г. Енисейск, ул. бул. Леваневского, д. 2/2, кв. 83",+71604615402,87.8,74.1,,67.2,,59.8,,,67.03333333333335,76.0,True
Кириллова Вероника Герасимовна,Ж,2024,заочная,Медицинская биохимия,"с. Домодедово, ул. бул. Донской, д. 3/7, кв. 232",+71901707568,77.7,71.8,49.3,,,,71.2,,64.10000000000001,70.2,True
Ситников Серафим Остромирович,М,2024,заочная,Биология,"ст. Богучар, ул. пр. Горняцкий, д. 28, кв. 216",+74298315229,80.0,91.1,,,,75.1,,65.4,77.2,80.2,True
Фролов Нестор Потапович,М,2024,очно-заочная,Информатика и вычислительная техника,"п. Эльтон, ул. ул. Цветочная, д. 4/3, кв. 41",+70732283608,81.9,,55.4,59.5,,,68.5,,61.13333333333333,66.5,True
Никитин Гурий Флорентинович,М,2024,очная,Медицинская биохимия,"д. Усть-Джегута, ул. алл. М.Горького, д. 457, кв. 174",+79378306396,79.4,,,65.8,73.5,71.2,,,70.16666666666667,71.8,True
Зайцева Любовь Капитоновна,Ж,2024,заочная,Медицинская биохимия,"с. Стерлитамак, ул. ул. Нагорная, д. 3, кв. 145",+78452696944,75.6,,,59.8,,62.6,81.7,,68.03333333333335,71.1,True
Зайцева Валерия Гуриевна,Ж,2024,очно-заочная,Экономика,"с. Абинск, ул. пр. Гагарина, д. 2, кв. 96",+79164970169,79.5,73.5,,,,,77.4,59.2,70.03333333333335,74.6,True
Власов Ростислав Савелиевич,М,2024,очная,Биология,"г. Красноселькуп, ул. наб. Карла Маркса, д. 102, кв. 34",+74292913203,84.7,,,73.3,65.7,55.9,,,64.96666666666667,71.0,True
Мухина Клавдия Твердиславовна,Ж,2024,очно-заочная,Экономика,"клх Тотьма, ул. алл. Культуры, д. 634, кв. 226",+70162341903,72.1,60.6,61.3,64.3,,,,,62.06666666666666,64.5,True
Щербаков Игорь Никитович,М,2024,очная,Химия,"п. Шадринск, ул. наб. Толбухина, д. 8/7, кв. 13",+70615372215,79.1,,57.6,,,,72.7,63.3,64.53333333333335,70.8,False
Белоусов Савватий Галактионович,М,2024,заочная,Прикладная математика,"клх Барнаул, ул. наб. Октябрьская, д. 74, кв. 176",86684732365,74.1,,76.2,73.2,,,57.2,,68.86666666666667,68.9,True
Беспалова Светлана Платоновна,Ж,2024,очно-заочная,Медицинская биохимия,"клх Нижневартовск, ул. наб. Верхняя, д. 73, кв. 139",+73774604067,85.5,59.9,,,54.9,,57.0,,57.26666666666667,66.6,True
Дмитриева Агафья Прохоровна,Ж,2024,очно-заочная,Информатика и вычислительная техника,"г. Буденновск, ул. алл. Шахтерская, д. 3/2, кв. 13",+70078436142,69.2,41.2,,,,63.0,,65.1,56.43333333333334,60.9,True
Ларионова Марина Луковна,Ж,2024,заочная,Физика,"г. Корсаков, ул. алл. Бригадная, д. 1/2, кв. 140",+74260781975,74.9,61.8,76.5,,,,,62.3,66.86666666666667,69.9,False
Федосеев Тарас Андроникович,М,2024,очная,Прикладная математика,"п. Дудинка, ул. ул. Гражданская, д. 98, кв. 44",+73734764273,80.6,,44.5,79.9,,,,55.9,60.1,68.2,False
Фомичев Валерий Твердиславович,М,2024,заочная,Экономика,"ст. Клин, ул. алл. Речная, д. 71, кв. 134",82037638821,87.7,,,81.6,,65.3,,76.4,74.43333333333332,78.5,True
Пестов Мина Пименович,М,2024,очно-заочная,Физика,"клх Приморско-Ахтарск, ул. алл. Карбышева, д. 238, кв. 167",+75841484601,77.9,74.6,57.4,,64.5,,,,65.5,70.3,False
Русакова Эмилия Кимовна,Ж,2024,заочная,Физика,"п. Оленек, ул. пер. Первомайский, д. 9/5, кв. 166",81344389982,75.0,,51.5,,,82.5,65.2,,66.39999999999999,69.8,False
Дорофеева Лора Карловна,Ж,2024,очно-заочная,Биология,"с. Старая Русса, ул. алл. Шоссейная, д. 305, кв. 21",88020586950,89.6,,54.8,,64.3,,74.5,,64.53333333333333,73.5,True
Сидоров Валерьян Фотиевич,М,2024,заочная,Биология,"клх Волгодонск, ул. ш. Березовое, д. 1/8, кв. 30",83214644936,69.6,,,,70.5,68.8,,60.0,66.43333333333334,68.1,True
Суворова Марфа Иларионовна,Ж,2024,очная,Физика,"п. Курск, ул. пер. Радищева, д. 689, кв. 27",89951679335,65.1,48.6,55.4,,63.3,,,,55.76666666666667,58.1,False
Мамонтова Феврония Евлампиевна,Ж,2024,очно-заочная,Информатика и вычислительная техника,"п. Серпухов, ул. ул. Попова, д. 219, кв. 160",+75573857368,80.9,,70.9,66.7,75.2,,,,70.93333333333334,72.8,True
Ширяева Регина Дмитриевна,Ж,2024,очно-заочная,Медицинская биохимия,"ст. Междуреченский, ул. наб. Большевистская, д. 7, кв. 156",+71192360376,75.3,74.5,64.5,,,,,71.2,70.06666666666666,70.4,True
Хохлова Лариса Автономовна,Ж,2024,очная,Прикладная математика,"п. Югорск, ул. пр. Чайковского, д. 7, кв. 211",81187233351,72.2,66.1,72.9,,,,,66.9,68.63333333333334,68.8,True
Никонов Авксентий Артемович,М,2024,заочная,Медицинская биохимия,"д. Кажим, ул. пр. Панфилова, д. 2/4, кв. 113",+74096149731,82.6,55.2,79.6,,,50.3,,,61.70000000000001,69.0,True
Тихонова Агафья Валерьяновна,Ж,2024,очная,Биология,"клх Гдов, ул. бул. О.Кошевого, д. 3/7, кв. 62",83911498307,79.8,83.6,68.0,,,,59.4,,70.33333333333333,75.0,True
Орлов Станислав Прокофиевич,М,2024,заочная,Физика,"с. Воткинск, ул. алл. Короленко, д. 8/9, кв. 57",+78207365118,74.9,60.0,54.6,,,41.9,,,52.166666666666664,60.9,False
Поляков Милий Кондратиевич,М,2024,очная,Химия,"к. Ногинск (Моск.), ул. пр. Портовый, д. 2/4, кв. 140",83940655782,70.6,61.9,,74.7,,,,61.6,66.06666666666666,68.8,False
Григорьев Ипатий Ананиевич,М,2024,очная,История,"клх Луга, ул. ш. Шоссейное, д. 42, кв. 176",+71904322302,83.5,,,65.0,,70.6,,49.7,61.76666666666667,68.8,False
Орехова Алевтина Вадимовна,Ж,2024,очно-заочная,Прикладная математика,"клх Оленек, ул. ул. Дружбы, д. 7, кв. 227",+73324707392,82.2,60.0,88.3,,,54.5,,,67.60000000000001,72.3,True
Субботина Анастасия Чеславовна,Ж,2024,очно-заочная,Прикладная математика,"п. Тавда, ул. пр. Логовой, д. 50, кв. 244",+71354621276,77.7,66.8,,,,85.3,,61.8,71.3,73.1,True
Селиверстов Ерофей Эммануилович,М,2024,заочная,Медицинская биохимия,"г. Серов, ул. пр. Фестивальный, д. 3, кв. 161",+72508261123,89.4,,,,,77.7,62.0,79.0,72.89999999999999,77.4,True
Рогова Варвара Виссарионовна,Ж,2024,очная,Медицинская биохимия,"к. Кажим, ул. наб. Моховая, д. 996, кв. 189",+72616324888,71.9,60.2,,,,64.5,64.7,,63.13333333333333,64.4,True
Гордеев Боян Эрнестович,М,2024,заочная,История,"п. Пушкин, ул. наб. Серафимовича, д. 646, кв. 97",89572989376,69.1,,,,78.4,,65.0,68.0,70.46666666666667,70.4,True
Мельникова Василиса Феофановна,Ж,2024,очная,Химия,"д. Тихвин, ул. пр. Рабочий, д. 96, кв. 144",+79745493036,74.1,,66.9,85.9,,,,72.6,75.13333333333334,76.7,True
Самсонов Доброслав Венедиктович,М,2024,очная,Экономика,"г. Армавир, ул. наб. Проточная, д. 4/7, кв. 187",+76871912038,78.0,40.0,45.7,,,66.1,,,50.6,58.9,True
Максимова Евгения Куприяновна,Ж,2024,очно-заочная,Информатика и вычислительная техника,"клх Быково (метеост.), ул. ш. Чайковского, д. 22, кв. 170",+78769208283,79.8,65.3,,,,66.9,63.6,,65.26666666666667,68.5,True
Нестерова Октябрина Афиногеновна,Ж,2024,очная,Медицинская биохимия,"с. Беслан, ул. пр. Ворошилова, д. 24, кв. 12",+73089813881,76.9,63.1,,,,78.6,,60.2,67.3,71.8,True
Стрелкова Оксана Кирилловна,Ж,2024,очно-заочная,Прикладная математика,"г. Октябрьское (Хант.), ул. бул. Безымянный, д. 818, кв. 44",88814458220,80.4,61.1,72.3,,,55.2,,,62.866666666666674,68.0,False
Шубина Наталья Любомировна,Ж,2024,очно-заочная,Медицинская биохимия,"д. Енисейск, ул. наб. Ильича, д. 183, кв. 23",87323182971,70.8,,56.1,,,,74.6,60.2,63.633333333333326,67.5,True
Сорокина Зоя Афанасиевна,Ж,2024,очная,Физика,"с. Черкесск, ул. ш. Юности, д. 875, кв. 135",88157245000,87.0,,,63.8,63.6,69.4,,,65.60000000000001,73.9,True
Носов Кирилл Аркадиевич,М,2024,очная,Физика,"ст. Чебаркуль, ул. пр. Балтийский, д. 1/6, кв. 42",+70015291137,77.8,,59.0,,,,63.3,42.7,55.0,64.8,False
Колесников Наум Марианович,М,2024,заочная,Прикладная математика,"г. Сусуман, ул. ул. Заозерная, д. 9, кв. 219",+77850902556,85.0,69.8,66.9,,59.5,,,,65.39999999999999,71.9,True
Осипова Анастасия Капитоновна,Ж,2024,заочная,Прикладная математика,"ст. Нарткала, ул. пр. Декабристов, д. 989, кв. 170",+78444218299,80.4,,75.6,,59.7,,53.1,,62.800000000000004,69.6,True
Быков Денис Архипович,М,2024,заочная,Прикладная математика,"г. Ряжск, ул. ул. 8-е Марта, д. 75, кв. 221",87478122489,81.0,65.6,,58.7,66.8,,,,63.699999999999996,69.6,True
Гущина Пелагея Евстигнеевна,Ж,2024,очно-заочная,Химия,"г. Подольск, ул. алл. Мирная, д. 89, кв. 245",+75670867009,81.7,65.3,,,,,62.3,70.9,66.16666666666667,72.1,True
Карпов Юлиан Денисович,М,2024,очно-заочная,История,"ст. Нижний Тагил, ул. пр. Водопроводный, д. 2/7, кв. 153",+70436551584,81.0,83.7,,,72.7,,61.0,,72.46666666666667,75.3,True
Киселев Селиверст Гаврилович,М,2024,очно-заочная,Медицинская биохимия,"д. Приморско-Ахтарск, ул. алл. Советов, д. 419, кв. 135",82669136248,82.2,,54.2,,,,58.6,65.1,59.300000000000004,66.1,True
Комиссарова София Петровна,Ж,2024,очно-заочная,Химия,"с. Тутаев, ул. алл. Коммунистическая, д. 830, кв. 20",+75505429608,86.3,,,,,63.5,63.6,64.7,63.93333333333334,71.8,True
Горбачева Екатерина Вацлавовна,Ж,2024,очно-заочная,Медицинская биохимия,"с. Нижневартовск, ул. алл. Ярославская, д. 463, кв. 108",+77063369987,79.5,93.9,,,,58.6,,64.0,72.16666666666667,74.8,True
Терентьева Нинель Исидоровна,Ж,2024,очно-заочная,Экономика,"ст. Кондопога, ул. ул. Чайкиной, д. 5, кв. 149",85098221040,82.6,,,64.1,74.2,69.9,,,69.4,75.3,True
Морозов Варфоломей Афанасиевич,М,2024,очная,Экономика,"ст. Балтийск, ул. наб. Весенняя, д. 37, кв. 154",+76481880442,77.8,79.9,,40.0,,,,44.8,54.9,63.9,True
Дроздов Аскольд Ипатиевич,М,2024,заочная,Информатика и вычислительная техника,"клх Магнитогорск, ул. наб. Буденного, д. 75, кв. 232",87738363816,86.9,64.7,72.0,,,,54.8,,63.833333333333336,72.6,True
Соколов Прокофий Сергеевич,М,2024,заочная,Физика,"клх Шатки, ул. пер. Волжский, д. 57, кв. 188",+73212694289,74.2,70.9,74.7,,,,,40.0,61.866666666666674,64.6,False
Лапин Геннадий Августович,М,2024,заочная,Химия,"д. Яшалта, ул. алл. Безымянная, д. 6, кв. 28",+76420362586,89.1,,59.0,59.3,,,,53.1,57.13333333333333,69.2,False
Харитонова Александра Никитовна,Ж,2024,очная,Медицинская биохимия,"ст. Курчатов, ул. ул. Воронежская, д. 9, кв. 226",+71441706462,78.1,,,60.2,,73.5,,63.4,65.7,70.0,True
Алексеева Ираида Максимовна,Ж,2024,заочная,Физика,"клх Красноселькуп, ул. ш. Журавлева, д. 3/2, кв. 210",85402635582,69.7,49.5,,40.0,61.1,,,,50.199999999999996,58.6,False
Игнатьев Никифор Авдеевич,М,2024,очно-заочная,Медицинская биохимия,"клх Калач, ул. пр. Почтовый, д. 486, кв. 147",+73017646448,79.1,64.6,,74.1,64.9,,,,67.86666666666666,73.5,True
Рогов Софон Селиверстович,М,2024,очная,Информатика и вычислительная техника,"к. Красноярск, ул. ул. Портовая, д. 6, кв. 60",88803153888,74.2,,,,62.8,47.5,76.0,,62.1,64.6,True
Кудряшов Самсон Олимпиевич,М,2024,очная,Медицинская биохимия,"к. Оха, ул. алл. Интернациональная, д. 80, кв. 154",+74527905040,83.3,60.6,,87.9,66.8,,,,71.76666666666667,77.1,True
Потапов Архип Зиновиевич,М,2024,заочная,История,"д. Нарьян-Мар, ул. ш. Шоссейное, д. 5/6, кв. 226",+73333538495,74.4,,71.3,40.0,47.4,,,,52.9,58.6,False
Блинова Агата Светозаровна,Ж,2024,очно-заочная,Биология,"п. Ярославль, ул. наб. Речная, д. 81, кв. 124",+76321119787,75.6,,,62.6,46.8,,77.5,,62.300000000000004,66.4,True
Ермакова Варвара Терентиевна,Ж,2024,заочная,Информатика и вычислительная техника,"к. Вилюйск, ул. пр. Юности, д. 413, кв. 247",+78093391373,67.0,66.0,74.9,,,,,81.2,74.03333333333335,71.7,True
Миронова Людмила Лазаревна,Ж,2024,очная,Экономика,"п. Рубцовск, ул. пр. Кооперативный, д. 3/2, кв. 123",+76530601198,75.6,,53.2,,69.8,,,70.4,64.46666666666667,67.0,True
Павлова Милица Будимировна,Ж,2024,заочная,Химия,"клх Магадан, ул. ул. Осенняя, д. 3, кв. 167",85617868800,63.8,77.3,,,54.6,,,71.4,67.76666666666667,67.4,False
Лукин Михей Матвеевич,М,2024,очная,История,"клх Зеленоград, ул. бул. Просторный, д. 498, кв. 208",+73009156182,68.8,,56.4,,83.3,,,54.0,64.56666666666666,64.1,False
Одинцова Анжелика Родионовна,Ж,2024,очная,Информатика и вычислительная техника,"с. Кострома, ул. алл. Белорусская, д. 6/5, кв. 231",88036577449,82.9,63.5,,,,84.6,65.6,,71.23333333333333,74.0,True
Юдин Корнил Егорович,М,2024,очная,История,"г. Урюпинск, ул. ул. Гоголя, д. 5, кв. 44",+76093659520,83.0,51.5,,,,,73.4,55.6,60.166666666666664,68.5,False
Жданова Дарья Андроновна,Ж,2024,очно-заочная,Химия,"ст. Усть-Калманка, ул. ш. Поперечное, д. 30, кв. 178",+74911894184,80.9,,,70.5,46.6,,62.1,,59.73333333333333,68.0,False
Нестерова Мария Евграфовна,Ж,2024,очно-заочная,Химия,"п. Нурлат, ул. ул. Свердлова, д. 7/6, кв. 180",+73687509263,72.5,90.4,75.0,,,,,71.6,79.0,78.4,True
Игнатова Клавдия Никитовна,Ж,2024,заочная,Химия,"г. Тольятти, ул. пр. Ключевой, д. 7, кв. 71",+72399821374,78.0,,,,,73.0,72.3,66.4,70.56666666666668,74.0,True
Евдокимов Вацлав Миронович,М,2024,заочная,Экономика,"д. Чайковский, ул. наб. Пушкинская, д. 8, кв. 90",85611404288,78.3,70.7,58.9,,69.5,,,,66.36666666666666,71.2,True
Михайлова Пелагея Порфириевна,Ж,2024,заочная,Прикладная математика,"д. Улан-Удэ, ул. пер. Ключевой, д. 17, кв. 82",80505376660,71.3,,,,73.1,,76.5,58.0,69.2,69.5,True
Кудрявцев Евграф Анатолиевич,М,2024,очно-заочная,Биология,"ст. Данков, ул. наб. Механизаторов, д. 990, кв. 233",81126003083,87.3,62.7,,71.7,,,,58.5,64.3,70.4,True
Козлова Евдокия Христофоровна,Ж,2024,заочная,Физика,"с. Буденновск, ул. бул. Кирпичный, д. 735, кв. 82",86691062715,83.6,,,67.1,,64.9,,77.6,69.86666666666666,73.2,True
Емельянова Жанна Никитовна,Ж,2024,очно-заочная,Химия,"п. Чебоксары, ул. пер. Ягодный, д. 823, кв. 98",+71234550688,77.0,,,,63.8,75.4,,73.1,70.76666666666667,73.1,True
Вишняков Арсений Тимурович,М,2024,очная,Экономика,"с. Черкесск, ул. бул. Олега Кошевого, д. 62, кв. 60",+76917768293,78.5,,,,40.9,79.0,55.3,,58.4,66.1,True
Чернова Ксения Творимировна,Ж,2024,очная,История,"д. Орел, ул. ул. Сплавная, д. 418, кв. 156",84401348087,79.6,,68.9,,,,57.5,52.6,59.666666666666664,66.3,False
Меркушев Радим Аггеевич,М,2024,очно-заочная,Химия,"ст. Юрьев-Польский, ул. ш. Камское, д. 3, кв. 72",+75437882603,66.0,,41.7,,,,66.9,59.1,55.900000000000006,60.4,False
Ширяева Александра Аполлоновна,Ж,2024,очно-заочная,Медицинская биохимия,"к. Агата, ул. пр. Новостройка, д. 48, кв. 70",+75910157090,76.8,61.5,,,60.7,,56.9,,59.699999999999996,65.8,True
Устинова Лукия Андрониковна,Ж,2024,очная,Прикладная математика,"п. Каневская, ул. ш. Чкалова, д. 53, кв. 54",85991449207,74.2,73.0,,,82.3,,,52.5,69.26666666666667,69.3,True
Ковалев Онуфрий Еремеевич,М,2024,очно-заочная,Биология,"к. Волоколамск, ул. бул. Революции, д. 5/1, кв. 130",+79269996996,72.3,,,57.2,,,78.5,79.1,71.6,70.6,True
Рыбакова Регина Терентиевна,Ж,2024,очная,Экономика,"ст. Новый Оскол, ул. ш. Высотное, д. 44, кв. 187",+78997184285,76.6,58.4,,,,65.2,63.0,,62.199999999999996,68.6,True
Гришина Виктория Фоковна,Ж,2024,заочная,Биология,"с. Юровск, ул. алл. Ворошилова, д. 1, кв. 116",86932591408,89.1,65.6,,,67.6,78.2,,,70.46666666666665,77.9,True
Стрелков Игорь Аскольдович,М,2024,очная,Медицинская биохимия,"п. Невинномысск, ул. ш. Рабочее, д. 3, кв. 250",+79932312342,82.1,68.1,,60.1,,,53.0,,60.4,69.6,True
Зиновьев Анатолий Вячеславович,М,2024,очная,Экономика,"д. Курчатов, ул. пр. Октябрьский, д. 79, кв. 207",86980690872,74.9,,53.7,,50.2,81.4,,,61.76666666666667,64.8,True
Лапина Пелагея Адамовна,Ж,2024,заочная,История,"к. Муром, ул. алл. Энергетиков, д. 676, кв. 12",81760723483,81.7,,67.2,,,,57.4,51.7,58.76666666666667,68.8,False
Буров Савва Янович,М,2025,очно-заочная,Информатика и вычислительная техника,"с. Гремячинск (Бурят.), ул. ш. Проезжее, д. 609, кв. 71",89359538280,87.0,58.1,53.9,65.4,,,,,59.13333333333333,67.7,True
Николаев Аникита Владиславович,М,2025,заочная,Физика,"д. Тикси, ул. пр. Сахалинский, д. 5, кв. 190",+70561299650,84.1,,,53.5,48.7,,,69.7,57.300000000000004,64.7,False
Захаров Агафон Антипович,М,2025,очная,Прикладная математика,"клх Октябрьское (Хант.), ул. пер. Блюхера, д. 8/9, кв. 157",82695826418,79.0,,,68.5,71.5,57.6,,,65.86666666666666,72.5,False
Бирюков Леон Валериевич,М,2025,очная,Химия,"с. Амурск, ул. пр. Загородный, д. 1/7, кв. 150",89656130876,74.7,,,57.1,,47.3,63.1,,55.833333333333336,61.6,False
Костина Оксана Даниловна,Ж,2025,очная,Медицинская биохимия,"г. Кудымкар, ул. пер. Щетинкина, д. 410, кв. 205",+72385951434,82.8,,,,,70.3,73.3,65.9,69.83333333333333,75.0,True
Голубев Харлампий Вацлавович,М,2025,очная,Физика,"ст. Северобайкальск, ул. ул. Луначарского, д. 8/6, кв. 108",88239484002,81.0,,72.0,,,55.7,,78.4,68.7,71.7,True
Чернов Викентий Чеславович,М,2025,очная,Информатика и вычислительная техника,"клх Мурманск, ул. ул. Титова, д. 788, кв. 242",83008696610,84.0,,67.4,70.2,57.9,,,,65.16666666666667,72.1,True
Поляков Яков Арсениевич,М,2025,заочная,Физика,"клх Владикавказ, ул. пр. Победа, д. 5, кв. 145",+76831139500,82.4,51.8,,,,61.6,82.1,,65.16666666666667,72.8,True
Котов Егор Мартынович,М,2025,очная,Биология,"п. Листвянка (Иркут.), ул. бул. Портовый, д. 7, кв. 148",+76809414915,84.9,,,,56.9,73.4,,54.4,61.56666666666667,69.0,False
Большаков Олег Виссарионович,М,2025,очно-заочная,Биология,"г. Лабинск, ул. наб. Северная, д. 7, кв. 105",+77628397620,75.4,,77.0,,,64.3,,85.2,75.5,76.1,True
Некрасов Фирс Всеславович,М,2025,заочная,Информатика и вычислительная техника,"с. Нерчинск, ул. наб. Трудовая, д. 34, кв. 204",83440777946,86.5,,,52.3,,70.9,,70.5,64.56666666666666,71.0,True
Дьячков Любим Ермилович,М,2025,заочная,Биология,"г. Соликамск, ул. ш. Славянское, д. 8, кв. 32",+70726629250,79.8,,62.9,,,,71.4,63.5,65.93333333333334,71.3,False
Капустина Алина Дементиевна,Ж,2025,заочная,Информатика и вычислительная техника,"г. Гудермес, ул. наб. Весенняя, д. 68, кв. 224",81776029914,91.1,,,69.6,,44.6,45.9,,53.36666666666667,65.9,False
Голубев Марк Виссарионович,М,2025,очная,Экономика,"с. Змеиногорск, ул. ш. Достоевского, д. 9, кв. 203",+76884133373,74.5,,,60.8,,,77.0,68.9,68.9,69.7,True
Баранов Кир Павелович,М,2025,очная,Информатика и вычислительная техника,"клх Приозерск, ул. ш. Ленское, д. 4, кв. 195",+72552356178,89.0,56.2,,82.5,,,,71.5,70.06666666666666,75.9,True
Игнатова Глафира Моисеевна,Ж,2025,заочная,История,"ст. Устюжна, ул. ш. Интернациональное, д. 4/6, кв. 132",+77032119206,79.8,53.6,64.2,,,61.3,,,59.70000000000001,65.5,False
Сергеев Фадей Порфириевич,М,2025,очная,Биология,"п. Ангарск, ул. бул. Промышленный, д. 812, кв. 141",+73638527789,74.7,45.5,,,59.4,54.7,,,53.20000000000001,62.3,False
Стрелков Илья Фомович,М,2025,очно-заочная,Химия,"д. Нальчик, ул. ул. Снежная, д. 648, кв. 38",86133718444,75.7,,68.1,59.4,,49.7,,,59.06666666666666,64.5,False
Кузьмина Алина Варлаамовна,Ж,2025,очно-заочная,История,"с. Нижнеудинск, ул. пер. Достоевского, д. 1/4, кв. 100",80295026480,76.7,,77.0,,,,67.0,66.9,70.3,71.5,True
Мельников Юлий Глебович,М,2025,очная,Экономика,"с. Домодедово, ул. ул. Каштановая, д. 4/5, кв. 78",+76440373416,81.1,,,,62.2,72.5,,69.5,68.06666666666666,72.4,True
Бобылев Аггей Севастьянович,М,2025,заочная,Медицинская биохимия,"п. Яр-Сале, ул. пер. Отрадный, д. 9/7, кв. 192",88127782210,81.7,,55.4,,,66.3,,64.4,62.03333333333333,68.2,True
Иванов Болеслав Аверьянович,М,2025,очная,Прикладная математика,"п. Воронеж, ул. пер. Мостовой, д. 43, кв. 95",+71798213486,75.2,,82.8,,61.7,,80.5,,75.0,76.0,True
Гущин Денис Брониславович,М,2025,очная,Информатика и вычислительная техника,"клх Раменское, ул. ул. Беляева, д. 273, кв. 227",+79857973638,78.5,,64.0,,59.2,66.7,,,63.300000000000004,70.5,True
Белозеров Христофор Кондратиевич,М,2025,очная,Биология,"к. Лагань, ул. ш. 70 лет Октября, д. 8/7, кв. 45",+71828560539,91.5,,69.1,,,63.9,,49.1,60.699999999999996,71.2,False
Шубина Наина Савелиевна,Ж,2025,заочная,История,"п. Осташков, ул. алл. Ветеранов, д. 9/6, кв. 179",80798661770,89.0,58.3,,76.3,,,,66.5,67.03333333333333,76.2,True
Ершов Владлен Гаврилович,М,2025,очно-заочная,Экономика,"д. Эльбрус, ул. пер. Восьмого Марта, д. 5/8, кв. 248",87368205068,81.2,,42.0,,90.2,,76.1,,69.43333333333332,73.8,True
Галкина Ираида Радимовна,Ж,2025,очная,Экономика,"д. Кущевская, ул. бул. Лунный, д. 94, кв. 183",+71223552165,78.8,,,68.7,54.0,,,71.6,64.76666666666667,68.3,True
Журавлев Остап Демидович,М,2025,заочная,Физика,"п. Черусти, ул. наб. Окружная, д. 8/5, кв. 225",+75871469218,79.3,,,59.4,72.0,69.9,,,67.10000000000001,72.1,True
Шубин Юлиан Андреевич,М,2025,заочная,Экономика,"ст. Колпашево, ул. пр. 30 лет Победы, д. 7/9, кв. 122",+71925967908,82.3,,,63.7,62.9,60.3,,,62.29999999999999,69.4,True
Королева Фёкла Сигизмундовна,Ж,2025,очно-заочная,История,"г. Кунгур, ул. ш. Кавказское, д. 876, кв. 91",88436998480,72.5,,,,47.9,,70.0,68.6,62.166666666666664,66.4,False
Селиверстов Юлий Брониславович,М,2025,заочная,История,"к. Шарья, ул. пр. 60 лет Октября, д. 24, кв. 20",+72050938694,77.1,72.3,,78.9,,,76.0,,75.73333333333333,77.8,True
Шестаков Ладислав Панкратович,М,2025,заочная,Физика,"ст. Соликамск, ул. ш. Портовое, д. 10, кв. 202",84249598811,68.6,,73.6,,56.9,,,57.3,62.6,64.5,False
Наумова Агата Измаиловна,Ж,2025,заочная,Химия,"клх Баргузин, ул. пер. Литейный, д. 765, кв. 92",+75788707152,81.0,61.3,78.1,,,,,56.3,65.23333333333333,72.4,True
Ковалев Евдоким Тарасович,М,2025,очно-заочная,Прикладная математика,"п. Любань, ул. бул. Механический, д. 4, кв. 135",+78676738209,82.5,78.8,80.8,,68.5,,,,76.03333333333333,79.3,True
Орехов Валентин Митофанович,М,2025,очная,Химия,"клх Ребриха, ул. наб. Высоковольтная, д. 3, кв. 234",84619177987,75.7,61.3,,63.6,65.2,,,,63.366666666666674,67.6,False
Селезнева София Ефимовна,Ж,2025,очно-заочная,Информатика и вычислительная техника,"ст. Гудермес, ул. пр. Парижской Коммуны, д. 500, кв. 120",88299687225,88.0,,63.1,73.4,,59.9,,,65.46666666666667,73.8,True
Мамонтова Октябрина Ярославовна,Ж,2025,очная,Медицинская биохимия,"ст. Холмогоры, ул. бул. Крестьянский, д. 503, кв. 150",89370858062,71.2,,,,71.0,,62.2,78.5,70.56666666666666,70.1,True
Егорова Евфросиния Аполлинариевна,Ж,2025,заочная,Информатика и вычислительная техника,"ст. Раменское, ул. ул. Крестьянская, д. 6/2, кв. 23",+75040566957,69.8,66.6,,40.2,,,,55.6,54.13333333333333,61.6,False
Макаров Евлампий Геннадиевич,М,2025,заочная,Физика,"клх Мончегорск, ул. пер. Рыбацкий, д. 5/7, кв. 110",80012482554,79.9,,,67.1,,68.6,,69.5,68.39999999999999,73.1,True
Чернова Олимпиада Демьяновна,Ж,2025,очная,Биология,"к. Мелеуз, ул. пр. Рылеева, д. 2/9, кв. 165",+72867963259,84.9,49.1,,,,66.9,,48.1,54.699999999999996,63.4,False
Агафонов Гордей Аникеевич,М,2025,очно-заочная,Биология,"д. Суздаль, ул. бул. Советский, д. 8, кв. 188",+72328946338,88.7,80.3,,76.4,,,51.1,,69.26666666666667,75.4,True
Юдин Аполлинарий Михаилович,М,2025,очно-заочная,Биология,"с. Орел, ул. пер. Братский, д. 652, кв. 104",81562415285,75.8,55.4,,75.8,,,,53.8,61.666666666666664,67.1,False
Никитина Ия Платоновна,Ж,2025,очно-заочная,Биология,"д. Черский, ул. наб. Северная, д. 442, кв. 178",82562926933,85.1,,57.4,,68.3,68.1,,,64.6,70.0,False
Миронова Зоя Якововна,Ж,2025,очная,Химия,"г. Ирбит, ул. пер. Производственный, д. 7/5, кв. 219",88951381865,78.4,56.5,,40.1,,,45.9,,47.5,56.4,False
Соловьев Радован Василиевич,М,2025,заочная,Медицинская биохимия,"к. Лабинск, ул. ш. Мусы Джалиля, д. 99, кв. 109",80784685095,77.6,,62.3,,55.9,,69.4,,62.53333333333333,67.6,True
Стрелков Антонин Тимофеевич,М,2025,заочная,Информатика и вычислительная техника,"п. Бомнак, ул. наб. Горная, д. 2, кв. 56",84430349189,83.9,76.9,,,60.7,,,76.0,71.2,75.0,True
Яковлева Дарья Алексеевна,Ж,2025,заочная,Информатика и вычислительная техника,"д. Осташков, ул. пр. Спортивный, д. 8, кв. 79",+71797203859,82.5,56.4,,,75.2,65.1,,,65.56666666666666,71.2,True
Копылова Пелагея Викторовна,Ж,2025,очная,Экономика,"ст. Корсаков, ул. алл. Революционная, д. 8, кв. 188",+74015364154,69.1,63.4,,74.7,70.8,,,,69.63333333333333,68.5,True
Самсонова Анжела Измаиловна,Ж,2025,заочная,Физика,"п. Кудымкар, ул. пр. Горького, д. 3, кв. 1",81553132593,87.5,44.4,58.3,,59.2,,,,53.96666666666666,64.4,False
Капустин Прокл Фокович,М,2025,заочная,Физика,"к. Шерегеш, ул. наб. Детская, д. 402, кв. 201",87813675009,86.9,63.0,,,,77.3,,74.5,71.60000000000001,77.7,True
Гаврилова Лидия Евстафиевна,Ж,2025,очно-заочная,Информатика и вычислительная техника,"клх Кингисепп, ул. ш. 70 лет Октября, д. 786, кв. 80",+72141052769,74.8,,60.5,,80.8,65.8,,,69.03333333333335,71.1,True
Данилова Лидия Венедиктовна,Ж,2025,заочная,Биология,"с. Махачкала, ул. ул. Одесская, д. 235, кв. 130",81987809270,81.0,70.3,,,,,66.7,77.8,71.60000000000001,73.7,False
Данилов Любосмысл Валерьянович,М,2025,очно-заочная,Химия,"г. Диксон, ул. наб. Королева, д. 74, кв. 198",+75238885622,81.6,,,49.8,,,53.7,51.3,51.6,61.4,False
Зиновьев Изот Остромирович,М,2025,очная,Химия,"д. Быково (метеост.), ул. наб. Союзная, д. 3, кв. 178",88660598678,80.2,,,75.0,,,80.5,88.2,81.23333333333333,81.2,True
Мельникова Евпраксия Ефимовна,Ж,2025,очно-заочная,Химия,"с. Усть-Джегута, ул. пер. Чернышевского, д. 1, кв. 208",84422758548,75.3,,,77.8,77.6,,56.8,,70.73333333333333,70.6,False
Воронов Афанасий Фотиевич,М,2025,заочная,Медицинская биохимия,"клх Буденновск, ул. алл. Менделеева, д. 6, кв. 207",89655942824,74.6,,52.5,,66.5,,74.6,,64.53333333333333,66.6,False
Зайцев Святослав Поликарпович,М,2025,заочная,Медицинская биохимия,"с. Сковородино, ул. наб. Водопроводная, д. 48, кв. 242",81165020002,78.4,,73.7,,64.5,70.6,,,69.6,71.0,True
Рябов Галактион Юлианович,М,2025,очно-заочная,История,"д. Кетченеры, ул. наб. Социалистическая, д. 903, кв. 17",+75393132155,85.6,,74.8,82.3,,75.8,,,77.63333333333333,81.7,True
Борисова Оксана Никаноровна,Ж,2025,заочная,Экономика,"ст. Орехово-Зуево, ул. алл. Большевистская, д. 39, кв. 80",+73055708368,81.9,65.6,,,72.0,,,70.7,69.43333333333334,74.8,True
Кузьмина Маргарита Ратмировна,Ж,2025,очно-заочная,Химия,"г. Шилка, ул. наб. Надежды, д. 20, кв. 45",+71444889669,76.4,49.8,79.8,75.6,,,,,68.39999999999999,72.2,True
Евдокимова Евдокия Мироновна,Ж,2025,заочная,Биология,"д. Можайск, ул. алл. Дорожников, д. 24, кв. 23",87273677462,83.2,,,54.1,,,70.2,53.8,59.366666666666674,68.6,False
Медведева Ираида Марковна,Ж,2025,очно-заочная,Экономика,"клх Петушки, ул. ул. Курортная, д. 61, кв. 226",+72582543183,61.5,,,51.0,,,66.8,64.4,60.73333333333333,61.7,True
Морозова Василиса Филаретовна,Ж,2025,очно-заочная,Химия,"к. Каменск-Уральский, ул. ш. Трактовое, д. 153, кв. 49",+78123123920,85.5,,,67.0,,75.7,,63.9,68.86666666666666,74.6,True
Матвеева Анастасия Всемиловна,Ж,2025,очная,Медицинская биохимия,"ст. Меренга, ул. наб. Комсомольская, д. 8/9, кв. 23",+79106018364,68.2,,,64.5,60.4,,66.6,,63.833333333333336,65.9,False
Красильников Венедикт Рубенович,М,2025,очно-заочная,Прикладная математика,"г. Югорск, ул. бул. Макаренко, д. 9, кв. 78",82387508276,76.4,72.4,,,63.3,,,62.6,66.1,67.9,False
Гаврилов Ратмир Данилович,М,2025,очно-заочная,Информатика и вычислительная техника,"к. Середниково, ул. пр. Космодемьянской, д. 64, кв. 227",81722577545,71.9,81.6,54.6,,,,,77.5,71.23333333333333,72.0,True
Поляков Мефодий Лаврович,М,2025,очная,История,"г. Усть-Ордынский, ул. бул. Воронежский, д. 526, кв. 88",84726290529,70.8,57.6,,,,,57.9,49.0,54.833333333333336,61.5,False
Яковлева Элеонора Юлиевна,Ж,2025,заочная,Химия,"г. Пушкино (Моск.), ул. наб. Нижняя, д. 206, кв. 235",+78768316082,85.6,,69.2,,47.9,54.3,,,57.133333333333326,67.1,False
Игнатьева Глафира Фадеевна,Ж,2025,очно-заочная,Химия,"клх Оленек, ул. бул. Студенческий, д. 308, кв. 41",81721733739,75.8,,59.1,,72.6,,,75.6,69.1,70.9,False
Беляев Иван Остапович,М,2025,очная,Прикладная математика,"п. Горячинск, ул. пр. Малый, д. 9/3, кв. 39",82052229993,80.7,,63.7,,66.8,76.7,,,69.06666666666666,72.2,False
Емельянова Регина Ермолаевна,Ж,2025,очная,Экономика,"клх Тамбов, ул. наб. Короленко, д. 76, кв. 245",82165914388,78.3,,,,57.6,71.7,,55.1,61.46666666666667,67.9,True
Мухина Феврония Романовна,Ж,2025,очно-заочная,Прикладная математика,"г. Тура, ул. алл. Поперечная, д. 2/1, кв. 3",+73255398358,81.5,,61.5,59.7,,,62.3,,61.166666666666664,69.1,False
Попова Ирина Пахомовна,Ж,2025,заочная,История,"д. Кириши, ул. алл. Есенина, д. 3/3, кв. 142",+74617773264,79.1,68.7,,,68.2,,63.3,,66.73333333333333,72.5,True
Крылова Зинаида Макаровна,Ж,2025,очная,Химия,"г. Каневская, ул. алл. Краснофлотская, д. 507, кв. 144",+70954497912,70.9,,58.6,,76.4,,55.5,,63.5,65.5,False
Савина Нина Ефремовна,Ж,2025,очно-заочная,История,"д. Сыктывкар, ул. бул. Раздольный, д. 4, кв. 143",89970292712,84.6,,76.8,,,90.0,,72.7,79.83333333333333,82.6,True
Блохин Харлампий Геннадиевич,М,2025,очная,Химия,"г. Долинск, ул. пер. Котовского, д. 345, кв. 231",+75397871375,75.6,75.3,,52.2,,73.5,,,67.0,70.3,False
Самсонова Ульяна Аверкиевна,Ж,2025,заочная,Химия,"к. Тобольск, ул. ш. Солнечное, д. 78, кв. 5",+79883220125,69.3,,,59.2,69.2,68.9,,,65.76666666666667,68.5,False
Соловьева Наина Андроновна,Ж,2025,очно-заочная,Химия,"г. Луховицы, ул. пер. Кооперативный, д. 52, кв. 4",80832004879,76.0,76.5,53.3,,,69.0,,,66.26666666666667,69.8,False
Гурьева Олимпиада Силантиевна,Ж,2025,очно-заочная,Биология,"ст. Новороссийск, ул. ш. Чкалова, д. 5/8, кв. 245",88889753585,87.6,64.5,,69.1,,69.6,,,67.73333333333333,74.8,True
Родионова Александра Тарасовна,Ж,2025,заочная,Физика,"клх Шереметьево, ул. наб. Дачная, д. 941, кв. 249",+73860030443,83.7,61.4,,,75.8,66.6,,,67.93333333333332,73.8,True
Архипова Марфа Валерьяновна,Ж,2025,заочная,Биология,"с. Павловский Посад, ул. бул. Большевистский, д. 20, кв. 231",81995171523,76.5,44.3,,83.4,,,59.5,,62.4,68.3,False
Горшков Радислав Иларионович,М,2025,очная,Информатика и вычислительная техника,"к. Ямбург, ул. ш. 40 лет Октября, д. 3/4, кв. 132",81029295014,76.5,73.7,,,,62.7,74.9,,70.43333333333334,74.4,True
Наумова Анжелика Агаповна,Ж,2025,очно-заочная,Медицинская биохимия,"д. Тикси, ул. пер. Азина, д. 6/7, кв. 179",+77483093096,76.7,,68.0,71.7,66.4,,,,68.7,69.8,True
Селиверстов Орест Ерофеевич,М,2025,очная,История,"г. Карачаевск, ул. пр. Интернациональный, д. 3/3, кв. 216",81397191260,91.1,82.1,75.9,,,,,65.5,74.5,78.5,True
Ефимов Влас Лаврович,М,2025,очно-заочная,Физика,"г. Внуково (метеост.), ул. ш. Каштановое, д. 1/5, кв. 124",+72132176720,80.9,,,79.7,,53.9,,64.4,66.0,73.0,True
Юдин Изяслав Будимирович,М,2025,очная,Информатика и вычислительная техника,"клх Северо-Курильск, ул. ул. Пионерская, д. 18, кв. 54",+79111661220,81.2,,71.7,51.3,,61.9,,,61.63333333333333,68.6,True
Архипов Аггей Левович,М,2025,очно-заочная,Экономика,"г. Красноуральск, ул. ш. Энергетиков, д. 38, кв. 244",+79072587339,84.8,,,,57.6,,69.5,61.3,62.79999999999999,71.0,True
Крюкова Галина Родионовна,Ж,2025,заочная,Химия,"к. Бугульма, ул. пер. Индустриальный, д. 8, кв. 208",+70493665380,80.0,71.0,,,57.4,,,80.4,69.60000000000001,73.2,True
Дементьев Филимон Фортунатович,М,2025,очная,Химия,"к. Кировск (Мурм.), ул. наб. Гончарова, д. 48, кв. 151",+77481242114,77.0,78.0,,,74.6,,62.0,,71.53333333333333,71.8,True
Турова Алевтина Радовановна,Ж,2025,очно-заочная,Медицинская биохимия,"г. Поронайск, ул. пр. Рыбацкий, д. 495, кв. 33",+78682509522,77.4,,57.2,,83.9,69.9,,,70.33333333333334,73.9,True
Мамонтов Ростислав Всеславович,М,2025,очно-заочная,Медицинская биохимия,"с. Алапаевск, ул. ш. Ореховое, д. 9/7, кв. 214",84620935561,78.2,,,56.8,,70.4,59.0,,62.06666666666666,68.7,True
Герасимов Онуфрий Моисеевич,М,2025,очная,Медицинская биохимия,"с. Дудинка, ул. пер. Ольховый, д. 9, кв. 170",+73995297013,78.4,66.4,,57.7,,,61.6,,61.900000000000006,66.9,True
Крюкова Октябрина Августовна,Ж,2025,заочная,Информатика и вычислительная техника,"ст. Ершов, ул. пер. Тракторный, д. 418, кв. 40",81243658585,83.0,,86.0,51.1,,58.7,,,65.26666666666667,70.7,True
Блинов Аскольд Марианович,М,2025,заочная,Биология,"к. Карталы, ул. ул. Николаева, д. 7, кв. 138",84230412027,78.9,,,70.2,,,58.6,66.6,65.13333333333334,71.3,False
Морозова Светлана Лавровна,Ж,2025,очная,История,"клх Ребриха, ул. пр. Специалистов, д. 9/1, кв. 157",+76159273874,83.0,,,,62.4,64.0,76.7,,67.7,71.3,True
Ситникова Наталья Касьяновна,Ж,2025,очная,Биология,"к. Муравленко, ул. ш. Новосельское, д. 5/5, кв. 148",+72990716690,78.1,,,78.7,75.5,74.2,,,76.13333333333333,78.3,True
Потапова Эмилия Фирсовна,Ж,2025,очно-заочная,Экономика,"ст. Цимлянск, ул. пр. Герцена, д. 41, кв. 92",83224815542,79.1,60.7,58.9,61.1,,,,,60.23333333333333,65.9,True
Устинов Емельян Болеславович,М,2025,очно-заочная,История,"г. Сосногорск, ул. наб. Чайковского, д. 3, кв. 237",+73403010956,66.6,,,,48.2,,72.4,67.2,62.6,64.4,False
Бобылева Юлия Марковна,Ж,2025,заочная,Химия,"к. Углегорск, ул. бул. Л.Толстого, д. 2, кв. 248",89756491579,84.1,,,62.0,,,71.3,65.9,66.4,74.3,True
Копылова Анастасия Михаиловна,Ж,2025,заочная,Физика,"клх Люберцы, ул. пер. 50 лет Победы, д. 86, кв. 83",85462347124,80.7,,82.6,,65.8,,,76.9,75.1,77.8,True
Макарова Алла Несторовна,Ж,2025,заочная,Физика,"ст. Геленджик, ул. ш. 8-е Марта, д. 5/6, кв. 58",86010801810,84.6,,81.4,72.4,60.2,,,,71.33333333333333,75.6,True
Абрамов Михей Янович,М,2025,очная,Химия,"д. Плесецк, ул. наб. Карла Маркса, д. 556, кв. 228",+70683176417,61.2,59.1,,,,79.8,63.0,,67.3,65.9,False
Громов Андрон Михеевич,М,2025,очная,Прикладная математика,"д. Печенга, ул. пр. Войкова, д. 10, кв. 145",+76808081571,91.1,60.7,,,73.0,,,75.7,69.8,76.6,True
Юдин Демид Федотович,М,2025,очная,Экономика,"к. Темрюк, ул. ш. Воронежское, д. 416, кв. 215",+79015071380,77.8,,42.6,,68.0,,57.5,,56.03333333333333,62.8,True
Шилова Ангелина Елизаровна,Ж,2025,заочная,Физика,"г. Мценск, ул. пер. Шишкина, д. 52, кв. 38",87130735104,85.2,,,81.8,64.3,,,55.9,67.33333333333333,75.6,True
Миронов Всеслав Изяславович,М,2025,заочная,Химия,"д. Лазаревское, ул. ш. Рыбацкое, д. 3, кв. 123",88474362130,72.4,,,40.3,,65.5,74.1,,59.96666666666666,65.3,False
Андреев Тимур Самсонович,М,2025,заочная,Физика,"с. Усть-Калманка, ул. ул. Краснопартизанская, д. 1/2, кв. 206",+79625885766,82.3,,,67.6,,57.3,65.7,,63.53333333333333,70.7,True
Уварова Фаина Епифановна,Ж,2025,заочная,История,"к. Алапаевск, ул. ш. Одесское, д. 94, кв. 2",84703180533,72.3,,84.4,72.8,,,,58.5,71.89999999999999,71.5,True
Маркова Елена Миловановна,Ж,2025,очная,Прикладная математика,"ст. Нальчик, ул. ш. Новосельское, д. 4/6, кв. 204",86274666215,74.9,77.4,,,54.7,,74.2,,68.76666666666667,69.1,False
Овчинников Карл Панфилович,М,2025,очно-заочная,Биология,"с. Ступино, ул. ул. Новоселов, д. 5, кв. 70",81832700046,90.1,,75.7,,,65.4,55.7,,65.60000000000001,72.3,False
Зайцева Ирина Арсениевна,Ж,2025,очная,История,"г. Нефтегорск (Самар.), ул. алл. Сенная, д. 1/7, кв. 125",86145901107,77.5,,48.8,,66.8,,,63.9,59.833333333333336,66.2,False
Коновалов Мокей Радиславович,М,2025,очно-заочная,Биология,"клх Печенга, ул. бул. Придорожный, д. 3/1, кв. 162",87714004938,79.9,,,76.1,,40.0,60.5,,58.86666666666667,67.3,False
Овчинникова Пелагея Степановна,Ж,2025,очно-заочная,Химия,"клх Каргасок, ул. пр. Горького, д. 319, кв. 182",81949053152,83.8,42.1,,,52.2,73.2,,,55.833333333333336,65.8,False
Воронов Виталий Твердиславович,М,2025,очная,Медицинская биохимия,"с. Саянск, ул. бул. Сенной, д. 1, кв. 44",+74998094976,81.6,64.0,,,,,40.0,75.0,59.666666666666664,68.7,True
Мясникова Синклитикия Кузьмовна,Ж,2025,очная,История,"к. Москва, ул. бул. Тамбовский, д. 80, кв. 117",88731379716,79.5,67.0,,,70.3,,,77.9,71.73333333333333,72.6,True
Орехов Радислав Модестович,М,2025,очная,История,"ст. Моршанск, ул. пер. Кленовый, д. 326, кв. 107",89841661237,80.8,84.4,,,53.0,64.0,,,67.13333333333334,71.4,True
Пономарев Артемий Ратмирович,М,2025,заочная,Химия,"п. Шереметьево, ул. наб. Розы Люксембург, д. 9/5, кв. 74",+70779433256,93.0,53.7,68.7,,,61.9,,,61.43333333333334,71.4,False
Федорова Анна Никифоровна,Ж,2025,очная,Химия,"г. Светлогорск (Калин.), ул. пер. Рабочий, д. 6/2, кв. 171",+73899499197,78.3,,,76.3,,,65.0,69.1,70.13333333333334,72.8,True
Дмитриева Дарья Баженовна,Ж,2025,заочная,Экономика,"д. Темрюк, ул. ул. Иванова, д. 6/6, кв. 18",+71426203708,79.8,61.9,,,77.5,,,91.7,77.03333333333335,76.3,True
Сергеева Валентина Кирилловна,Ж,2025,очно-заочная,Прикладная математика,"д. Кяхта, ул. наб. Гаражная, д. 3, кв. 87",88211602041,84.9,,54.3,,,,53.9,70.7,59.633333333333326,70.3,False
Игнатова Валерия Гедеоновна,Ж,2025,очная,Экономика,"клх Волгодонск, ул. пр. Томский, д. 48, кв. 133",81359989897,85.2,83.2,,64.1,,57.0,,,68.10000000000001,73.0,True
Алексеев Сергей Елизарович,М,2025,заочная,Информатика и вычислительная техника,"клх Холмогоры, ул. пр. Городской, д. 8/7, кв. 90",+71170889480,85.7,,,60.0,,74.7,,59.8,64.83333333333333,73.8,True
Селиверстов Спиридон Азариевич,М,2025,заочная,Прикладная математика,"ст. Морозовск, ул. пер. Подгорный, д. 1/6, кв. 84",+78644822175,82.4,63.3,,57.8,,,80.2,,67.10000000000001,72.2,False
Аксенов Куприян Титович,М,2025,заочная,Экономика,"клх Элиста, ул. наб. Союзная, д. 4, кв. 197",88397857082,71.7,,61.8,,,,77.5,51.3,63.53333333333334,68.3,True
Мухина Василиса Милановна,Ж,2025,очная,Биология,"д. Соликамск, ул. бул. 8-е Марта, д. 356, кв. 244",+70480675712,88.4,,,72.3,,,50.6,76.1,66.33333333333333,74.3,True
Зуев Пантелеймон Адрианович,М,2025,очно-заочная,Прикладная математика,"клх Агата, ул. ш. Физкультурное, д. 476, кв. 77",+76914961128,71.7,,71.7,,,77.5,,55.5,68.23333333333333,71.2,False
Пономарев Кузьма Арсениевич,М,2025,очная,Медицинская биохимия,"к. Касимов, ул. наб. Надежды, д. 2/1, кв. 170",89429688276,80.4,,74.4,,,,65.0,65.6,68.33333333333333,70.6,True
Уваров Азарий Игнатиевич,М,2025,заочная,Химия,"г. Горячинск, ул. наб. Калужская, д. 8/4, кв. 197",87040953141,74.1,,78.7,,61.5,60.6,,,66.93333333333332,70.4,False
Юдин Спиридон Маркович,М,2025,очно-заочная,Медицинская биохимия,"д. Кулу, ул. алл. Мостовая, д. 9, кв. 124",86156078327,78.2,,,59.1,70.4,,,57.3,62.26666666666667,69.5,True
Савин Остап Мефодиевич,М,2025,очно-заочная,Информатика и вычислительная техника,"п. Нижний Тагил, ул. наб. Семашко, д. 7, кв. 66",+78835651796,80.6,,,,54.9,,57.2,52.9,55.0,62.5,False
Мартынова Лидия Христофоровна,Ж,2025,очно-заочная,Физика,"п. Неплюевка, ул. наб. Советов, д. 2, кв. 101",+74096496683,80.5,71.7,,,,67.4,,64.6,67.9,70.7,True
Одинцова Светлана Трофимовна,Ж,2025,очно-заочная,Физика,"клх Озеры, ул. пр. Прибрежный, д. 3, кв. 61",+79604784217,81.1,61.0,61.1,,,,67.3,,63.133333333333326,69.1,True
Рыбакова Нинель Лазаревна,Ж,2025,заочная,Биология,"д. Ноябрьск, ул. наб. Тимирязева, д. 895, кв. 192",+72851622593,88.3,,68.7,64.3,79.0,,,,70.66666666666667,78.6,True
Титова Татьяна Левовна,Ж,2025,заочная,История,"ст. Сузун, ул. наб. О.Кошевого, д. 166, кв. 40",84882089348,81.3,,,54.0,63.3,,,46.9,54.73333333333333,64.2,False
Вишняков Данила Казимирович,М,2025,очно-заочная,Медицинская биохимия,"клх Геленджик, ул. ш. Каштановое, д. 3/4, кв. 55",88839062467,77.1,76.1,,,68.9,,72.6,,72.53333333333333,74.2,True
Трофимова Елизавета Мокеевна,Ж,2025,очно-заочная,Экономика,"с. Абинск, ул. наб. Пролетарская, д. 2/5, кв. 103",+78799160911,84.4,75.1,,62.9,,,,63.0,67.0,71.7,True
Мамонтова Ия Анисимовна,Ж,2025,очно-заочная,Физика,"клх Владикавказ, ул. наб. 8-е Марта, д. 4/5, кв. 32",+71319359236,85.7,,61.6,,,79.6,,69.0,70.06666666666666,73.5,True
Казакова Вероника Кондратиевна,Ж,2025,очно-заочная,История,"клх Моршанск, ул. пер. 50 лет Октября, д. 883, кв. 241",+73376052304,71.2,69.7,,,,,68.4,66.0,68.03333333333335,70.4,True
Пестов Ратибор Гуриевич,М,2025,заочная,Физика,"к. Печенга, ул. ул. Красногвардейская, д. 1/4, кв. 156",88816502544,82.2,,,,87.4,61.6,,69.0,72.66666666666667,74.4,True
Стрелков Ян Гостомыслович,М,2025,очно-заочная,Прикладная математика,"г. Ангарск, ул. ул. Бажова, д. 1, кв. 169",82419165034,82.8,75.2,,,,65.1,78.1,,72.8,76.8,True
Дмитриев Терентий Добромыслович,М,2025,очно-заочная,Экономика,"ст. Воронеж, ул. пр. Парковый, д. 8/5, кв. 148",+70966177182,76.8,,,63.0,,67.2,,75.7,68.63333333333333,73.2,True
Дьячков Демид Герасимович,М,2025,очная,История,"с. Урус-Мартан, ул. пр. Водопроводный, д. 6, кв. 175",+79898088067,86.9,58.4,,,,,63.1,40.0,53.833333333333336,64.2,False
Фролов Гостомысл Викторович,М,2025,заочная,Физика,"с. Ельня, ул. ул. Радищева, д. 78, кв. 114",82141746813,77.7,,,,66.2,77.9,63.5,,69.2,72.8,True
Филиппов Андроник Фирсович,М,2025,очно-заочная,История,"клх Красная Поляна, ул. наб. Ивановская, д. 8/4, кв. 95",89266486989,79.4,68.8,,,69.0,,,49.6,62.46666666666667,66.7,False
Быкова Василиса Казимировна,Ж,2025,очно-заочная,Информатика и вычислительная техника,"клх Тулпан, ул. пер. Макаренко, д. 870, кв. 33",+79698748694,77.6,57.2,,67.5,,,,67.4,64.03333333333335,69.2,True
Герасимова Маргарита Елисеевна,Ж,2025,очная,Информатика и вычислительная техника,"д. Углич, ул. алл. Просторная, д. 633, кв. 210",+75594501192,78.7,,,59.3,75.0,,70.1,,68.13333333333334,70.5,True
Рогова Тамара Ананиевна,Ж,2025,очно-заочная,Экономика,"ст. Калязин, ул. пер. Набережный, д. 143, кв. 155",82075360511,72.0,68.0,,,48.3,,76.2,,64.16666666666667,67.9,True
Коновалова Лариса Гедеоновна,Ж,2025,очно-заочная,Химия,"ст. Минеральные Воды, ул. алл. 8-е Марта, д. 4, кв. 111",81603988636,70.0,70.0,,,,70.6,67.9,,69.5,68.9,False
Третьякова Маргарита Тимуровна,Ж,2025,очно-заочная,Биология,"ст. Кимры, ул. наб. Ильича, д. 8/2, кв. 244",83621894559,88.2,66.7,80.9,,,70.4,,,72.66666666666667,78.0,True
Лукина Галина Ладиславовна,Ж,2025,очная,Физика,"д. Апатиты, ул. алл. Заречная, д. 673, кв. 199",+76700099424,73.5,,,60.3,56.6,,63.1,,60.0,65.1,False
Русакова Варвара Акимовна,Ж,2025,заочная,Физика,"ст. Ноглики, ул. пер. Сенной, д. 1/9, кв. 45",89420466489,72.7,,79.0,68.1,,,59.0,,68.7,68.8,False
Тетерин Онуфрий Сигизмундович,М,2025,очная,Экономика,"п. Пушкин, ул. алл. Ермака, д. 2, кв. 37",86760564204,65.7,,69.9,,59.8,,,58.5,62.73333333333333,64.7,True
Блохин Галактион Ратмирович,М,2025,заочная,Прикладная математика,"с. Черкесск, ул. ул. Целинная, д. 42, кв. 204",86577580974,74.8,,,,,56.2,54.1,80.6,63.63333333333333,66.8,False
Степанова Лариса Аверкиевна,Ж,2025,очная,Физика,"г. Кулунда, ул. бул. Ольховый, д. 3, кв. 207",83389062354,70.7,,,68.0,,72.0,51.9,,63.96666666666667,67.0,False
Турова София Сильвестровна,Ж,2025,очная,Медицинская биохимия,"г. Всеволожск, ул. пер. Восьмого Марта, д. 55, кв. 101",86226540165,88.5,,73.2,,,,74.6,60.8,69.53333333333335,74.8,True
Юдин Максимильян Лаврович,М,2025,очно-заочная,Медицинская биохимия,"с. Кулунда, ул. бул. Абрикосовый, д. 6/4, кв. 47",89530062212,84.7,,,,64.8,,58.4,59.6,60.93333333333333,70.0,True
Самсонова Олимпиада Корниловна,Ж,2025,заочная,Медицинская биохимия,"клх Мокшан, ул. наб. Лунная, д. 218, кв. 205",+74276774625,74.5,,,75.4,63.8,69.4,,,69.53333333333333,69.8,True
Харитонова Ульяна Гедеоновна,Ж,2025,заочная,Медицинская биохимия,"г. Катайск, ул. пр. Химиков, д. 18, кв. 176",81601124115,92.1,74.5,,,54.4,,68.0,,65.63333333333334,74.6,True
Артемьева Татьяна Прововна,Ж,2025,заочная,Экономика,"п. Беслан, ул. алл. Сиреневая, д. 77, кв. 132",84886008017,84.5,,,,45.5,74.6,66.4,,62.166666666666664,69.0,True
Пахомов Мартьян Вениаминович,М,2025,заочная,Медицинская биохимия,"ст. Волгодонск, ул. пер. Заливный, д. 2/5, кв. 98",88677823129,76.7,82.8,40.0,,,,56.7,,59.833333333333336,66.7,True
Мясников Самуил Андронович,М,2025,очно-заочная,Информатика и вычислительная техника,"п. Армавир, ул. ул. Лесхозная, д. 43, кв. 83",85704726426,63.6,,70.9,69.0,,,45.0,,61.63333333333333,61.4,False
Ларионова Вера Устиновна,Ж,2025,очно-заочная,Информатика и вычислительная техника,"г. Владимир, ул. ул. Брянская, д. 3/9, кв. 54",+72120384375,92.3,91.0,61.4,57.8,,,,,70.06666666666666,79.4,True
Тимофеев Виктор Акимович,М,2025,очная,Биология,"г. Каменск-Уральский, ул. ул. Тукая, д. 7/5, кв. 120",+76596807852,70.3,75.1,,,,48.5,58.3,,60.633333333333326,65.6,False
Орехов Олег Ефимович,М,2025,очная,История,"г. Хоста, ул. ул. 60 лет СССР, д. 7/2, кв. 249",84824218385,68.7,68.2,,,,57.5,,64.9,63.53333333333334,64.1,False
Ефимов Прокофий Вадимович,М,2025,очно-заочная,Информатика и вычислительная техника,"ст. Смирных, ул. пр. Средний, д. 1, кв. 124",+75400644547,84.7,,66.3,,68.0,,,65.2,66.5,73.3,True
Павлова Лидия Ювеналиевна,Ж,2025,очная,История,"клх Старый Оскол, ул. бул. Песчаный, д. 3/2, кв. 128",82311232748,93.2,,,,56.9,74.6,42.3,,57.93333333333334,68.6,False
Логинов Евлампий Степанович,М,2025,очно-заочная,Биология,"г. Лесной (Сверд.), ул. пер. Геологов, д. 941, кв. 100",87917763342,86.9,45.4,,,75.8,70.8,,,64.0,71.6,False
Шаров Ефрем Клавдиевич,М,2025,заочная,Информатика и вычислительная техника,"г. Кингисепп, ул. ш. Алтайское, д. 5/6, кв. 204",82038862175,82.0,,,,49.3,,60.9,60.4,56.86666666666667,66.5,False
Лебедева Евпраксия Борисовна,Ж,2025,очная,Информатика и вычислительная техника,"к. Эльтон, ул. пр. Павлика Морозова, д. 2, кв. 151",+78019630453,82.2,47.4,58.2,,,,62.4,,56.0,65.8,False
Якушева Синклитикия Прокофиевна,Ж,2025,очно-заочная,Биология,"с. Ахтубинск, ул. наб. Камская, д. 164, кв. 248",+76935882493,83.7,,,65.4,79.8,75.5,,,73.56666666666666,77.6,True
Турова Анна Соломоновна,Ж,2025,заочная,Биология,"клх Амдерма, ул. алл. Победы, д. 25, кв. 181",83400181677,83.2,,43.0,,,72.6,73.0,,62.86666666666667,69.1,False
Григорьев Никодим Селиверстович,М,2025,заочная,История,"клх Белорецк, ул. ул. Верхняя, д. 9, кв. 147",84816524445,80.3,,59.5,62.6,,65.1,,,62.4,68.2,False
Елисеев Лукьян Эрнестович,М,2025,заочная,Химия,"п. Переславль-Залесский, ул. пер. Морской, д. 8/1, кв. 119",+74608385179,79.2,52.3,,,79.8,,,68.2,66.76666666666667,69.5,False
Фокина Раиса Аполлоновна,Ж,2025,очно-заочная,Физика,"п. Геленджик, ул. наб. Лазурная, д. 793, кв. 187",83781053912,78.2,,,64.2,65.6,62.2,,,64.0,69.8,True
Афанасьева Майя Гедеоновна,Ж,2025,очно-заочная,Прикладная математика,"ст. Невьянск, ул. алл. Короленко, д. 222, кв. 109",87884869996,74.1,62.9,57.6,,,,67.1,,62.53333333333333,66.6,False
Фомин Парфен Никандрович,М,2025,очно-заочная,Медицинская биохимия,"д. Тихвин, ул. пр. Осипенко, д. 9, кв. 3",88829045792,76.9,65.5,69.5,,,,,72.9,69.3,72.8,True
Попов Мокей Кондратиевич,М,2025,заочная,Химия,"ст. Шелагонцы, ул. алл. Выгонная, д. 9, кв. 60",81472463019,68.4,,,,75.3,,72.5,55.0,67.60000000000001,66.9,False
Шестакова Любовь Леоновна,Ж,2025,заочная,Физика,"п. Юрьев-Польский, ул. бул. Нижний, д. 865, кв. 62",86424238397,78.0,55.3,,,,73.8,71.6,,66.89999999999999,70.1,True
Уваров Прокофий Феликсович,М,2025,заочная,Прикладная математика,"ст. Вендинга, ул. пр. Чехова, д. 5, кв. 97",+78339121870,72.7,63.1,,,63.9,,,49.0,58.666666666666664,62.9,False
Рябова Анна Прокловна,Ж,2025,очно-заочная,Информатика и вычислительная техника,"ст. Нефтегорск (Самар.), ул. ул. Заводская, д. 51, кв. 13",82932880983,72.0,55.6,77.9,,62.8,,,,65.43333333333334,65.8,False
Брагин Павел Провович,М,2025,очно-заочная,Химия,"п. Урус-Мартан, ул. алл. Севастопольская, д. 695, кв. 132",+72101023200,79.7,64.7,,,,62.6,,73.1,66.8,70.7,False
Сорокина Ия Парамоновна,Ж,2025,очная,Химия,"д. Чегем, ул. ул. Проточная, д. 8, кв. 26",+78676610089,87.0,,,,68.0,73.1,66.6,,69.23333333333333,76.7,True
Кудрявцев Павел Фролович,М,2025,заочная,Экономика,"с. Ведено, ул. ш. Вахитова, д. 630, кв. 106",87610814356,84.1,,,,62.6,,40.6,62.9,55.36666666666667,67.0,True
Беляева Фёкла Гавриловна,Ж,2025,очно-заочная,История,"г. Хоста, ул. наб. Уральская, д. 74, кв. 2",+74038453198,69.2,,88.4,,,40.9,,66.9,65.4,66.8,False
Антонов Емельян Савелиевич,М,2025,очная,Медицинская биохимия,"г. Павловский Посад, ул. наб. Инженерная, д. 4, кв. 62",+77468235469,72.7,66.4,75.6,,77.4,,,,73.13333333333334,72.8,True
Миронова Светлана Артемиевна,Ж,2025,очная,Физика,"с. Устюжна, ул. наб. Пограничная, д. 7/8, кв. 119",81003076205,84.2,71.6,,,,,76.9,92.3,80.26666666666667,79.8,True
Симонов Харлампий Назарович,М,2025,заочная,История,"ст. Биробиджан, ул. ул. Коминтерна, д. 4, кв. 80",+75967150066,72.7,,64.6,,,66.5,,68.9,66.66666666666667,70.3,True
Иванова Анна Осиповна,Ж,2025,заочная,Экономика,"клх Черусти, ул. ш. Смирнова, д. 81, кв. 195",86411065411,77.3,,,58.6,,61.9,,52.0,57.5,62.5,True
Аксенова Ираида Демидовна,Ж,2025,очно-заочная,История,"г. Киренск, ул. алл. Тепличная, д. 7, кв. 192",+74078516994,81.9,,53.7,,64.3,66.8,,,61.6,70.5,True
Суворова Тамара Ферапонтовна,Ж,2025,очная,Биология,"к. Тамбов, ул. наб. 50 лет Октября, д. 904, кв. 72",87089058366,72.8,,,56.3,65.6,,67.8,,63.23333333333333,66.5,False
Медведева Вера Дорофеевна,Ж,2025,заочная,Физика,"д. Медногорск, ул. бул. Октября, д. 91, кв. 24",83482689996,79.2,,,,83.0,100.0,53.4,,78.8,78.3,True
Калинина Марина Фадеевна,Ж,2025,заочная,Медицинская биохимия,"с. Андреаполь, ул. ш. Пугачева, д. 3, кв. 124",+76970838688,70.6,,64.1,,,52.6,68.4,,61.699999999999996,66.5,False
Волков Селиверст Ладиславович,М,2025,очная,Информатика и вычислительная техника,"с. Шадринск, ул. ш. Терешковой, д. 8, кв. 106",89178791505,75.0,55.5,,72.6,53.4,,,,60.5,63.7,False
Антонова Фаина Семеновна,Ж,2025,заочная,Биология,"г. Всеволожск, ул. ул. Леваневского, д. 7/5, кв. 226",86257197609,80.5,,,83.6,76.9,,,74.6,78.36666666666666,79.4,True
Гришин Федот Ростиславович,М,2025,очная,Биология,"к. Льгов, ул. бул. 60 лет Октября, д. 6/8, кв. 39",+72012657898,69.0,,,69.6,,,57.5,77.1,68.06666666666666,68.6,False
Козлова Елена Авдеевна,Ж,2025,очная,Физика,"п. Завьялиха, ул. пр. Союзный, д. 9, кв. 87",+76041809521,81.2,,,60.9,65.4,,,79.8,68.7,72.0,True
Белоусов Герасим Ладимирович,М,2025,заочная,Биология,"клх Аргаяш, ул. ш. Одесское, д. 598, кв. 245",85585177741,78.5,,72.9,,77.1,,57.3,,69.10000000000001,72.1,False
Ильина Олимпиада Константиновна,Ж,2025,очная,Информатика и вычислительная техника,"д. Нижнекамск, ул. бул. Баумана, д. 366, кв. 237",+77469211882,81.9,,,59.4,50.1,,66.8,,58.76666666666667,67.5,False
Борисова Наина Селиверстовна,Ж,2025,очная,Физика,"г. Кежма, ул. пер. Шахтерский, д. 9/8, кв. 9",+71996264222,79.9,57.8,,,,63.9,51.1,,57.599999999999994,66.3,False
Новиков Иннокентий Виссарионович,М,2025,очно-заочная,Прикладная математика,"с. Середниково, ул. пр. Грибоедова, д. 1/4, кв. 146",87589170454,86.8,76.4,58.4,,,74.8,,,69.86666666666667,73.8,False
Горшкова Ирина Артемовна,Ж,2025,очная,История,"п. Октябрьский (Башк.), ул. алл. Минина, д. 3/8, кв. 18",+71854570568,79.4,,,57.0,63.4,52.8,,,57.73333333333333,67.1,False
Кононов Эммануил Митофанович,М,2025,заочная,Информатика и вычислительная техника,"г. Самара, ул. ш. Волочаевское, д. 2, кв. 34",+70922570900,76.0,,,,60.2,77.0,,70.9,69.36666666666666,70.3,True
Трофимов Фома Феофанович,М,2025,очная,Медицинская биохимия,"п. Казань, ул. бул. Спортивный, д. 9/3, кв. 74",+76356407232,79.3,56.0,,65.8,,,73.3,,65.03333333333333,69.0,True
Беспалова Нина Исидоровна,Ж,2025,очная,Химия,"п. Кирово-Чепецк, ул. алл. Тульская, д. 423, кв. 65",+77282895400,81.9,,57.8,62.8,,,77.5,,66.03333333333333,70.6,False
Турова Олимпиада Виссарионовна,Ж,2025,заочная,Информатика и вычислительная техника,"с. Апрелевка, ул. ш. Юности, д. 569, кв. 182",+77882247312,78.9,,66.1,,,,53.1,70.4,63.199999999999996,66.8,False
Копылов Мстислав Фирсович,М,2025,очная,Информатика и вычислительная техника,"клх Агата, ул. пр. Чайковского, д. 63, кв. 113",81685071058,78.8,68.8,78.3,,61.4,,,,69.5,71.2,True
Сазонова Акулина Исидоровна,Ж,2025,очная,Прикладная математика,"к. Дивногорск, ул. пер. Маяковского, д. 628, кв. 63",+71195092711,74.4,,82.0,,82.3,80.5,,,81.60000000000001,81.0,True
Савина Галина Арефиевна,Ж,2025,очная,Информатика и вычислительная техника,"клх Батайск, ул. ул. Кошевого, д. 5, кв. 136",82610537092,74.6,75.0,72.5,,,,,80.4,75.96666666666667,74.7,True
Филиппова Вероника Романовна,Ж,2025,заочная,Информатика и вычислительная техника,"к. Тутончаны, ул. пр. 50 лет Октября, д. 21, кв. 247",+70071695007,70.2,,65.7,,63.2,,57.4,,62.1,63.4,False
Ефимов Всемил Гремиславович,М,2025,очно-заочная,Прикладная математика,"к. Завьялиха, ул. наб. Котовского, д. 3, кв. 136",+71894854329,89.1,,,55.6,,,65.4,61.2,60.73333333333333,69.1,False
Дорофеева Алла Мирославовна,Ж,2025,очно-заочная,Медицинская биохимия,"к. Котлас, ул. пр. Халтурина, д. 3, кв. 94",87698936529,71.1,,74.8,41.6,84.7,,,,67.03333333333335,69.3,True
Калашников Панкрат Мирович,М,2025,очная,Экономика,"ст. Артем, ул. пр. Новостройка, д. 9/7, кв. 8",+74716198273,74.4,74.0,79.1,,,,,59.4,70.83333333333333,73.5,True
Калинин Анисим Кузьмович,М,2025,заочная,Медицинская биохимия,"г. Киржач, ул. бул. Мельничный, д. 41, кв. 228",+78131045025,74.3,71.9,,,,61.4,81.4,,71.56666666666668,71.6,True
Кабанов Тарас Баженович,М,2025,заочная,Прикладная математика,"с. Асино, ул. ул. 40 лет Победы, д. 7/4, кв. 244",89632174357,84.0,67.6,,74.3,55.7,,,,65.86666666666666,70.3,False
Григорьев Софон Добромыслович,М,2025,заочная,Химия,"д. Солнечногорск, ул. пер. Леваневского, д. 88, кв. 52",+78352680648,76.8,,80.9,,59.3,,69.3,,69.83333333333333,71.2,False
Моисеева Антонина Гуриевна,Ж,2025,заочная,Экономика,"к. Ербогачен, ул. ш. Гоголя, д. 7, кв. 45",80673983448,86.1,61.6,,79.2,50.5,,,,63.76666666666667,69.8,True
Маркова София Луковна,Ж,2025,очно-заочная,Физика,"с. Чебоксары, ул. пр. Гоголя, д. 2, кв. 110",83842536462,74.6,,67.3,74.6,,63.8,,,68.56666666666666,69.1,True
Дорофеев Ладислав Митофанович,М,2025,заочная,Биология,"п. Каменномостский, ул. ш. Казанское, д. 170, кв. 83",80550774065,80.3,,78.7,73.8,,,83.1,,78.53333333333333,78.9,True
Лукин Валерий Фокович,М,2025,очно-заочная,Информатика и вычислительная техника,"клх Байкальск, ул. алл. Советов, д. 6, кв. 176",89551562392,73.6,,,,69.8,,61.6,47.2,59.53333333333334,63.4,False
Бирюков Милован Гаврилович,М,2025,очная,Химия,"п. Анива, ул. алл. Большая, д. 617, кв. 77",+79085510740,91.5,68.3,74.7,77.8,,,,,73.60000000000001,79.9,True
Кудрявцев Агап Спартакович,М,2025,очная,Медицинская биохимия,"к. Бомнак, ул. пр. Томский, д. 3/2, кв. 15",81311178619,71.5,,,66.1,,66.8,59.8,,64.23333333333333,65.8,False
Давыдова Ия Святославовна,Ж,2025,заочная,Прикладная математика,"с. Пушкин, ул. алл. Ульянова, д. 1, кв. 200",+72547602206,80.5,,70.6,,62.0,64.1,,,65.56666666666666,72.6,False
Александров Остап Гремиславович,М,2025,заочная,Химия,"к. Златоуст, ул. пр. Никитина, д. 5, кв. 44",85354120122,82.4,80.0,,,,57.6,67.7,,68.43333333333334,74.9,True
Рябов Варфоломей Германович,М,2025,очно-заочная,Физика,"п. Пермь, ул. ул. Мусы Джалиля, д. 5, кв. 189",85950026015,81.1,,67.0,78.1,,,78.5,,74.53333333333333,77.1,True
Поляков Сила Евгениевич,М,2025,очная,Медицинская биохимия,"п. Александровск-Сахалинский, ул. пер. Жуковского, д. 3/4, кв. 177",+75325947950,77.5,,,,52.8,,41.9,51.4,48.699999999999996,58.2,False
Горбачев Федот Степанович,М,2025,очная,Прикладная математика,"с. Тырныауз, ул. бул. Комсомольский, д. 1/2, кв. 222",84071732798,77.8,,79.1,,,51.0,67.7,,65.93333333333334,69.6,False
Кулаков Твердислав Устинович,М,2025,заочная,Прикладная математика,"к. Светлогорск (Калин.), ул. пер. Сенной, д. 72, кв. 125",+75950310064,78.9,,66.2,,44.6,,51.6,,54.13333333333333,62.4,False
Аксенова Валерия Родионовна,Ж,2025,заочная,Химия,"к. Тутончаны, ул. наб. Громова, д. 197, кв. 25",83403910452,77.7,,73.2,61.1,,,,71.0,68.43333333333334,72.6,True
Андреева Анжела Власовна,Ж,2025,очно-заочная,Прикладная математика,"г. Воткинск, ул. пер. Космодемьянской, д. 8/3, кв. 8",+73608941184,84.4,,68.2,,,59.3,,80.6,69.36666666666666,74.4,False
Архипова Акулина Миленовна,Ж,2025,заочная,Прикладная математика,"к. Бугульма, ул. пер. Мельничный, д. 318, кв. 141",81359928553,91.9,,,71.0,91.5,,69.1,,77.2,83.8,True
Пахомова Ксения Митофановна,Ж,2025,очно-заочная,Экономика,"п. Когалым, ул. алл. Учительская, д. 1/5, кв. 148",89520561006,75.3,,44.9,,,73.6,,63.4,60.63333333333333,67.5,True
Зыкова Вера Прововна,Ж,2025,очная,Биология,"ст. Сосновый Бор, ул. пер. 50 лет Октября, д. 29, кв. 88",89900696801,70.4,,57.6,,74.5,,62.7,,64.93333333333334,66.2,False
Галкин Эдуард Мефодиевич,М,2025,заочная,Биология,"к. Гремячинск (Бурят.), ул. ул. Карла Либкнехта, д. 89, кв. 22",86774037842,78.1,,74.1,,70.0,,92.8,,78.96666666666665,78.9,True
Рогова Дарья Лазаревна,Ж,2025,заочная,Химия,"д. Забайкальск, ул. ул. Ульянова, д. 8, кв. 78",+73944953006,94.1,,56.7,62.1,,57.4,,,58.73333333333334,69.5,False
Кононов Алексей Викторинович,М,2025,заочная,Биология,"ст. Минеральные Воды, ул. алл. Горького, д. 4/7, кв. 41",87625503250,73.8,59.8,45.3,,,,71.6,,58.9,62.9,False
Гусева Елена Вячеславовна,Ж,2025,очно-заочная,История,"п. Нефтекамск, ул. пер. Российский, д. 31, кв. 77",+77365426241,88.4,,51.9,,73.4,,,73.7,66.33333333333333,73.7,True
Тимофеева Елизавета Владленовна,Ж,2025,очная,Медицинская биохимия,"клх Североморск, ул. алл. Блюхера, д. 8/3, кв. 226",88429029233,88.7,85.2,,,,,69.6,59.0,71.26666666666667,76.2,True
Титова Евфросиния Богдановна,Ж,2025,очная,Химия,"к. Калевала, ул. бул. Фрунзе, д. 55, кв. 160",+75110090605,75.3,78.1,,,,61.2,65.3,,68.2,72.2,True
Пахомова Наталья Вениаминовна,Ж,2025,очная,Физика,"д. Таганрог, ул. алл. Достоевского, д. 8, кв. 29",+70886843021,82.0,,64.9,66.2,,,46.1,,59.06666666666667,65.7,False
Соколов Бажен Святополкович,М,2025,заочная,Информатика и вычислительная техника,"с. Меренга, ул. алл. Московская, д. 19, кв. 196",+76673290457,88.4,72.1,71.8,87.6,,,,,77.16666666666666,80.9,True
Волкова Нина Евсеевна,Ж,2025,очная,Экономика,"к. Тында, ул. бул. Степной, д. 3, кв. 76",89887592129,76.3,68.6,,,62.8,,63.6,,64.99999999999999,69.4,True
Морозов Велимир Соломонович,М,2025,очная,Биология,"д. Пышма, ул. ул. Совхозная, д. 194, кв. 154",86426033620,77.4,,89.2,48.9,,,51.5,,63.199999999999996,68.9,False
Семенова Феврония Рюриковна,Ж,2025,очная,Экономика,"с. Новгород Великий, ул. пр. Курский, д. 7/3, кв. 74",+77558214770,75.1,77.6,59.8,,,,,64.8,67.39999999999999,69.6,True
Бурова Варвара Ипполитовна,Ж,2025,заочная,История,"с. Онега, ул. бул. Придорожный, д. 55, кв. 153",82071152380,72.5,,,,,74.0,69.2,53.1,65.43333333333332,69.4,True
Голубева Алина Ладиславовна,Ж,2025,заочная,Биология,"г. Кижи, ул. пр. Камский, д. 591, кв. 237",+73621921581,74.7,,73.3,,,68.3,,77.3,72.96666666666665,73.8,True
Симонов Автоном Валериевич,М,2025,очно-заочная,Информатика и вычислительная техника,"г. Назрань, ул. алл. Ульянова, д. 21, кв. 193",89705916118,71.3,,,84.5,,94.4,63.7,,80.86666666666667,77.3,True
Русаков Владилен Эрастович,М,2025,очно-заочная,Информатика и вычислительная техника,"п. Истра, ул. пр. Чехова, д. 647, кв. 108",83855881959,78.8,66.6,,,82.6,,64.9,,71.36666666666666,72.2,True
Сафонова Евфросиния Евстигнеевна,Ж,2025,очно-заочная,Прикладная математика,"г. Бологое, ул. пер. Физкультурный, д. 49, кв. 56",87216880053,74.0,,50.8,67.0,61.5,,,,59.76666666666667,64.6,False
Агафонова Евгения Милиевна,Ж,2025,очно-заочная,Прикладная математика,"д. Тулун, ул. бул. Абрикосовый, д. 5/3, кв. 41",88931869289,80.0,45.6,,,,73.5,72.8,,63.96666666666666,70.9,False
Тарасов Алексей Галактионович,М,2025,очная,Экономика,"ст. Мостовской, ул. пер. Марта 8, д. 8/8, кв. 205",82845401822,69.3,,66.9,67.8,82.0,,,,72.23333333333333,71.7,True
Блохин Клавдий Фокович,М,2025,очно-заочная,Физика,"к. Красная Поляна, ул. ш. Южное, д. 72, кв. 197",82002839482,80.6,73.9,,,74.8,71.9,,,73.53333333333333,77.3,True
Казакова Любовь Гостомысловна,Ж,2025,очно-заочная,Прикладная математика,"клх Малоярославец, ул. пр. Заовражный, д. 6/1, кв. 11",+72204144743,83.6,,,53.1,,59.8,53.4,,55.43333333333334,65.3,False
Гуляева Прасковья Юлиевна,Ж,2025,очно-заочная,Прикладная математика,"п. Шенкурск, ул. пер. Юбилейный, д. 506, кв. 216",+78116599302,66.6,67.6,,,,,61.7,69.0,66.10000000000001,64.7,False
Селезнев Иларион Филаретович,М,2025,заочная,Прикладная математика,"с. Борзя, ул. ш. Труда, д. 3, кв. 116",+72030423227,80.8,,,,62.3,73.7,,63.7,66.56666666666666,69.6,False
Комарова Ангелина Фоковна,Ж,2025,очная,Химия,"п. Мураши, ул. наб. Троицкая, д. 442, кв. 32",85213530281,86.0,,,,51.5,74.7,60.2,,62.13333333333333,69.7,False
Лобанов Агафон Ерофеевич,М,2025,заочная,Биология,"д. Сызрань, ул. пер. Средний, д. 667, кв. 208",85064630059,71.3,63.3,,,83.8,,61.5,,69.53333333333333,70.9,False
Силина Евдокия Кондратовна,Ж,2025,очная,Экономика,"д. Кимры, ул. пер. Курортный, д. 4, кв. 176",+77775691983,88.6,,,66.1,,,55.4,70.3,63.93333333333334,73.7,True
Мясникова Глафира Тимофеевна,Ж,2025,очно-заочная,Химия,"д. Ангарск, ул. наб. Суворова, д. 39, кв. 203",+71029161746,81.1,,52.5,66.4,,,,73.0,63.96666666666667,69.1,False
Туров Аверкий Валерьянович,М,2025,заочная,Химия,"п. Токма, ул. пр. Минский, д. 8, кв. 51",80298310438,74.4,63.7,,71.3,62.5,,,,65.83333333333333,68.8,False
Русаков Ермил Силантиевич,М,2025,очная,Экономика,"ст. Тихорецк, ул. ул. Черноморская, д. 80, кв. 60",+71966229131,78.3,,,,,76.6,79.2,67.4,74.4,75.4,True
Громова Олимпиада Харитоновна,Ж,2025,заочная,Информатика и вычислительная техника,"к. Кош-Агач, ул. бул. Снежный, д. 723, кв. 80",87080568566,81.9,,66.7,,65.8,,,58.7,63.73333333333333,69.7,True
Быков Доброслав Вацлавович,М,2025,заочная,Прикладная математика,"ст. Инта, ул. алл. Кирова, д. 5/1, кв. 163",80636219865,79.1,,89.6,,,56.9,75.3,,73.93333333333334,74.7,True
Щукина Евгения Миновна,Ж,2025,очная,Физика,"п. Серпухов, ул. алл. Горная, д. 63, кв. 12",80494440766,81.8,69.8,,70.0,62.2,,,,67.33333333333333,70.9,True
Родионов Натан Ермилович,М,2025,очная,Информатика и вычислительная техника,"г. Петропавловск-Камчатский, ул. ул. Кедровая, д. 62, кв. 25",+74933965049,73.1,,52.4,59.3,,,55.4,,55.699999999999996,60.6,False
Данилов Софон Орестович,М,2025,очно-заочная,Химия,"с. Верхний Уфалей, ул. наб. 70 лет Октября, д. 9, кв. 220",82732262611,79.6,,67.8,,87.2,,53.9,,69.63333333333334,71.3,False
Мишин Вениамин Лонгинович,М,2025,очно-заочная,История,"г. Черусти, ул. наб. Интернациональная, д. 3, кв. 39",+72436258542,70.1,,,,59.3,73.6,64.8,,65.89999999999999,66.2,False
Абрамов Владилен Венедиктович,М,2025,очно-заочная,История,"к. Палана, ул. наб. Кирпичная, д. 399, кв. 96",+78808799196,77.9,,,72.5,,58.9,,67.2,66.2,68.3,False
Кузьмина Регина Серафимовна,Ж,2025,заочная,Медицинская биохимия,"ст. Верхний Баскунчак, ул. алл. Ломоносова, д. 18, кв. 241",+73419964338,73.2,,69.4,67.2,,66.1,,,67.56666666666668,70.0,True
Крюкова Майя Константиновна,Ж,2025,очно-заочная,Прикладная математика,"ст. Томпа, ул. ул. Социалистическая, д. 15, кв. 90",83247250583,74.2,,66.1,,,58.2,74.5,,66.26666666666667,68.3,False
Молчанов Федосий Андронович,М,2025,очная,Прикладная математика,"клх Минеральные Воды, ул. пер. Краснопартизанский, д. 297, кв. 86",+73430311587,86.0,,53.7,,,70.5,,65.9,63.366666666666674,73.2,False
Большакова Анжелика Семеновна,Ж,2025,заочная,Информатика и вычислительная техника,"ст. Можайск, ул. наб. Минина, д. 466, кв. 45",80545769475,85.1,62.7,91.5,,,62.2,,,72.13333333333333,75.4,True
Блинова Валерия Кондратиевна,Ж,2025,очная,Информатика и вычислительная техника,"к. Поярково, ул. алл. Северная, д. 2/7, кв. 35",86945353659,82.3,,,,49.2,68.0,68.1,,61.76666666666667,68.3,True
Моисеева Оксана Леонтиевна,Ж,2025,заочная,Физика,"клх Уварово, ул. бул. Радищева, д. 4/6, кв. 34",84669861634,72.0,,,,79.5,53.7,63.1,,65.43333333333332,67.2,False
Цветкова Нинель Фадеевна,Ж,2025,очная,Физика,"ст. Абакан, ул. пр. Спартака, д. 550, кв. 40",+71254508095,76.7,,56.5,,,,66.6,77.7,66.93333333333334,68.4,False
Калинина Надежда Пахомовна,Ж,2025,очная,История,"к. Шереметьево, ул. пер. Добролюбова, д. 7, кв. 153",84815269255,85.9,63.0,,70.8,,,65.8,,66.53333333333335,74.7,True
Гордеева Евдокия Архиповна,Ж,2025,очно-заочная,История,"с. Буйнакск, ул. наб. Окружная, д. 16, кв. 234",86647213074,79.5,54.8,59.2,,,,68.1,,60.699999999999996,65.4,False
Субботин Савелий Модестович,М,2025,очно-заочная,Экономика,"клх Чусовой, ул. ул. Приозерная, д. 714, кв. 188",+73591426140,92.5,67.4,,,,65.3,66.6,,66.43333333333332,77.3,True
Попова Дарья Селиверстовна,Ж,2025,заочная,Химия,"ст. Белогорск (Амур.), ул. бул. Полтавский, д. 97, кв. 135",+78933261454,81.0,,,76.0,71.7,65.9,,,71.2,76.2,True
Афанасьев Василий Порфириевич,М,2025,очно-заочная,Прикладная математика,"д. Шадринск, ул. алл. Партизанская, д. 7, кв. 169",+70796373100,79.8,70.3,,54.2,,,,64.7,63.06666666666666,69.1,False
Прохорова Регина Бориславовна,Ж,2025,заочная,История,"с. Королев, ул. пер. Торговый, д. 9/8, кв. 182",81785221158,76.7,60.3,,,,,74.5,57.1,63.96666666666667,68.6,False
Баранов Виссарион Николаевич,М,2025,очная,История,"г. Тулун, ул. ш. К.Маркса, д. 1/6, кв. 161",81845235426,79.4,74.5,60.9,70.0,,,,,68.46666666666667,72.9,True
Шубина Милица Харлампиевна,Ж,2025,заочная,Физика,"клх Чокурдах, ул. пр. Герцена, д. 9/9, кв. 195",87447017320,77.7,,,,61.2,,64.7,70.1,65.33333333333333,69.2,True
Гришина Валентина Давыдовна,Ж,2025,очная,Прикладная математика,"с. Сосьва (Хант.), ул. алл. Строительная, д. 872, кв. 41",86523777296,82.8,,,,,72.8,62.0,66.3,67.03333333333335,73.1,False
Громова Ангелина Евстафиевна,Ж,2025,очная,Медицинская биохимия,"клх Усть-Камчатск, ул. ул. Ленина, д. 3/4, кв. 118",85633701400,84.3,59.8,,,72.7,,85.1,,72.53333333333333,74.8,True
Медведев Мартьян Чеславович,М,2025,очная,Медицинская биохимия,"к. Радужный, ул. наб. Пролетарская, д. 9/4, кв. 187",82781055800,73.9,,,,75.0,,60.3,55.9,63.73333333333334,65.5,False
Ильина Милица Игоревна,Ж,2025,заочная,Экономика,"д. Кизел, ул. ул. Ушакова, д. 9/6, кв. 27",+72722142573,70.6,,63.9,67.9,91.9,,,,74.56666666666668,73.0,True
Владимиров Парамон Сигизмундович,М,2025,заочная,Химия,"к. Листвянка (Иркут.), ул. пер. Логовой, д. 8/2, кв. 67",+76094391368,67.6,72.3,,,65.2,,,58.1,65.2,66.2,False
Фадеев Клавдий Фомович,М,2025,очно-заочная,Медицинская биохимия,"с. Кулу, ул. пер. Парковый, д. 7/9, кв. 132",+77203136955,81.6,,,65.5,,63.8,,41.7,57.0,67.2,True
Дорофеева Феврония Нифонтовна,Ж,2025,очно-заочная,Экономика,"с. Объячево, ул. ул. Энтузиастов, д. 2/2, кв. 109",+78620929735,72.0,,,,,77.8,71.5,56.7,68.66666666666667,68.3,True
Мухина Людмила Эрастовна,Ж,2025,очная,Медицинская биохимия,"к. Рыбинск, ул. ул. 60 лет Октября, д. 7, кв. 54",+75953322273,65.7,,58.4,,59.7,,50.0,,56.03333333333333,60.7,False
Мартынова Милица Сократовна,Ж,2025,очная,Физика,"п. Верхний Уфалей, ул. пер. Сосновый, д. 4/3, кв. 5",83899204573,80.9,,,62.8,,69.9,,52.3,61.666666666666664,67.2,False
Куликов Клавдий Радованович,М,2025,заочная,Прикладная математика,"п. Нижнекамск, ул. пер. Новоселов, д. 6/4, кв. 62",83236618507,93.6,84.4,,,,72.0,60.1,,72.16666666666667,79.2,True
Ильин Велимир Ипатиевич,М,2025,очно-заочная,Физика,"клх Сосновый Бор, ул. пр. Тульский, д. 731, кв. 127",81087082697,78.6,47.2,67.5,,,,58.0,,57.56666666666666,64.2,False
Чернова Пелагея Игнатиевна,Ж,2025,заочная,Информатика и вычислительная техника,"г. Чулым, ул. ш. Приморское, д. 2/6, кв. 73",+78236010712,83.6,,64.3,65.4,,64.8,,,64.83333333333333,71.0,True
Новикова Вера Валерьяновна,Ж,2025,заочная,Физика,"клх Елатьма, ул. ул. Пушкинская, д. 14, кв. 36",81583882176,79.1,,67.6,66.3,76.1,,,,69.99999999999999,71.8,True
Никонова Алла Артемовна,Ж,2025,заочная,Прикладная математика,"ст. Любань, ул. наб. Ломоносова, д. 505, кв. 152",+78467357422,78.0,,61.3,,46.6,,68.2,,58.70000000000001,65.5,False
Ларионов Сигизмунд Александрович,М,2025,очная,Медицинская биохимия,"д. Ахтубинск, ул. бул. Снежный, д. 7/8, кв. 61",+73222801944,84.1,58.4,,86.8,,,62.7,,69.3,75.7,True
Щербаков Денис Эрнестович,М,2025,очная,Экономика,"п. Минеральные Воды, ул. пр. Фестивальный, д. 4/1, кв. 52",+75892225606,76.9,,60.2,,68.2,66.7,,,65.03333333333335,69.0,True
Степанова Лидия Лазаревна,Ж,2025,очно-заочная,Экономика,"п. Тула, ул. алл. Привокзальная, д. 209, кв. 75",+79535063731,80.2,,,80.8,58.5,,47.0,,62.1,68.4,True
Ефремова Юлия Валериевна,Ж,2025,очная,Физика,"к. Ербогачен, ул. пер. Дзержинского, д. 80, кв. 178",+78046741307,80.5,,64.2,,77.6,62.2,,,68.0,73.8,True
